{"loss":{"0":51.1918182373,"1":49.5099334717,"2":47.9028282166,"3":46.3401641846,"4":44.8333320618,"5":43.3689079285,"6":41.9362068176,"7":40.5541877747,"8":39.21326828,"9":37.92735672,"10":36.6382865906,"11":35.4113121033,"12":34.2111473083,"13":33.0774726868,"14":31.9091644287,"15":30.8106079102,"16":29.7556056976,"17":28.719329834,"18":27.7101020813,"19":26.7079563141,"20":25.7574424744,"21":24.836019516,"22":23.9478626251,"23":23.0527992249,"24":22.2015895844,"25":21.3592453003,"26":20.5728416443,"27":19.7829704285,"28":19.0395011902,"29":18.2979793549,"30":17.5584430695,"31":16.863817215,"32":16.1928501129,"33":15.5354814529,"34":14.9150028229,"35":14.2858495712,"36":13.700501442,"37":13.1100692749,"38":12.5502157211,"39":12.0154800415,"40":11.4819660187,"41":10.9798755646,"42":10.4935483932,"43":10.0309085846,"44":9.5649309158,"45":9.1253290176,"46":8.7064666748,"47":8.2850027084,"48":7.8964619637,"49":7.5241508484,"50":7.143204689,"51":6.7935419083,"52":6.4571123123,"53":6.1249418259,"54":5.8349380493,"55":5.5212659836,"56":5.2407665253,"57":4.9689135551,"58":4.7034687996,"59":4.4578456879,"60":4.2164435387,"61":3.9846625328,"62":3.7670123577,"63":3.5576295853,"64":3.3725979328,"65":3.1766455173,"66":3.0044944286,"67":2.8209869862,"68":2.6813511848,"69":2.5333707333,"70":2.3943941593,"71":2.2473089695,"72":2.1300783157,"73":2.0112307072,"74":1.9037913084,"75":1.7967723608,"76":1.7038276196,"77":1.6077151299,"78":1.5259069204,"79":1.4504480362,"80":1.3777700663,"81":1.3070651293,"82":1.2446938753,"83":1.1854028702,"84":1.1308009624,"85":1.0876275301,"86":1.0428311825,"87":1.0053430796,"88":0.9529656172,"89":0.9351474643,"90":0.9025532007,"91":0.8723431826,"92":0.8482148051,"93":0.8298591971,"94":0.8117933869,"95":0.7902492881},"acc":{"0":0.5344161987,"1":0.5569059253,"2":0.5544070601,"3":0.5632666945,"4":0.5599727631,"5":0.5547478199,"6":0.5667878389,"7":0.5664470792,"8":0.5608814359,"9":0.5515674949,"10":0.5655384064,"11":0.5631530881,"12":0.5634938478,"13":0.553271234,"14":0.5743979812,"15":0.5757610202,"16":0.5657655597,"17":0.5645161271,"18":0.5600863099,"19":0.5704225302,"20":0.5666742325,"21":0.5630395412,"22":0.5609949827,"23":0.5708768964,"24":0.5671285987,"25":0.5712176561,"26":0.5706496835,"27":0.556678772,"28":0.5604270697,"29":0.5638346076,"30":0.5757610202,"31":0.5674693584,"32":0.5683780313,"33":0.5715583563,"34":0.5661063194,"35":0.5698546171,"36":0.5632666945,"37":0.571899116,"38":0.5682644248,"39":0.5754202604,"40":0.5783734918,"41":0.571331203,"42":0.571331203,"43":0.567923665,"44":0.5788277984,"45":0.5792821646,"46":0.5624716282,"47":0.5733757615,"48":0.5701953769,"49":0.5681508183,"50":0.5721263289,"51":0.5790549517,"52":0.5739436746,"53":0.5846206546,"54":0.5653111935,"55":0.580645144,"56":0.5789414048,"57":0.5792821646,"58":0.5830304623,"59":0.5849613547,"60":0.5795093179,"61":0.5845070481,"62":0.5872330666,"63":0.5841662884,"64":0.5839391351,"65":0.5879145861,"66":0.5879145861,"67":0.6048387289,"68":0.5920036435,"69":0.5856428742,"70":0.5825760961,"71":0.5862107873,"72":0.5914357305,"73":0.5878009796,"74":0.5892776251,"75":0.5880281925,"76":0.5889368653,"77":0.5971149206,"78":0.5918900371,"79":0.5907542109,"80":0.5884824991,"81":0.5940481424,"82":0.6017719507,"83":0.5971149206,"84":0.6024534106,"85":0.6013175845,"86":0.5939345956,"87":0.5874602199,"88":0.600636065,"89":0.5910949707,"90":0.5931394696,"91":0.5938209891,"92":0.6066560745,"93":0.6033620834,"94":0.5999545455,"95":0.6031349301},"auc":{"0":0.5532441139,"1":0.5826028585,"2":0.5769430399,"3":0.5859405398,"4":0.5810979605,"5":0.5837857723,"6":0.5889681578,"7":0.5953018665,"8":0.5896759033,"9":0.5803937912,"10":0.5954837203,"11":0.5924702883,"12":0.5964761972,"13":0.5769307613,"14":0.6042253971,"15":0.6035106182,"16":0.5973843336,"17":0.591955781,"18":0.588886857,"19":0.6073396802,"20":0.5987045765,"21":0.5946769714,"22":0.5876121521,"23":0.5993949771,"24":0.5978934169,"25":0.6092454791,"26":0.5987296104,"27":0.5934871435,"28":0.5858771801,"29":0.58951509,"30":0.6043819785,"31":0.6014953852,"32":0.602955699,"33":0.6050649285,"34":0.5985642672,"35":0.6052764654,"36":0.5999844074,"37":0.6033633947,"38":0.6039584875,"39":0.6058575511,"40":0.609193325,"41":0.6081124544,"42":0.6072950363,"43":0.597624898,"44":0.6070008278,"45":0.6092156172,"46":0.6018451452,"47":0.6122121811,"48":0.6086774468,"49":0.6053835154,"50":0.6122579575,"51":0.6155074835,"52":0.6126526594,"53":0.6235462427,"54":0.6027939916,"55":0.6189073324,"56":0.617996335,"57":0.6147023439,"58":0.6192581654,"59":0.6216498613,"60":0.6204019785,"61":0.6237071753,"62":0.6274521351,"63":0.626581192,"64":0.6220963597,"65":0.6278288364,"66":0.6291493177,"67":0.644618392,"68":0.6264083385,"69":0.6241954565,"70":0.6220570207,"71":0.6310886145,"72":0.6312185526,"73":0.6257449389,"74":0.6306843758,"75":0.6327608824,"76":0.6303688288,"77":0.6360270381,"78":0.6320900917,"79":0.6350266337,"80":0.6333668232,"81":0.6370880008,"82":0.6380237341,"83":0.637670517,"84":0.6435719728,"85":0.6406843066,"86":0.6375852823,"87":0.6345878839,"88":0.6487956643,"89":0.6341607571,"90":0.6408858299,"91":0.6433445215,"92":0.6504846215,"93":0.6450139284,"94":0.64429003,"95":0.6479862332},"val_loss":{"0":50.079750061,"1":48.4533538818,"2":46.9050369263,"3":45.3763504028,"4":43.9415092468,"5":42.5159912109,"6":41.1221046448,"7":39.7930183411,"8":38.4559631348,"9":37.1912384033,"10":35.9233703613,"11":34.7210578918,"12":33.5520248413,"13":32.386390686,"14":31.2700176239,"15":30.1873474121,"16":29.1238040924,"17":28.0978984833,"18":27.0915298462,"19":26.1109313965,"20":25.161649704,"21":24.2459106445,"22":23.3575439453,"23":22.4961280823,"24":21.6588459015,"25":20.8429012299,"26":20.0505924225,"27":19.2813682556,"28":18.5312614441,"29":17.8031902313,"30":17.099363327,"31":16.419883728,"32":15.7549686432,"33":15.1110038757,"34":14.4909553528,"35":13.8830480576,"36":13.298169136,"37":12.7316541672,"38":12.1810045242,"39":11.6496276855,"40":11.1287717819,"41":10.6329269409,"42":10.150970459,"43":9.6903934479,"44":9.2408924103,"45":8.8065710068,"46":8.3917360306,"47":7.9892506599,"48":7.6057453156,"49":7.2365059853,"50":6.8792524338,"51":6.5388445854,"52":6.212896347,"53":5.9014019966,"54":5.6036343575,"55":5.3154220581,"56":5.0433397293,"57":4.7739415169,"58":4.5223193169,"59":4.2956113815,"60":4.0791473389,"61":3.8733587265,"62":3.6633338928,"63":3.4779958725,"64":3.2836890221,"65":3.0998618603,"66":2.9454722404,"67":2.786257267,"68":2.6324186325,"69":2.492651701,"70":2.3540585041,"71":2.2283205986,"72":2.1206142902,"73":1.9901330471,"74":1.9042360783,"75":1.8083707094,"76":1.7034096718,"77":1.6256401539,"78":1.5465506315,"79":1.494561553,"80":1.4322818518,"81":1.3571196795,"82":1.3042749166,"83":1.243798852,"84":1.2210233212,"85":1.1701731682,"86":1.1251401901,"87":1.0731954575,"88":1.0561404228,"89":1.0273991823,"90":1.0257954597,"91":0.9919437766,"92":0.9471802711,"93":1.0253993273,"94":1.0053062439,"95":0.9709492326},"val_acc":{"0":0.6353315115,"1":0.6294277906,"2":0.6053587794,"3":0.6130790114,"4":0.5526793599,"5":0.5358764529,"6":0.5440508723,"7":0.5249772668,"8":0.5404177904,"9":0.5349681973,"10":0.541326046,"11":0.5381471515,"12":0.5317893028,"13":0.5458673835,"14":0.5445050001,"15":0.5526793599,"16":0.5563124418,"17":0.559491396,"18":0.5640326738,"19":0.5799273252,"20":0.5853769183,"21":0.584014535,"22":0.5876476169,"23":0.581743896,"24":0.5808355808,"25":0.580381453,"26":0.5794731975,"27":0.5785649419,"28":0.5794731975,"29":0.5844686627,"30":0.5794731975,"31":0.5772025585,"32":0.5781108141,"33":0.5831062794,"34":0.5753859878,"35":0.5772025585,"36":0.5785649419,"37":0.5781108141,"38":0.5808355808,"39":0.5849227905,"40":0.5944595933,"41":0.5921888947,"42":0.5990009308,"43":0.5949137211,"44":0.5976384878,"45":0.6012715697,"46":0.5999091864,"47":0.6021798253,"48":0.5990009308,"49":0.5994550586,"50":0.6012715697,"51":0.5953678489,"52":0.5890100002,"53":0.5862851739,"54":0.5753859878,"55":0.5767484307,"56":0.5658492446,"57":0.5753859878,