{"loss":{"0":51.4708480835,"1":48.0124053955,"2":44.7770805359,"3":41.7345848083,"4":38.8818855286,"5":36.1888694763,"6":33.6664276123,"7":31.2691192627,"8":29.0232429504,"9":26.8936271667,"10":24.8921775818,"11":23.0070877075,"12":21.2196941376,"13":19.5479755402,"14":17.9763278961,"15":16.5010414124,"16":15.1064796448,"17":13.8050537109,"18":12.5851564407,"19":11.4431667328,"20":10.3947114944,"21":9.4006280899,"22":8.4917602539,"23":7.65102005,"24":6.8713312149,"25":6.1560788155,"26":5.5024991035,"27":4.8998456001,"28":4.3516898155,"29":3.8614289761,"30":3.4093453884,"31":3.0094900131,"32":2.6473107338,"33":2.3338022232,"34":2.0507051945,"35":1.8118623495,"36":1.5946820974,"37":1.4106969833,"38":1.2506196499,"39":1.1132553816,"40":1.0043789148,"41":0.9106869698,"42":0.8316612244,"43":0.7665092349,"44":0.715803504,"45":0.6762510538,"46":0.6503511071,"47":0.6245065331,"48":0.6068241,"49":0.5989332199,"50":0.5892053246,"51":0.5809653997,"52":0.5748771429,"53":0.5730708241,"54":0.565813303,"55":0.5712941289},"acc":{"0":0.5619888306,"1":0.5960569978,"2":0.6183719039,"3":0.6342956424,"4":0.6522775292,"5":0.6667388678,"6":0.6721009612,"7":0.6888912916,"8":0.6979905963,"9":0.7133727074,"10":0.7142934799,"11":0.7146725655,"12":0.7248009443,"13":0.7258300185,"14":0.7259383798,"15":0.7275090814,"16":0.7290256023,"17":0.7321128845,"18":0.7341710329,"19":0.7357417345,"20":0.73541677,"21":0.7420246005,"22":0.7392081618,"23":0.7389373183,"24":0.7412663102,"25":0.7405080199,"26":0.7409413457,"27":0.7427287102,"28":0.744461894,"29":0.7470616698,"30":0.749553144,"31":0.7463575602,"32":0.7487407327,"33":0.7494448423,"34":0.7534528375,"35":0.7456534505,"36":0.7499322891,"37":0.7542653084,"38":0.7524779439,"39":0.7544819117,"40":0.7530736923,"41":0.7526404262,"42":0.7552943826,"43":0.7563776374,"44":0.7539402843,"45":0.7570275664,"46":0.7574067116,"47":0.75946486,"48":0.760060668,"49":0.7595732212,"50":0.7595190406,"51":0.7596815228,"52":0.7616855502,"53":0.7637978792,"54":0.7634187341,"55":0.7602231503},"auc":{"0":0.552321732,"1":0.566146791,"2":0.5726934671,"3":0.5810126066,"4":0.5802866817,"5":0.591196537,"6":0.583063066,"7":0.5976837873,"8":0.5950957537,"9":0.5998035669,"10":0.6016819477,"11":0.6007441282,"12":0.6084147692,"13":0.6056662798,"14":0.6027646065,"15":0.5960441828,"16":0.6045820713,"17":0.6068652272,"18":0.6093938947,"19":0.6184596419,"20":0.6077246666,"21":0.6201287508,"22":0.6173793077,"23":0.6112928987,"24":0.6169794202,"25":0.6157681346,"26":0.6153031588,"27":0.6182211637,"28":0.6243065596,"29":0.6218948364,"30":0.6222063899,"31":0.6285835505,"32":0.6345959902,"33":0.6254912615,"34":0.6308392286,"35":0.6211991906,"36":0.6278453469,"37":0.6277284622,"38":0.6292366385,"39":0.6341787577,"40":0.6332039833,"41":0.6304992437,"42":0.6336513758,"43":0.6343329549,"44":0.6391141415,"45":0.6385883093,"46":0.6319428682,"47":0.6405080557,"48":0.6425668001,"49":0.6352915764,"50":0.6390694976,"51":0.6411828995,"52":0.6476590037,"53":0.6458510756,"54":0.6534329653,"55":0.6418275833},"val_loss":{"0":49.5311508179,"1":46.3568077087,"2":43.2513465881,"3":40.3201789856,"4":37.5378684998,"5":34.9456329346,"6":32.4790878296,"7":30.1676712036,"8":27.9241809845,"9":25.8464584351,"10":23.8881092072,"11":22.0581569672,"12":20.3348083496,"13":18.7165031433,"14":17.1911640167,"15":15.7596693039,"16":14.4152622223,"17":13.163851738,"18":12.0125999451,"19":10.9228477478,"20":9.9179525375,"21":8.9913625717,"22":8.1312675476,"23":7.3460197449,"24":6.6035733223,"25":5.9424967766,"26":5.3376932144,"27":4.7676177025,"28":4.2563147545,"29":3.8013761044,"30":3.365105629,"31":3.0584445,"32":2.7209734917,"33":2.420848608,"34":2.1355648041,"35":1.9180711508,"36":1.727632761,"37":1.5703325272,"38":1.3918678761,"39":1.2549130917,"40":1.1324131489,"41":1.0567090511,"42":0.959017694,"43":0.9009171128,"44":0.8470020294,"45":0.8085580468,"46":0.75592345,"47":0.7586052418,"48":0.7200239301,"49":0.7279311419,"50":0.6948873401,"51":0.6910996437,"52":0.6613798738,"53":0.684130609,"54":0.6636494398,"55":0.6901516318},"val_acc":{"0":0.6800259948,"1":0.5509098768,"2":0.5660745502,"3":0.5617417693,"4":0.5922877192,"5":0.5812391639,"6":0.5866551399,"7":0.5860052109,"8":0.6670277119,"9":0.7003899217,"10":0.7307192087,"11":0.7354852557,"12":0.7387348413,"13":0.7268197536,"14":0.7298526764,"15":0.7272530198,"16":0.7328855991,"17":0.7237868309,"18":0.6741767526,"19":0.6581456065,"20":0.6351819634,"21":0.6057192087,"22":0.5875216722,"23":0.539211452,"24":0.5400779843,"25":0.4761698544,"26":0.4200606644,"27":0.4209271967,"28":0.3947140276,"29":0.3721837103,"30":0.4035961926,"31":0.3240901232,"32":0.323223561,"33":0.323656857,"34":0.336221844,"35":0.3568024337,"36":0.3275563121,"37":0.3126083314,"38":0.3340554535,"39":0.3451039791,"40":0.3639514744,"41":0.3561525047,"42":0.413778156,"43":0.4198440313,"44":0.4636048675,"45":0.4870017469,"46":0.5868717432,"47":0.5262131691,"48":0.6044194102,"49":0.5459272265,"50":0.6215338111,"51":0.6172010303,"52":0.6860918403,"53":0.6308492422,"54":0.6663778424,"55":0.6061525345},"val_auc":{"0":0.6608748436,"1":0.6649681926,"2":0.6644462347,"3":0.6658492088,"4":0.6664496064,"5":0.6668614745,"6":0.6679139137,"7":0.6680473089,"8":0.6684180498,"9":0.6685077548,"10":0.6686713099,"11":0.6689022183,"12":0.6693158746,"13":0.6691647768,"14":0.6692539454,"15":0.6690983176,"16":0.6694173813,"17":0.6697124243,"18":0.6707923412,"19":0.6712801456,"20":0.6718116999,"21":0.6729208231,"22":0.6734547615,"23":0.6733824015,"24":0.67423594,"25":0.674500227,"26":0.6746070385,"27":0.6754423976,"28":0.6757731438,"29":0.6762521267,"30":0.6778684855,"31":0.677773118,"32":0.6779613495,"33":0.6781411767,"34":0.6778696775,"35":0.675008297,"36":0.6756061912,"37":0.680701375,"38":0.679091692,"39":0.6790497899,"40":0.6794689894,"41":0.6792950034,"42":0.6776814461,"43":0.6787229776,"44":0.6765378714,"45":0.6769025326,"46":0.6769120693,"47":0.6756837368,"48":0.6762360334,"49":0.6764911413,"50":0.6750146151,"51":0.676692605,"52":0.6758121252,"53":0.6748666167,"54":0.6762410998,"55":0.6768941879}}