{"loss":{"0":51.780456543,"1":48.3114013672,"2":45.0446281433,"3":42.0092277527,"4":39.1460723877,"5":36.4423866272,"6":33.8991928101,"7":31.5117492676,"8":29.2428684235,"9":27.1144542694,"10":25.1054439545,"11":23.2141132355,"12":21.429271698,"13":19.751411438,"14":18.1700611115,"15":16.6762466431,"16":15.2878580093,"17":13.9802246094,"18":12.7565059662,"19":11.6154260635,"20":10.5381879807,"21":9.5546827316,"22":8.6281003952,"23":7.7859325409,"24":6.9875640869,"25":6.2655143738,"26":5.6125349998,"27":5.0066618919,"28":4.4510703087,"29":3.9403579235,"30":3.485629797,"31":3.0818374157,"32":2.7105026245,"33":2.3897900581,"34":2.099344492,"35":1.8493896723,"36":1.6297991276,"37":1.4291900396,"38":1.2684241533,"39":1.1309525967,"40":1.0111200809,"41":0.9098387957,"42":0.8346331716,"43":0.7628720999,"44":0.7165566087,"45":0.6740171313,"46":0.6441434026,"47":0.6190521717,"48":0.6025394201,"49":0.5923000574,"50":0.5813174248,"51":0.5795432925,"52":0.5744021535,"53":0.5741584897,"54":0.5721306801,"55":0.5701629519},"acc":{"0":0.5039809346,"1":0.5323078632,"2":0.5680008531,"3":0.5839245915,"4":0.6054812074,"5":0.6203217506,"6":0.6403617859,"7":0.6523317099,"8":0.6694470048,"9":0.6816877127,"10":0.6882413626,"11":0.6949033141,"12":0.7016736269,"13":0.7073065042,"14":0.70990628,"15":0.7190597653,"16":0.7202513218,"17":0.7200888395,"18":0.7195472121,"19":0.7262091637,"20":0.7305963039,"21":0.7289173007,"22":0.7353084683,"23":0.7329252958,"24":0.7350376248,"25":0.7370958328,"26":0.7361208797,"27":0.7328711748,"28":0.7385581732,"29":0.7414287925,"30":0.7403455377,"31":0.7377999425,"32":0.7424578667,"33":0.7416454554,"34":0.7419162393,"35":0.7415912747,"36":0.7425120473,"37":0.7476574779,"38":0.7441369295,"39":0.7463575602,"40":0.747386694,"41":0.7483615875,"42":0.7477657795,"43":0.7512322068,"44":0.751611352,"45":0.7500947714,"46":0.7562151551,"47":0.7536695004,"48":0.7554026842,"49":0.7546985745,"50":0.7583274841,"51":0.7542653084,"52":0.7556193471,"53":0.7554026842,"54":0.7571358681,"55":0.7606022954},"auc":{"0":0.5466305017,"1":0.5599830151,"2":0.577906549,"3":0.5727779865,"4":0.5771644115,"5":0.5785243511,"6":0.5867491961,"7":0.582516253,"8":0.5964517593,"9":0.5989638567,"10":0.5948964357,"11":0.5955888033,"12":0.5961316824,"13":0.5951068997,"14":0.5964143276,"15":0.604311347,"16":0.597364068,"17":0.6035106182,"18":0.5994548202,"19":0.6005369425,"20":0.6145108938,"21":0.6054002643,"22":0.6143263578,"23":0.6053081751,"24":0.6206424236,"25":0.6157690287,"26":0.6037575006,"27":0.6045378447,"28":0.6075493693,"29":0.6167573333,"30":0.6193472743,"31":0.6119834781,"32":0.6229895353,"33":0.6159942746,"34":0.6202645302,"35":0.6191715002,"36":0.6147431731,"37":0.626437366,"38":0.6245617867,"39":0.6197946072,"40":0.625441134,"41":0.6276143789,"42":0.6252297163,"43":0.6340484023,"44":0.626793623,"45":0.6287128329,"46":0.627399683,"47":0.632075429,"48":0.6336538792,"49":0.6323676705,"50":0.6341524124,"51":0.6298611164,"52":0.6295595765,"53":0.6295640469,"54":0.6291286945,"55":0.6310845017},"val_loss":{"0":49.7610702515,"1":46.3686752319,"2":43.2766990662,"3":40.316204071,"4":37.5600204468,"5":34.9507598877,"6":32.5005111694,"7":30.1902580261,"8":28.0092315674,"9":25.9525985718,"10":24.0183677673,"11":22.2005939484,"12":20.4807910919,"13":18.8595485687,"14":17.3323383331,"15":15.9100694656,"16":14.5663433075,"17":13.3134260178,"18":12.1502962112,"19":11.0395679474,"20":10.031080246,"21":9.07147789,"22":8.1916952133,"23":7.3754782677,"24":6.6356415749,"25":5.967543602,"26":5.3240461349,"27":4.7552714348,"28":4.2261004448,"29":3.7617907524,"30":3.3402979374,"31":2.9453775883,"32":2.5869572163,"33":2.2887892723,"34":2.0301117897,"35":1.8218103647,"36":1.6245703697,"37":1.4455338717,"38":1.2858293056,"39":1.1490653753,"40":1.0489519835,"41":0.9732649922,"42":0.8868570328,"43":0.8367177844,"44":0.7865926623,"45":0.766001761,"46":0.7242229581,"47":0.7100198865,"48":0.7135817409,"49":0.6880821586,"50":0.6938987374,"51":0.6810135841,"52":0.678766489,"53":0.6801611781,"54":0.6846963167,"55":0.6909949183},"val_acc":{"0":0.6592287421,"1":0.7298526764,"2":0.7279029489,"3":0.7478336096,"4":0.749350071,"5":0.7625650167,"6":0.7671144009,"7":0.7645147443,"8":0.772313714,"9":0.7751299739,"10":0.7742634416,"11":0.7736135125,"12":0.7740467787,"13":0.7755632401,"14":0.7746967077,"15":0.7744800448,"16":0.7744800448,"17":0.7720970511,"18":0.7712305188,"19":0.7712305188,"20":0.7697140574,"21":0.7705805898,"22":0.7699306607,"23":0.7690641284,"24":0.766897738,"25":0.7629982829,"26":0.7647313476,"27":0.7634315491,"28":0.7623483539,"29":0.762131691,"30":0.762131691,"31":0.762131691,"32":0.7632148862,"33":0.762131691,"34":0.762131691,"35":0.762131691,"36":0.762131691,"37":0.762131691,"38":0.762131691,"39":0.762131691,"40":0.762131691,"41":0.762131691,"42":0.762131691,"43":0.762131691,"44":0.762131691,"45":0.762131691,"46":0.762131691,"47":0.762131691,"48":0.762131691,"49":0.762131691,"50":0.762131691,"51":0.762131691,"52":0.762131691,"53":0.762131691,"54":0.762131691,"55":0.762131691},"val_auc":{"0":0.6721841097,"1":0.6731812954,"2":0.6723105907,"3":0.6733642817,"4":0.6768065691,"5":0.6770782471,"6":0.677515626,"7":0.6787735224,"8":0.6794794798,"9":0.6807801723,"10":0.6802191138,"11":0.681334734,"12":0.6815413237,"13":0.6819435358,"14":0.68258816,"15":0.6824121475,"16":0.6823906898,"17":0.6828978658,"18":0.6825460196,"19":0.6829859614,"20":0.6825884581,"21":0.6826784611,"22":0.6813305616,"23":0.6825689077,"24":0.6827759147,"25":0.6817647219,"26":0.6812534332,"27":0.6837332249,"28":0.6861255169,"29":0.6851257682,"30":0.685520649,"31":0.6849181056,"32":0.6852657795,"33":0.6856460571,"34":0.6860632896,"35":0.6854786277,"36":0.684214294,"37":0.6861639023,"38":0.6880087256,"39":0.6858559847,"40":0.6875941753,"41":0.6867733598,"42":0.6867366433,"43":0.6869169474,"44":0.6859763861,"45":0.6805000305,"46":0.6846442223,"47":0.6858537197,"48":0.686435461,"49":0.6869502068,"50":0.6849925518,"51":0.687338829,"52":0.6895172,"53":0.68618083,"54":0.6887117624,"55":0.6856051087}}