{"loss":{"0":81.4673843384,"1":71.4707565308,"2":62.540473938,"3":54.4676208496,"4":47.1806678772,"5":40.5966949463,"6":34.6712646484,"7":29.3799762726,"8":24.6674499512,"9":20.526304245,"10":16.8955173492,"11":13.7478656769,"12":11.0470342636,"13":8.7618894577,"14":6.8380231857,"15":5.267911911,"16":4.0032954216,"17":2.994022131,"18":2.2152175903,"19":1.6444211006,"20":1.2277746201,"21":0.9544078708,"22":0.7800976038,"23":0.6771457791,"24":0.6202408671,"25":0.5921625495,"26":0.5622354746,"27":0.5462188721,"28":0.5369775891,"29":0.5159879923,"30":0.498108387,"31":0.483834058,"32":0.4722994864,"33":0.457682848},"acc":{"0":0.5788333416,"1":0.6710177064,"2":0.717055738,"3":0.7494448423,"4":0.7772843242,"5":0.8005199432,"6":0.8211016655,"7":0.8388669491,"8":0.8649190068,"9":0.872826755,"10":0.8857715726,"11":0.8963873982,"12":0.9059199691,"13":0.9065698981,"14":0.9199479818,"15":0.9227644205,"16":0.9225478172,"17":0.9263933301,"18":0.9312679172,"19":0.9334344268,"20":0.9395006299,"21":0.9390131831,"22":0.9416129589,"23":0.942858696,"24":0.9449168444,"25":0.9458376169,"26":0.9521746039,"27":0.9541244507,"28":0.9509830475,"29":0.9555868506,"30":0.9575366974,"31":0.9594323635,"32":0.9599739909,"33":0.9614905715},"auc":{"0":0.5999386311,"1":0.7053147554,"2":0.7455810905,"3":0.7768161297,"4":0.7955925465,"5":0.8133348227,"6":0.8318271637,"7":0.8468753695,"8":0.8664667606,"9":0.8716337681,"10":0.881298542,"11":0.8907922506,"12":0.9026690722,"13":0.9047586322,"14":0.9146947861,"15":0.9193974733,"16":0.9205086827,"17":0.9253493547,"18":0.930894196,"19":0.9357326031,"20":0.9372138977,"21":0.9438855648,"22":0.9455597997,"23":0.9455270171,"24":0.9510442615,"25":0.9511464834,"26":0.9549841285,"27":0.9584252834,"28":0.9569624662,"29":0.9617120028,"30":0.9630951881,"31":0.9649720192,"32":0.9655112624,"33":0.9697742462},"val_loss":{"0":76.1216583252,"1":66.7513656616,"2":58.2750892639,"3":50.6493186951,"4":43.7434082031,"5":37.5023460388,"6":31.9319934845,"7":26.9892597198,"8":22.6087875366,"9":18.7708206177,"10":15.390668869,"11":12.5283241272,"12":10.0612001419,"13":7.928249836,"14":6.2228765488,"15":4.8426728249,"16":3.6716713905,"17":2.8046815395,"18":2.1482853889,"19":1.6796901226,"20":1.3443446159,"21":1.2059804201,"22":1.0284869671,"23":0.9306841493,"24":0.9205583334,"25":0.8821803927,"26":0.919519186,"27":0.8800893426,"28":0.8309259415,"29":0.8771354556,"30":0.8250989318,"31":0.8390324116,"32":0.8530515432,"33":0.8392247558},"val_acc":{"0":0.7616984248,"1":0.8048093319,"2":0.8234401941,"3":0.8208405375,"4":0.8245233893,"5":0.8271230459,"6":0.8253899217,"7":0.8262565136,"8":0.8262565136,"9":0.8301559687,"10":0.826906383,"11":0.8256065845,"12":0.8238734603,"13":0.8305892348,"14":0.8312391639,"15":0.8273397088,"16":0.8329722881,"17":0.8331888914,"18":0.832539022,"19":0.8303726315,"20":0.8349220157,"21":0.823656857,"22":0.8314558268,"23":0.8338388205,"24":0.8303726315,"25":0.8329722881,"26":0.8240901232,"27":0.8301559687,"28":0.8327556252,"29":0.8290727735,"30":0.83167243,"31":0.8305892348,"32":0.8288561702,"33":0.8321056962},"val_auc":{"0":0.7388604879,"1":0.7845523357,"2":0.8044415712,"3":0.8079534769,"4":0.8150991201,"5":0.7837482691,"6":0.7845444679,"7":0.8003528118,"8":0.7843641639,"9":0.7967487574,"10":0.7742735744,"11":0.7966107726,"12":0.7918109894,"13":0.7849684954,"14":0.7853850126,"15":0.7966123819,"16":0.7704865932,"17":0.7868919373,"18":0.7923750877,"19":0.7820304036,"20":0.7844472528,"21":0.7928056717,"22":0.7902406454,"23":0.7881762981,"24":0.7859628201,"25":0.7849269509,"26":0.784856081,"27":0.7861912847,"28":0.7797070146,"29":0.786344409,"30":0.7834943533,"31":0.7832832336,"32":0.7872154117,"33":0.7859638333}}