{"loss":{"0":81.5758590698,"1":71.5954666138,"2":62.6768684387,"3":54.6155548096,"4":47.326965332,"5":40.7433700562,"6":34.8105621338,"7":29.5103988647,"8":24.7996006012,"9":20.6451187134,"10":17.0097637177,"11":13.8560218811,"12":11.1433238983,"13":8.8408603668,"14":6.9209842682,"15":5.328517437,"16":4.0588831902,"17":3.0406637192,"18":2.2617871761,"19":1.6770656109,"20":1.2655636072,"21":0.9749917984,"22":0.7957122326,"23":0.6849951744,"24":0.6260033846,"25":0.5898451805,"26":0.5682538748,"27":0.5443487167,"28":0.5224610567,"29":0.5062875152,"30":0.4907964766,"31":0.4696574211,"32":0.4529001117,"33":0.4410721064,"34":0.4260015488,"35":0.4111719131,"36":0.398892194,"37":0.3858977854,"38":0.3688457906,"39":0.358838141,"40":0.3468881249,"41":0.3406803608},"acc":{"0":0.637382865,"1":0.7270216346,"2":0.7605481148,"3":0.7810214758,"4":0.7981368303,"5":0.8198559284,"6":0.8442289829,"7":0.8585820198,"8":0.8751015663,"9":0.8845258355,"10":0.8949791193,"11":0.9066781998,"12":0.9111195207,"13":0.9230894446,"14":0.9285056591,"15":0.9376049638,"16":0.9370091558,"17":0.9397172928,"18":0.9464334249,"19":0.9497373104,"20":0.9511997104,"21":0.9562909603,"22":0.957590878,"23":0.9588907361,"24":0.9613822103,"25":0.9601906538,"26":0.9625737667,"27":0.9670692682,"28":0.9673401117,"29":0.9677191973,"30":0.9693982601,"31":0.9707522988,"32":0.9714022875,"33":0.9722688794,"34":0.9728105068,"35":0.9740562439,"36":0.9760602117,"37":0.9749228358,"38":0.9767102003,"39":0.977468431,"40":0.9788766503,"41":0.97741431},"auc":{"0":0.6285806894,"1":0.7323640585,"2":0.7676877975,"3":0.7952340841,"4":0.8150616884,"5":0.834327817,"6":0.861995697,"7":0.8772228956,"8":0.8888231516,"9":0.9005272388,"10":0.9096546173,"11":0.915299654,"12":0.926271677,"13":0.933457613,"14":0.9399220347,"15":0.9458110332,"16":0.9460026026,"17":0.9546798468,"18":0.957310915,"19":0.9618375301,"20":0.9632905126,"21":0.9686435461,"22":0.9684613943,"23":0.9708461761,"24":0.970985055,"25":0.9762862921,"26":0.9747339487,"27":0.976752758,"28":0.9799753428,"29":0.9799911976,"30":0.9790445566,"31":0.981730938,"32":0.9826301932,"33":0.9829405546,"34":0.9848259687,"35":0.9853518009,"36":0.9860671759,"37":0.9865903854,"38":0.9894375801,"39":0.9886543155,"40":0.9897167683,"41":0.9885143042},"val_loss":{"0":76.2072525024,"1":66.8626937866,"2":58.4290046692,"3":50.8183326721,"4":43.906627655,"5":37.6809921265,"6":32.1465110779,"7":27.1670894623,"8":22.8066959381,"9":18.9216518402,"10":15.5375051498,"11":12.6435432434,"12":10.2056379318,"13":8.1423768997,"14":6.4197845459,"15":4.9888272285,"16":3.8933854103,"17":3.00248909,"18":2.328546524,"19":1.812510848,"20":1.5045044422,"21":1.2588423491,"22":1.122531414,"23":1.0868799686,"24":1.0297715664,"25":1.0012356043,"26":1.0238472223,"27":0.9765534997,"28":0.9742663503,"29":0.944801271,"30":0.9439141154,"31":0.9473164082,"32":0.9523437023,"33":0.8917623758,"34":0.8966452479,"35":0.8753783703,"36":0.8890910745,"37":0.9555435777,"38":0.8365986943,"39":0.8887199163,"40":0.8937242627,"41":0.8729224205},"val_acc":{"0":0.8260398507,"1":0.8286395073,"2":0.8338388205,"3":0.8303726315,"4":0.823656857,"5":0.831022501,"6":0.8221403956,"7":0.8286395073,"8":0.8199740052,"9":0.8249566555,"10":0.8286395073,"11":0.828422904,"12":0.8290727735,"13":0.8273397088,"14":0.8264731169,"15":0.8243067861,"16":0.818240881,"17":0.8258232474,"18":0.827772975,"19":0.8249566555,"20":0.8225736618,"21":0.8288561702,"22":0.8273397088,"23":0.8303726315,"24":0.827772975,"25":0.8282062411,"26":0.8251733184,"27":0.8286395073,"28":0.8238734603,"29":0.8253899217,"30":0.8295060396,"31":0.8223569989,"32":0.8238734603,"33":0.8282062411,"34":0.8264731169,"35":0.8262565136,"36":0.8260398507,"37":0.8115251064,"38":0.8266897798,"39":0.823656857,"40":0.8154246211,"41":0.8158578873},"val_auc":{"0":0.7563266158,"1":0.7873882651,"2":0.7806593776,"3":0.7678194642,"4":0.8008658886,"5":0.7958799601,"6":0.79700315,"7":0.7928318977,"8":0.790266037,"9":0.79030931,"10":0.7859300375,"11":0.7881997824,"12":0.7817637324,"13":0.7901571989,"14":0.7883159518,"15":0.7771160603,"16":0.7866954803,"17":0.7875874043,"18":0.7833971977,"19":0.7725675106,"20":0.7836282253,"21":0.7720384598,"22":0.7705541849,"23":0.776648283,"24":0.774503231,"25":0.7826865911,"26":0.780790925,"27":0.7762695551,"28":0.7738486528,"29":0.7669508457,"30":0.7757673264,"31":0.7780097723,"32":0.7848446369,"33":0.7744062543,"34":0.7759566307,"35":0.7607674599,"36":0.7809457779,"37":0.790158987,"38":0.755816102,"39":0.7753146887,"40":0.7720766068,"41":0.7721418738}}