{"loss":{"0":81.2158126831,"1":71.2536010742,"2":62.3560752869,"3":54.2965660095,"4":47.0275611877,"5":40.4558105469,"6":34.5475654602,"7":29.2533111572,"8":24.5568561554,"9":20.4110183716,"10":16.7839431763,"11":13.6379117966,"12":10.9355297089,"13":8.64112854,"14":6.7297263145,"15":5.1503510475,"16":3.8738892078,"17":2.8608257771,"18":2.0781812668,"19":1.5054411888,"20":1.0887725353,"21":0.8083251715,"22":0.6411571503,"23":0.5292943716,"24":0.4690624774,"25":0.4379902482,"26":0.4180336893,"27":0.397626251,"28":0.3905723989,"29":0.3693030477,"30":0.35990116,"31":0.3433050215,"32":0.3289353848,"33":0.3184383512,"34":0.3087230325,"35":0.2954198718,"36":0.284111172,"37":0.2784243822,"38":0.2662629783,"39":0.2593717277},"acc":{"0":0.7221469879,"1":0.7849753499,"2":0.798895061,"3":0.82142663,"4":0.8333964944,"5":0.8482911587,"6":0.8584195375,"7":0.8747766018,"8":0.8864215016,"9":0.8973622918,"10":0.9045117497,"11":0.9126902223,"12":0.9220061898,"13":0.9281806946,"14":0.9309971333,"15":0.9340843558,"16":0.9377132654,"17":0.9437794685,"18":0.9484915733,"19":0.9478957653,"20":0.9509288669,"21":0.9549910426,"22":0.9531495571,"23":0.9580241442,"24":0.9605697989,"25":0.9599739909,"26":0.9623029828,"27":0.9650111198,"28":0.9621946812,"29":0.9648486376,"30":0.9644694924,"31":0.9654985666,"32":0.9689108133,"33":0.968152523,"34":0.9662568569,"35":0.9677191973,"36":0.9703731537,"37":0.9689108133,"38":0.9701023698,"39":0.9691815972},"auc":{"0":0.6409677267,"1":0.7431313396,"2":0.7763388157,"3":0.8131015301,"4":0.8323469162,"5":0.8516446352,"6":0.8700190783,"7":0.8915375471,"8":0.9046338201,"9":0.9155851603,"10":0.9268707037,"11":0.9331932068,"12":0.9415689111,"13":0.9487298727,"14":0.9514615536,"15":0.9581532478,"16":0.9620268345,"17":0.9644417763,"18":0.9695407152,"19":0.9702749252,"20":0.9750623107,"21":0.9758328199,"22":0.9737105966,"23":0.9786526561,"24":0.9811295271,"25":0.9823824167,"26":0.9818351269,"27":0.9843600988,"28":0.9840422273,"29":0.9860883951,"30":0.9846439362,"31":0.9873780608,"32":0.9869240522,"33":0.9877437353,"34":0.988638401,"35":0.9900701046,"36":0.990046382,"37":0.989295125,"38":0.990724802,"39":0.9922555685},"val_loss":{"0":75.9224777222,"1":66.5701293945,"2":58.1397705078,"3":50.523601532,"4":43.6218719482,"5":37.4266052246,"6":31.8568496704,"7":26.8969707489,"8":22.527545929,"9":18.6854972839,"10":15.3193836212,"11":12.4441461563,"12":9.9614982605,"13":7.8817148209,"14":6.1844134331,"15":4.7712144852,"16":3.6703419685,"17":2.7600874901,"18":2.1221585274,"19":1.6121624708,"20":1.2939349413,"21":1.0843529701,"22":0.9563833475,"23":0.904258132,"24":0.8600141406,"25":0.8255301118,"26":0.8071702719,"27":0.7922627926,"28":0.7904651761,"29":0.8214280605,"30":0.7733291388,"31":0.7879410386,"32":0.7866862416,"33":0.7544088364,"34":0.7439155579,"35":0.7651312947,"36":0.7108567357,"37":0.7396584153,"38":0.7148781419,"39":0.7497851253},"val_acc":{"0":0.8260398507,"1":0.8349220157,"2":0.8334055543,"3":0.8373050094,"4":0.8338388205,"5":0.8321056962,"6":0.8414211273,"7":0.8353552818,"8":0.8305892348,"9":0.8383882046,"10":0.8240901232,"11":0.8331888914,"12":0.8329722881,"13":0.8383882046,"14":0.8260398507,"15":0.8303726315,"16":0.8219237328,"17":0.8344887495,"18":0.8323223591,"19":0.8243067861,"20":0.8295060396,"21":0.832539022,"22":0.8299393654,"23":0.8299393654,"24":0.8353552818,"25":0.8271230459,"26":0.8312391639,"27":0.8349220157,"28":0.8286395073,"29":0.8303726315,"30":0.8336221576,"31":0.8314558268,"32":0.8331888914,"33":0.8375216722,"34":0.8362218142,"35":0.8292894363,"36":0.8377382755,"37":0.8355719447,"38":0.8347053528,"39":0.8288561702},"val_auc":{"0":0.7767806053,"1":0.7861862183,"2":0.8095961809,"3":0.7999433279,"4":0.8091382384,"5":0.7939271331,"6":0.8014813662,"7":0.7956706285,"8":0.7974609733,"9":0.7878841162,"10":0.7984896898,"11":0.7953203321,"12":0.7802904844,"13":0.7826241255,"14":0.7917115092,"15":0.7812729478,"16":0.7879055142,"17":0.7803924084,"18":0.7731040716,"19":0.7695644498,"20":0.7847446203,"21":0.7718770504,"22":0.7724833488,"23":0.7716337442,"24":0.7700277567,"25":0.7687276602,"26":0.7780017853,"27":0.7793498039,"28":0.7692643404,"29":0.7690329552,"30":0.7605112195,"31":0.7620805502,"32":0.7716761827,"33":0.7604566216,"34":0.7649327517,"35":0.7709815502,"36":0.7605768442,"37":0.7689836025,"38":0.7633702755,"39":0.7604587674}}