{"loss":{"0":81.7214736938,"1":71.696395874,"2":62.7453231812,"3":54.6586151123,"4":47.3498497009,"5":40.74376297,"6":34.8142814636,"7":29.5050582886,"8":24.791261673,"9":20.6371250153,"10":16.9837741852,"11":13.8412818909,"12":11.1335105896,"13":8.8409748077,"14":6.9090399742,"15":5.325545311,"16":4.0483403206,"17":3.0413537025,"18":2.2605156898,"19":1.6807383299,"20":1.2633838654,"21":0.9874638319,"22":0.7995808125,"23":0.6889958978,"24":0.6421685815,"25":0.6004260778,"26":0.5799408555,"27":0.5596304536,"28":0.5407016873,"29":0.5266624093,"30":0.5023023486,"31":0.4880253077},"acc":{"0":0.5863077641,"1":0.6845041513,"2":0.7263175249,"3":0.7570817471,"4":0.7803173661,"5":0.806640327,"6":0.8208850026,"7":0.8408709168,"8":0.8539782166,"9":0.8622109294,"10":0.8795428872,"11":0.8833342195,"12":0.8895087242,"13":0.8963873982,"14":0.9039701223,"15":0.9119861126,"16":0.9129068851,"17":0.9171857238,"18":0.9204896092,"19":0.9247684479,"20":0.9299138784,"21":0.9274765849,"22":0.9356009364,"23":0.9399880767,"24":0.9371174574,"25":0.9441586137,"26":0.9436169863,"27":0.9437252879,"28":0.9489248991,"29":0.9494665265,"30":0.950658083,"31":0.9535828233},"auc":{"0":0.6166747808,"1":0.7170625329,"2":0.7459974289,"3":0.7667483091,"4":0.7866346836,"5":0.8069810867,"6":0.816079855,"7":0.8390665054,"8":0.8473596573,"9":0.8554348946,"10":0.8791002035,"11":0.8771908283,"12":0.8891392946,"13":0.8949582577,"14":0.9041490555,"15":0.9095488787,"16":0.9176008105,"17":0.9194767475,"18":0.9270788431,"19":0.9283736944,"20":0.9334505796,"21":0.9324725866,"22":0.9424059391,"23":0.9475539923,"24":0.9461436868,"25":0.9502410889,"26":0.9536669254,"27":0.9577443004,"28":0.9583109617,"29":0.9596210718,"30":0.9642900229,"31":0.9670642614},"val_loss":{"0":76.362663269,"1":66.9949569702,"2":58.479133606,"3":50.81483078,"4":43.869758606,"5":37.6652450562,"6":32.064491272,"7":27.1032829285,"8":22.6886501312,"9":18.8226337433,"10":15.5045814514,"11":12.5610303879,"12":10.0588521957,"13":8.0036678314,"14":6.2907524109,"15":4.8483724594,"16":3.7355690002,"17":2.8166940212,"18":2.23858881,"19":1.6969681978,"20":1.3491250277,"21":1.1553542614,"22":1.0450307131,"23":0.9599689841,"24":0.9528155923,"25":0.8943716288,"26":0.8945820332,"27":0.8707775474,"28":0.8330604434,"29":0.8686804771,"30":0.8598709702,"31":0.8462132812},"val_acc":{"0":0.80610919,"1":0.8160745502,"2":0.8297227025,"3":0.835788548,"4":0.835788548,"5":0.8329722881,"6":0.832539022,"7":0.8314558268,"8":0.8396880627,"9":0.8355719447,"10":0.8264731169,"11":0.8351386189,"12":0.8375216722,"13":0.8331888914,"14":0.8318890929,"15":0.8355719447,"16":0.8312391639,"17":0.8368717432,"18":0.828422904,"19":0.8334055543,"20":0.83167243,"21":0.8282062411,"22":0.8219237328,"23":0.8286395073,"24":0.823006928,"25":0.832539022,"26":0.83167243,"27":0.8323223591,"28":0.8362218142,"29":0.8256065845,"30":0.8279895782,"31":0.8305892348},"val_auc":{"0":0.7664563656,"1":0.7471653223,"2":0.7779657245,"3":0.7906756997,"4":0.7985396981,"5":0.8017606735,"6":0.8074479699,"7":0.8033326864,"8":0.7914752364,"9":0.7978708744,"10":0.7943214178,"11":0.7806973457,"12":0.7801872492,"13":0.7858304977,"14":0.7902866602,"15":0.7831423283,"16":0.776847899,"17":0.781570673,"18":0.7884331942,"19":0.7856624126,"20":0.7792933583,"21":0.7888475657,"22":0.7811182737,"23":0.7883532047,"24":0.7877202034,"25":0.7835956812,"26":0.7753955126,"27":0.7871053219,"28":0.7801687717,"29":0.7852914929,"30":0.7903519869,"31":0.7838622332}}