,precision_mean,precision_std,precision_sem,recall_mean,recall_std,recall_sem,f1-score_mean,f1-score_std,f1-score_sem,occurences_mean,occurences_std,occurences_sem
argument,0.8512374651611534,0.006775840691622367,0.00303024807823536,0.9401227665060192,0.006304181015343737,0.002819315458554448,0.8934636779076897,0.0055635609489667415,0.0024881000957705742,4371.2,29.961642144582036,13.399253710561602
other,0.7228248478391592,0.016249057717804893,0.007266799525465867,0.4865919887708796,0.02018155862540356,0.009025467395659915,0.581411975764718,0.0157627254063778,0.0070493051038647515,1398.8,29.96164214458211,13.399253710561636
accuracy,0.8301906412478337,0.007994280520222998,0.003575150934884201,0.8301906412478337,0.007994280520222998,0.003575150934884201,0.8301906412478337,0.007994280520222998,0.003575150934884201,0.8301906412478337,0.007994280520222998,0.003575150934884201
macro avg,0.7870311565001563,0.01074644957041028,0.004805958351242159,0.7133573776384494,0.009779317055390715,0.004373443541875343,0.7374378268362038,0.009902387972689301,0.004428482529301921,5770.0,0.0,0.0
weighted avg,0.8200649230703885,0.008923483855628833,0.003990703299461598,0.8301906412478337,0.007994280520222998,0.003575150934884201,0.8178111657992144,0.008592694143473188,0.0038427696429340756,5770.0,0.0,0.0
