{"loss":{"0":81.6894302368,"1":71.6601791382,"2":62.7185707092,"3":54.6688613892,"4":47.3563766479,"5":40.7627182007,"6":34.8329849243,"7":29.5364875793,"8":24.8236598969,"9":20.6702537537,"10":17.0399589539,"11":13.8793725967,"12":11.1709251404,"13":8.8735790253,"14":6.9385857582,"15":5.3576226234,"16":4.0890545845,"17":3.0681433678,"18":2.2959308624,"19":1.7063177824,"20":1.2930431366,"21":1.0093923807,"22":0.8237293363,"23":0.7238693237,"24":0.6622834206,"25":0.6294359565,"26":0.608614862,"27":0.5844644308,"28":0.5677514076,"29":0.5574277639,"30":0.5315769315,"31":0.5159894824,"32":0.5030920506,"33":0.4876556396},"acc":{"0":0.5499647856,"1":0.6468613148,"2":0.6943616867,"3":0.7164599299,"4":0.748686552,"5":0.7762551904,"6":0.796728611,"7":0.8153063059,"8":0.8346964121,"9":0.8424957991,"10":0.8540323973,"11":0.867410481,"12":0.8792720437,"13":0.8868006468,"14":0.9018036127,"15":0.9053241611,"16":0.9041867256,"17":0.9174565077,"18":0.9175648689,"19":0.9193522334,"20":0.9280182123,"21":0.928776443,"22":0.9378215671,"23":0.9361967444,"24":0.938688159,"25":0.9417212605,"26":0.9409088492,"27":0.9489248991,"28":0.9462709427,"29":0.9467583895,"30":0.9528245926,"31":0.9537453055,"32":0.9549910426,"33":0.9566701055},"auc":{"0":0.594504118,"1":0.6948479414,"2":0.7383944392,"3":0.7498214245,"4":0.7858419418,"5":0.8008027077,"6":0.8202927113,"7":0.830060482,"8":0.8440436125,"9":0.8540401459,"10":0.8650773764,"11":0.8695091605,"12":0.8825376034,"13":0.8869212866,"14":0.8996537924,"15":0.9039458632,"16":0.909860909,"17":0.9159980416,"18":0.9199838638,"19":0.928175211,"20":0.9307219982,"21":0.9363862276,"22":0.9390768409,"23":0.9422380924,"24":0.9453505874,"25":0.9471395016,"26":0.9485602379,"27":0.9539309144,"28":0.9584624767,"29":0.9587455988,"30":0.9632909298,"31":0.963749826,"32":0.964645505,"33":0.9664480686},"val_loss":{"0":76.2445526123,"1":66.8491439819,"2":58.4232559204,"3":50.7315406799,"4":43.8738250732,"5":37.630645752,"6":32.0800743103,"7":27.1315422058,"8":22.7078361511,"9":18.9133110046,"10":15.5136985779,"11":12.5978517532,"12":10.1739034653,"13":8.0864601135,"14":6.3334960938,"15":4.9908413887,"16":3.7846298218,"17":2.9439613819,"18":2.3583271503,"19":1.7957801819,"20":1.4732464552,"21":1.2522208691,"22":1.1892184019,"23":1.0368697643,"24":0.9961640835,"25":1.0460276604,"26":0.9787500501,"27":0.9572432041,"28":0.9524317384,"29":1.0067538023,"30":0.9246149063,"31":0.9860759377,"32":0.9730467796,"33":0.9449918866},"val_acc":{"0":0.7714471221,"1":0.8262565136,"2":0.8301559687,"3":0.8383882046,"4":0.8347053528,"5":0.836438477,"6":0.8336221576,"7":0.8351386189,"8":0.8349220157,"9":0.828422904,"10":0.8321056962,"11":0.8292894363,"12":0.8308058977,"13":0.8286395073,"14":0.8323223591,"15":0.8256065845,"16":0.8344887495,"17":0.827772975,"18":0.8219237328,"19":0.83167243,"20":0.8308058977,"21":0.8279895782,"22":0.826906383,"23":0.8308058977,"24":0.8336221576,"25":0.826906383,"26":0.8292894363,"27":0.8323223591,"28":0.8321056962,"29":0.823656857,"30":0.8290727735,"31":0.8249566555,"32":0.8210572004,"33":0.8240901232},"val_auc":{"0":0.7684849501,"1":0.7977994084,"2":0.8088564873,"3":0.8040758371,"4":0.7941371799,"5":0.7927510738,"6":0.7791001797,"7":0.8049893379,"8":0.7802679539,"9":0.7843261957,"10":0.7695819736,"11":0.7686039209,"12":0.7672843337,"13":0.7734668255,"14":0.7739456892,"15":0.7744584084,"16":0.7529066205,"17":0.776512742,"18":0.7772923708,"19":0.776833415,"20":0.7705406547,"21":0.7748747468,"22":0.7836940885,"23":0.7759016752,"24":0.7629107833,"25":0.7699978352,"26":0.7695596218,"27":0.7722400427,"28":0.7763377428,"29":0.7746034861,"30":0.7427116036,"31":0.7775319815,"32":0.7728188038,"33":0.76330024}}