{"loss":{"0":0.6523820758,"1":0.5981581211,"2":0.5773841739,"3":0.5561912656,"4":0.5325796008,"5":0.5327244401,"6":0.4993950129,"7":0.4653311968,"8":0.4639975131},"acc":{"0":0.6113636494,"1":0.6761363745,"2":0.6909090877,"3":0.7124999762,"4":0.7267045379,"5":0.7272727489,"6":0.7539772987,"7":0.7829545736,"8":0.7795454264},"auc":{"0":0.6592888832,"1":0.7411277294,"2":0.7655978799,"3":0.7869337797,"4":0.8083272576,"5":0.8076356649,"6":0.8367006183,"7":0.8619476557,"8":0.8609035611},"val_loss":{"0":0.5653346181,"1":0.5449619293,"2":0.5387833714,"3":0.5414133072,"4":0.5341637731,"5":0.5106381178,"6":0.5110550523,"7":0.5435327888,"8":0.5371923447},"val_acc":{"0":0.7233560085,"1":0.7210884094,"2":0.7392290235,"3":0.7346938848,"4":0.7324262857,"5":0.7551020384,"6":0.7551020384,"7":0.7573696375,"8":0.7414966226},"val_auc":{"0":0.7968930006,"1":0.8174176812,"2":0.8208744526,"3":0.81945467,"4":0.8181892633,"5":0.8297427893,"6":0.8311523199,"7":0.811080277,"8":0.8288065195}}