,loss,acc,auc,val_loss,val_acc,val_auc
0,0.6673856973648071,0.59375,0.6338247060775757,0.6036031246185303,0.6757369637489319,0.7513952255249023
1,0.6005754470825195,0.6920454502105713,0.7431602478027344,0.5982380509376526,0.6938775777816772,0.760551929473877
2,0.5833558440208435,0.699431836605072,0.7626867294311523,0.5925431251525879,0.6870748400688171,0.7681790590286255
3,0.5640400052070618,0.7056818008422852,0.7797341346740723,0.5881988406181335,0.7188208699226379,0.768623411655426
4,0.5534767508506775,0.7244318127632141,0.7905554175376892,0.598709225654602,0.7006802558898926,0.7668147087097168
5,0.5339457988739014,0.7289772629737854,0.8070486783981323,0.592564582824707,0.6938775777816772,0.7702769041061401
6,0.5282984375953674,0.7426136136054993,0.8127051591873169,0.5881092548370361,0.725623607635498,0.7573067545890808
