,loss,acc,auc,val_loss,val_acc,val_auc
0,0.6635670065879822,0.5965909361839294,0.6356227397918701,0.6308012008666992,0.6485260725021362,0.7500723004341125
1,0.607236921787262,0.6840909123420715,0.735521137714386,0.6225926876068115,0.6598639488220215,0.7562451362609863
2,0.5850869417190552,0.7011363506317139,0.7606914043426514,0.5870927572250366,0.7006802558898926,0.757906973361969
3,0.5533798336982727,0.7352272868156433,0.792380154132843,0.5814051628112793,0.716553270816803,0.7639766335487366
4,0.5435649752616882,0.738068163394928,0.8009809851646423,0.6130786538124084,0.6916099786758423,0.7648231387138367
5,0.542810320854187,0.7250000238418579,0.8019075393676758,0.5982436537742615,0.680272102355957,0.7669185400009155
6,0.522074282169342,0.7471590638160706,0.8202277421951294,0.5845634341239929,0.725623607635498,0.7704282402992249
