,loss,acc,auc,val_loss,val_acc,val_auc
0,0.668484091758728,0.5903409123420715,0.6268609166145325,0.6060943007469177,0.6575963497161865,0.7253676652908325
1,0.6097913980484009,0.6704545617103577,0.7293255925178528,0.5911725163459778,0.6780045628547668,0.7416221499443054
2,0.5846413373947144,0.6880682110786438,0.7586838006973267,0.5729838609695435,0.6961451172828674,0.7625250816345215
3,0.5798949003219604,0.7056818008422852,0.7617778778076172,0.5900590419769287,0.6938775777816772,0.7489030957221985
4,0.5673105120658875,0.7119318246841431,0.7724332213401794,0.5738832354545593,0.7074829936027527,0.7653769254684448
5,0.5426158308982849,0.7301136255264282,0.7975236177444458,0.5582427382469177,0.7210884094238281,0.7772960662841797
6,0.5357311964035034,0.7352272868156433,0.8031867742538452,0.577605664730072,0.7120181322097778,0.7736712694168091
7,0.5180633068084717,0.7465909123420715,0.8189189434051514,0.581961452960968,0.7097505927085876,0.7788735032081604
8,0.5091848969459534,0.7517045736312866,0.8258475065231323,0.595825731754303,0.7052153944969177,0.7878990173339844
