,loss,acc,auc,val_loss,val_acc,val_auc
0,0.6488435864448547,0.6335227489471436,0.6683387160301208,0.6013216972351074,0.6893423795700073,0.7659405469894409
1,0.5880374312400818,0.6914772987365723,0.7525808215141296,0.585319995880127,0.6961451172828674,0.7836501598358154
2,0.5784773826599121,0.6982954740524292,0.7642619609832764,0.5695698857307434,0.7301587462425232,0.7874757647514343
3,0.5573682188987732,0.7210227251052856,0.7852919697761536,0.5675866603851318,0.716553270816803,0.79673171043396
4,0.5425909757614136,0.7386363744735718,0.7998358011245728,0.5491317510604858,0.7324262857437134,0.8023880124092102
5,0.5297285914421082,0.7522727251052856,0.8120177984237671,0.5531448125839233,0.7437641620635986,0.796104371547699
6,0.5114229321479797,0.7636363506317139,0.8240097761154175,0.557659387588501,0.7120181322097778,0.7908284664154053
7,0.48238900303840637,0.7698863744735718,0.8476970791816711,0.5605725049972534,0.725623607635498,0.7943766117095947
