{"loss":{"0":0.6488435864,"1":0.5880374312,"2":0.5784773827,"3":0.5573682189,"4":0.5425909758,"5":0.5297285914,"6":0.5114229321,"7":0.482389003},"acc":{"0":0.6335227489,"1":0.6914772987,"2":0.6982954741,"3":0.7210227251,"4":0.7386363745,"5":0.7522727251,"6":0.7636363506,"7":0.7698863745},"auc":{"0":0.668338716,"1":0.7525808215,"2":0.764261961,"3":0.7852919698,"4":0.7998358011,"5":0.8120177984,"6":0.8240097761,"7":0.8476970792},"val_loss":{"0":0.6013216972,"1":0.5853199959,"2":0.5695698857,"3":0.5675866604,"4":0.5491317511,"5":0.5531448126,"6":0.5576593876,"7":0.560572505},"val_acc":{"0":0.6893423796,"1":0.6961451173,"2":0.7301587462,"3":0.7165532708,"4":0.7324262857,"5":0.7437641621,"6":0.7120181322,"7":0.7256236076},"val_auc":{"0":0.765940547,"1":0.7836501598,"2":0.7874757648,"3":0.7967317104,"4":0.8023880124,"5":0.7961043715,"6":0.7908284664,"7":0.7943766117}}