{"loss":{"0":0.6635670066,"1":0.6072369218,"2":0.5850869417,"3":0.5533798337,"4":0.5435649753,"5":0.5428103209,"6":0.5220742822},"acc":{"0":0.5965909362,"1":0.6840909123,"2":0.7011363506,"3":0.7352272868,"4":0.7380681634,"5":0.7250000238,"6":0.7471590638},"auc":{"0":0.6356227398,"1":0.7355211377,"2":0.7606914043,"3":0.7923801541,"4":0.8009809852,"5":0.8019075394,"6":0.8202277422},"val_loss":{"0":0.6308012009,"1":0.6225926876,"2":0.5870927572,"3":0.5814051628,"4":0.6130786538,"5":0.5982436538,"6":0.5845634341},"val_acc":{"0":0.6485260725,"1":0.6598639488,"2":0.7006802559,"3":0.7165532708,"4":0.6916099787,"5":0.6802721024,"6":0.7256236076},"val_auc":{"0":0.7500723004,"1":0.7562451363,"2":0.7579069734,"3":0.7639766335,"4":0.7648231387,"5":0.76691854,"6":0.7704282403}}