{"loss":{"0":0.6684840918,"1":0.609791398,"2":0.5846413374,"3":0.5798949003,"4":0.5673105121,"5":0.5426158309,"6":0.5357311964,"7":0.5180633068,"8":0.5091848969},"acc":{"0":0.5903409123,"1":0.6704545617,"2":0.6880682111,"3":0.7056818008,"4":0.7119318247,"5":0.7301136255,"6":0.7352272868,"7":0.7465909123,"8":0.7517045736},"auc":{"0":0.6268609166,"1":0.7293255925,"2":0.7586838007,"3":0.7617778778,"4":0.7724332213,"5":0.7975236177,"6":0.8031867743,"7":0.8189189434,"8":0.8258475065},"val_loss":{"0":0.6060943007,"1":0.5911725163,"2":0.572983861,"3":0.590059042,"4":0.5738832355,"5":0.5582427382,"6":0.5776056647,"7":0.581961453,"8":0.5958257318},"val_acc":{"0":0.6575963497,"1":0.6780045629,"2":0.6961451173,"3":0.6938775778,"4":0.7074829936,"5":0.7210884094,"6":0.7120181322,"7":0.7097505927,"8":0.7052153945},"val_auc":{"0":0.7253676653,"1":0.7416221499,"2":0.7625250816,"3":0.7489030957,"4":0.7653769255,"5":0.7772960663,"6":0.7736712694,"7":0.7788735032,"8":0.7878990173}}