{"loss":{"0":0.6673856974,"1":0.6005754471,"2":0.583355844,"3":0.5640400052,"4":0.5534767509,"5":0.5339457989,"6":0.5282984376},"acc":{"0":0.59375,"1":0.6920454502,"2":0.6994318366,"3":0.7056818008,"4":0.7244318128,"5":0.728977263,"6":0.7426136136},"auc":{"0":0.6338247061,"1":0.7431602478,"2":0.7626867294,"3":0.7797341347,"4":0.7905554175,"5":0.8070486784,"6":0.8127051592},"val_loss":{"0":0.6036031246,"1":0.5982380509,"2":0.5925431252,"3":0.5881988406,"4":0.5987092257,"5":0.5925645828,"6":0.5881092548},"val_acc":{"0":0.6757369637,"1":0.6938775778,"2":0.6870748401,"3":0.7188208699,"4":0.7006802559,"5":0.6938775778,"6":0.7256236076},"val_auc":{"0":0.7513952255,"1":0.7605519295,"2":0.768179059,"3":0.7686234117,"4":0.7668147087,"5":0.7702769041,"6":0.7573067546}}