,loss,acc,auc,val_loss,val_acc,val_auc
0,0.6523820757865906,0.6113636493682861,0.6592888832092285,0.5653346180915833,0.7233560085296631,0.7968930006027222
1,0.5981581211090088,0.6761363744735718,0.7411277294158936,0.5449619293212891,0.7210884094238281,0.8174176812171936
2,0.5773841738700867,0.6909090876579285,0.7655978798866272,0.5387833714485168,0.7392290234565735,0.8208744525909424
3,0.5561912655830383,0.7124999761581421,0.7869337797164917,0.5414133071899414,0.7346938848495483,0.8194546699523926
4,0.5325796008110046,0.7267045378684998,0.8083272576332092,0.534163773059845,0.7324262857437134,0.818189263343811
5,0.5327244400978088,0.7272727489471436,0.8076356649398804,0.5106381177902222,0.7551020383834839,0.8297427892684937
6,0.4993950128555298,0.7539772987365723,0.8367006182670593,0.511055052280426,0.7551020383834839,0.8311523199081421
7,0.46533119678497314,0.7829545736312866,0.8619476556777954,0.5435327887535095,0.7573696374893188,0.811080276966095
8,0.4639975130558014,0.7795454263687134,0.8609035611152649,0.5371923446655273,0.7414966225624084,0.8288065195083618
