{"loss":{"0":54.3757286072,"1":53.5030288696,"2":52.5998916626,"3":51.7674331665,"4":50.917137146,"5":50.0975036621,"6":49.2803916931,"7":48.4874229431,"8":47.6816978455,"9":46.8989028931,"10":46.1601295471,"11":45.4005355835,"12":44.6451950073,"13":43.9121170044,"14":43.1819763184,"15":42.4755477905,"16":41.7696990967,"17":41.0829544067,"18":40.4060440063,"19":39.7253112793,"20":39.0634078979,"21":38.4212303162,"22":37.7817802429,"23":37.1395378113,"24":36.5170097351,"25":35.8922767639,"26":35.2873764038,"27":34.6823501587,"28":34.0908164978,"29":33.5067596436,"30":32.9528961182,"31":32.3670501709,"32":31.8165206909,"33":31.2457332611,"34":30.7002067566,"35":30.1535415649,"36":29.632982254,"37":29.1091995239,"38":28.5877246857,"39":28.0888252258,"40":27.5748920441,"41":27.0889854431,"42":26.5950489044,"43":26.1168270111,"44":25.6244659424,"45":25.1647148132,"46":24.7104148865,"47":24.2460327148,"48":23.810628891,"49":23.3473033905,"50":22.9207134247,"51":22.4717998505,"52":22.0590744019,"53":21.6329441071,"54":21.22240448,"55":20.8171081543,"56":20.4289417267,"57":20.0280246735,"58":19.6383399963,"59":19.2501907349,"60":18.872428894,"61":18.5045719147,"62":18.1352977753,"63":17.7693786621,"64":17.4084644318,"65":17.0512084961,"66":16.7047996521,"67":16.3645877838,"68":16.0362205505,"69":15.6973819733,"70":15.361866951,"71":15.0510387421,"72":14.7213125229,"73":14.4246559143,"74":14.1273908615},"acc":{"0":0.5356656313,"1":0.5429350138,"2":0.5604270697,"3":0.5454338789,"4":0.5461153984,"5":0.5595183969,"6":0.5658791661,"7":0.5531576276,"8":0.5645161271,"9":0.5640617609,"10":0.5524761677,"11":0.5597455502,"12":0.5661063194,"13":0.5574738979,"14":0.5686051846,"15":0.5574738979,"16":0.5736029148,"17":0.562017262,"18":0.5617901087,"19":0.5595183969,"20":0.5692867041,"21":0.5579282045,"22":0.5542935133,"23":0.5672421455,"24":0.5631530881,"25":0.5661063194,"26":0.5738300681,"27":0.566560626,"28":0.5574738979,"29":0.5674693584,"30":0.5597455502,"31":0.5695138574,"32":0.5561108589,"33":0.5667878389,"34":0.5765560865,"35":0.5654247999,"36":0.5663334727,"37":0.5738300681,"38":0.572694242,"39":0.5642889738,"40":0.5795093179,"41":0.562017262,"42":0.5717855692,"43":0.5654247999,"44":0.5717855692,"45":0.5601999164,"46":0.5676965117,"47":0.5683780313,"48":0.5583825707,"49":0.5706496835,"50":0.563380301,"51":0.5788277984,"52":0.577237606,"53":0.5779191256,"54":0.5749659538,"55":0.5742844343,"56":0.5706496835,"57":0.5681508183,"58":0.5699682236,"59":0.5617901087,"60":0.5688323379,"61":0.5638346076,"62":0.5608814359,"63":0.567923665,"64":0.5747387409,"65":0.571331203,"66":0.5813266635,"67":0.5754202604,"68":0.5736029148,"69":0.582008183,"70":0.5849613547,"71":0.5776919723,"72":0.5792821646,"73":0.5690594912,"74":0.5708768964},"auc":{"0":0.5542800426,"1":0.5684261322,"2":0.5932078958,"3":0.5732983351,"4":0.5798771381,"5":0.5802490115,"6":0.5892754197,"7":0.577498138,"8":0.5881413221,"9":0.5957145691,"10":0.5787943602,"11":0.5791574717,"12":0.586789012,"13":0.5864415169,"14":0.5956878662,"15":0.5879106522,"16":0.5995332003,"17":0.5939040184,"18":0.5906039476,"19":0.5938406587,"20":0.5979267955,"21":0.5907365084,"22":0.5818241239,"23":0.5944280028,"24":0.5889621973,"25":0.5930610895,"26":0.5932338238,"27":0.5932891369,"28":0.5895944834,"29":0.5949804187,"30":0.5791319609,"31":0.5936208367,"32":0.5836425424,"33":0.5956941843,"34":0.5962853432,"35":0.5956426263,"36":0.5937623978,"37":0.5999388695,"38":0.6016731262,"39":0.5909392834,"40":0.6036229134,"41":0.5918307304,"42":0.6023315191,"43":0.5952329636,"44":0.6025161743,"45":0.5945990086,"46":0.5938698053,"47":0.6030429602,"48":0.5873242021,"49":0.6061658859,"50":0.5966523886,"51":0.6130021811,"52":0.604326427,"53":0.6100170612,"54":0.6084372401,"55":0.6034044623,"56":0.5972197056,"57":0.5995128155,"58":0.5946264267,"59":0.5991489291,"60":0.5988541842,"61":0.5972300768,"62":0.5926727653,"63":0.5980808735,"64":0.6055163145,"65":0.6072591543,"66":0.6106898189,"67":0.6072782874,"68":0.5999504328,"69":0.6115108728,"70":0.6172327995,"71":0.6104539037,"72":0.618403554,"73":0.6063457727,"74":0.6016528606},"val_loss":{"0":53.8720588684,"1":52.9450836182,"2":52.0658607483,"3":51.2064247131,"4":50.3709831238,"5":49.5498962402,"6":48.7455368042,"7":47.952205658,"8":47.1676940918,"9":46.3974494934,"10":45.6410064697,"11":44.8943138123,"12":44.1540222168,"13":43.4290924072,"14":42.7145004272,"15":42.0093650818,"16":41.3160362244,"17":40.6300430298,"18":39.9564743042,"19":39.290512085,"20":38.6332931519,"21":37.9868965149,"22":37.3470001221,"23":36.7178764343,"24":36.0977325439,"25":35.484500885,"26":34.8804550171,"27":34.2845344543,"28":33.699256897,"29":33.1211700439,"30":32.5480079651,"31":31.9851093292,"32":31.4294891357,"33":30.8803462982,"34":30.3388175964,"35":29.8046455383,"36":29.2819480896,"37":28.7653179169,"38":28.2571086884,"39":27.7520160675,"40":27.2575569153,"41":26.7674770355,"42":26.2827835083,"43":25.8093223572,"44":25.3378505707,"45":24.8727703094,"46":24.4194793701,"47":23.9686889648,"48":23.5227031708,"49":23.0822162628,"50":22.6482143402,"51":22.2226829529,"52":21.7949848175,"53":21.3752937317,"54":20.9674949646,"55":20.5672683716,"56":20.171792984,"57":19.7795677185,"58":19.3934326172,"59":19.0112037659,"60":18.6333026886,"61":18.2605419159,"62":17.8955039978,"63":17.5367298126,"64":17.1794471741,"65":16.8292388916,"66":16.486497879,"67":16.1474895477,"68":15.8138694763,"69":15.4859466553,"70":15.1639575958,"71":14.8481321335,"72":14.541258812,"73":14.2337751389,"74":13.9315319061},"val_acc":{"0":0.4877384305,"1":0.5885558724,"2":0.5940054655,"3":0.5976384878,"4":0.5949137211,"5":0.5967302322,"6":0.5958219767,"7":0.5949137211,"8":0.5940054655,"9":0.5903723836,"10":0.5949137211,"11":0.6021798253,"12":0.6003633142,"13":0.5994550586,"14":0.5958219767,"15":0.5958219767,"16":0.5949137211,"17":0.5921888947,"18":0.5940054655,"19":0.5958219767,"20":0.5967302322,"21":0.5958219767,"22":0.5949137211,"23":0.5976384878,"24":0.5949137211,"25":0.5940054655,"26":0.5930972099,"27":0.5940054655,"28":0.5958219767,"29":0.5967302322,"30":0.5949137211,"31":0.5958219767,"32":0.5958219767,"33":0.5949137211,"34":0.5949137211,"35":0.5967302322,"36":0.589464128,"37":0.5712988377,"38":0.5676657557,"39":0.5567665696,"40":0.5458673835,"41":0.5513169765,"42":0.5440508723,"43":0.5304268599,"44":0.5286103487,"45":0.5440508723,"46":0.531335175,"47":0.5277020931,"48":0.531335175,"49":0.5286103487,"50":0.5295186043,"51":0.5267938375,"52":0.5358764529,"53":0.5395095348,"54":0.5376930237,"55":0.5367847681,"56":0.5277020931,"57":0.5286103487,"58":0.531335175,"59":0.5376930237,"60":0.5386012793,"61":0.5395095348,"62":0.5386012793,"63":0.5395095348,"64":0.5440508723,"65":0.5485922098,"66":0.5476838946,"67":0.5522252321,"68":0.5531334877,"69":0.5476838946,"70":0.5422343612,"71":0.5404177904,"72":0.5340599418,"73":0.5322434306,"74":0.5295186043},"val_auc":{"0":0.6217147112,"1":0.6219136715,"2":0.6222348213,"3":0.6227943897,"4":0.6234267354,"5":0.623052001,"6":0.6227861643,"7":0.6227680445,"8":0.6231096983,"9":0.6228125095,"10":0.6228324175,"11":0.6226820946,"12":0.6229397655,"13":0.6233210564,"14":0.6231427193,"15":0.6234878302,"16":0.6238427162,"17":0.623357296,"18":0.6240887642,"19":0.6240507364,"20":0.6240309477,"21":0.6236149073,"22":0.6237453222,"23":0.6237635016,"24":0.6234498024,"25":0.6231344938,"26":0.6231477261,"27":0.6239005327,"28":0.623301208,"29":0.6231906414,"30":0.6227266788,"31":0.6232665181,"32":0.6237453222,"33":0.6234036684,"34":0.6229727268,"35":0.6227977276,"36":0.622987628,"37":0.6227267981,"38":0.6226953268,"39":0.6221026778,"40":0.6229628325,"41":0.6223816872,"42":0.6225583553,"43":0.6223701239,"44":0.6224295497,"45":0.6225913763,"46":0.622343719,"47":0.6227778792,"48":0.6228092313,"49":0.6230387688,"50":0.6230717897,"51":0.6239814162,"52":0.623603344,"53":0.6238278151,"54":0.6238443851,"55":0.6240127087,"56":0.6243792772,"57":0.6244171858,"58":0.624991715,"59":0.6247061491,"60":0.6250181198,"61":0.6251270771,"62":0.6247012615,