{"loss":{"0":52.9546318054,"1":52.0730514526,"2":51.1974983215,"3":50.3576507568,"4":49.5331878662,"5":48.7139625549,"6":47.9119110107,"7":47.1468734741,"8":46.3535728455,"9":45.5707740784,"10":44.8105926514,"11":44.0893325806,"12":43.3444900513,"13":42.6361045837,"14":41.9452629089,"15":41.2312736511,"16":40.5377006531,"17":39.8507766724,"18":39.2022857666,"19":38.529094696,"20":37.8822250366,"21":37.2581672668,"22":36.620639801,"23":35.9969215393,"24":35.3875770569,"25":34.7743606567,"26":34.1927337646,"27":33.6014862061,"28":33.0418128967,"29":32.4357337952,"30":31.8557929993,"31":31.3159294128,"32":30.7746372223,"33":30.2646846771,"34":29.7088432312,"35":29.1762866974,"36":28.6445407867,"37":28.1510639191,"38":27.6494464874,"39":27.1603832245,"40":26.6670150757,"41":26.1914138794,"42":25.7246894836,"43":25.2308540344,"44":24.7780303955,"45":24.3339138031,"46":23.8810634613,"47":23.4470920563,"48":23.0055217743,"49":22.5583438873,"50":22.1573085785,"51":21.7087860107,"52":21.321647644,"53":20.8910655975,"54":20.5023784637,"55":20.1179504395,"56":19.7267837524,"57":19.3256664276,"58":18.9734458923,"59":18.5828380585,"60":18.2342205048,"61":17.8702812195,"62":17.5033874512,"63":17.1488075256,"64":16.8165149689,"65":16.4592857361,"66":16.1333770752,"67":15.8021478653,"68":15.4796237946,"69":15.1537475586,"70":14.8448915482,"71":14.5331249237,"72":14.2226829529,"73":13.9426803589,"74":13.6353874207},"acc":{"0":0.5149931908,"1":0.5458882451,"2":0.5497500896,"3":0.5483871102,"4":0.5486142635,"5":0.5472512245,"6":0.5474784374,"7":0.5427078605,"8":0.5486142635,"9":0.5531576276,"10":0.5663334727,"11":0.5542935133,"12":0.5604270697,"13":0.5477055907,"14":0.551340282,"15":0.5617901087,"16":0.5577010512,"17":0.5681508183,"18":0.5467969179,"19":0.5654247999,"20":0.5611085892,"21":0.5497500896,"22":0.5699682236,"23":0.5647432804,"24":0.5565652251,"25":0.563380301,"26":0.5611085892,"27":0.552703321,"28":0.5590640903,"29":0.563380301,"30":0.5731485486,"31":0.5751931071,"32":0.5711040497,"33":0.5545206666,"34":0.5595183969,"35":0.5736029148,"36":0.58677876,"37":0.5761017799,"38":0.5736029148,"39":0.5681508183,"40":0.562017262,"41":0.5690594912,"42":0.567923665,"43":0.5729213953,"44":0.5715583563,"45":0.5711040497,"46":0.571331203,"47":0.5624716282,"48":0.5592912436,"49":0.5783734918,"50":0.5581553578,"51":0.5797364712,"52":0.558609724,"53":0.5738300681,"54":0.5706496835,"55":0.5588368773,"56":0.5692867041,"57":0.572694242,"58":0.5583825707,"59":0.5892776251,"60":0.5592912436,"61":0.5736029148,"62":0.572694242,"63":0.5717855692,"64":0.5681508183,"65":0.5733757615,"66":0.5636074543,"67":0.5742844343,"68":0.5786006451,"69":0.5724670887,"70":0.5808723569,"71":0.5711040497,"72":0.5781462789,"73":0.5681508183,"74":0.571331203},"auc":{"0":0.5484291315,"1":0.5699740648,"2":0.5833330154,"3":0.5872298479,"4":0.5813649893,"5":0.5850046873,"6":0.5853133202,"7":0.5692466497,"8":0.5777649879,"9":0.5840870142,"10":0.5968188047,"11":0.5835356116,"12":0.5928464532,"13":0.5797959566,"14":0.5800889134,"15":0.5902404785,"16":0.587039113,"17":0.5991315246,"18":0.5794255733,"19":0.5916836262,"20":0.5934761763,"21":0.582467556,"22":0.5935444832,"23":0.5896229148,"24":0.5867819786,"25":0.5986284614,"26":0.5869882703,"27":0.5836337805,"28":0.5785876513,"29":0.6033666134,"30":0.6133682728,"31":0.6051926613,"32":0.605481863,"33":0.5802046061,"34":0.5947918296,"35":0.6080172658,"36":0.6244521737,"37":0.6042765379,"38":0.6034656167,"39":0.6044840813,"40":0.6010881662,"41":0.5965507627,"42":0.5956262946,"43":0.6067903042,"44":0.6029800177,"45":0.5957890749,"46":0.6000121832,"47":0.592230916,"48":0.5980773568,"49":0.61627841,"50":0.5879939795,"51":0.6191800237,"52":0.5946323872,"53":0.6126590967,"54":0.6067278385,"55":0.5935051441,"56":0.6024543047,"57":0.614649415,"58":0.5890160203,"59":0.6149964333,"60":0.5925414562,"61":0.6011978388,"62":0.6064008474,"63":0.6110565662,"64":0.599027276,"65":0.6102976799,"66":0.6034091711,"67":0.6056239605,"68":0.6082587242,"69":0.6110956073,"70":0.6144964695,"71":0.6108605862,"72":0.6135982871,"73":0.6013319492,"74":0.6043874621},"val_loss":{"0":52.4428672791,"1":51.6540374756,"2":50.813129425,"3":49.9565467834,"4":49.1044006348,"5":48.2450065613,"6":47.4539031982,"7":46.6551933289,"8":45.866733551,"9":45.0917358398,"10":44.3284950256,"11":43.5871200562,"12":42.868144989,"13":42.154045105,"14":41.4420661926,"15":40.7443313599,"16":40.0677528381,"17":39.3896179199,"18":38.7206192017,"19":38.0667572021,"20":37.4210090637,"21":36.7868995667,"22":36.1630859375,"23":35.5406112671,"24":34.9319801331,"25":34.3348922729,"26":33.7417488098,"27":33.1586952209,"28":32.5846672058,"29":32.0178184509,"30":31.4614868164,"31":30.9128131866,"32":30.3734169006,"33":29.8370094299,"34":29.3096637726,"35":28.7896499634,"36":28.2770748138,"37":27.7711257935,"38":27.2725028992,"39":26.7809829712,"40":26.2969074249,"41":25.8195819855,"42":25.3495483398,"43":24.8851394653,"44":24.4266319275,"45":23.9754333496,"46":23.5297412872,"47":23.0917778015,"48":22.6587295532,"49":22.2305965424,"50":21.809841156,"51":21.3965301514,"52":20.9884490967,"53":20.5858955383,"54":20.1891212463,"55":19.797826767,"56":19.4126777649,"57":19.0321006775,"58":18.6595573425,"59":18.2914924622,"60":17.9281749725,"61":17.5703659058,"62":17.2195262909,"63":16.873090744,"64":16.5305728912,"65":16.1965122223,"66":15.8660840988,"67":15.5408172607,"68":15.2217445374,"69":14.9053983688,"70":14.5936079025,"71":14.2863445282,"72":13.9834690094,"73":13.6882514954,"74":13.3993911743},"val_acc":{"0":0.5086285472,"1":0.5086285472,"2":0.5086285472,"3":0.5086285472,"4":0.5086285472,"5":0.5086285472,"6":0.5086285472,"7":0.5095368028,"8":0.5631244183,"9":0.5831062794,"10":0.6003633142,"11":0.6003633142,"12":0.6003633142,"13":0.6021798253,"14":0.6067211628,"15":0.6030880809,"16":0.6067211628,"17":0.6030880809,"18":0.6076294184,"19":0.6058129072,"20":0.6103542447,"21":0.6130790114,"22":0.6121707559,"23":0.6285195351,"24":0.6239781976,"25":0.6276112795,"26":0.6248864532,"27":0.6239781976,"28":0.6239781976,"29":0.6285195351,"30":0.6276112795,"31":0.6239781976,"32":0.6257947087,"33":0.6257947087,"34":0.6303360462,"35":0.6285195351,"36":0.6285195351,"37":0.6294277906,"38":0.6339691281,"39":0.632152617,"40":0.6303360462,"41":0.6276112795,"42":0.6303360462,"43":0.6267030239,"44":0.6248864532,"45":0.632152617,"46":0.6348773837,"47":0.6330608726,"48":0.632152617,"49":0.6348773837,"50":0.6312443018,"51":0.6303360462,"52":0.6285195351,"53":0.6312443018,"54":0.6294277906,"55":0.6285195351,"56":0.6294277906,"57":0.6303360462,"58":0.6248864532,"59":0.6194368601,"60":0.623069942,"61":0.623069942,"62":0.6112625003,"63":0.6067211628,"64":0.6112625003,"65":0.6049046516,"66":0.6049046516,"67":0.6012715697,"68":0.5967302322,"69":0.5994550586,"70":0.5912806392,"71":0.5967302322,"72":0.6003633142,"73":0.5849227905,"74":0.5849227905},"val_auc":{"0":0.6635463238,"1":0.6636683941,"2":0.6644442081,"3":0.6643995047,"4":0.6641124487,"5":0.6640926003,"6":0.664104104,"7":0.6640893221,"8":0.6644507647,"9":0.6643631458,"10":0.664473772,"11":0.6647759676,"12":0.6648831367,"13":0.6650085449,"14":0.6649755836,"15":0.6648715734,"16":0.6649078727,"17":0.6650135517,"18":0.6648997068,"19":0.6651092768,"20":0.6647692919,"21":0.6650564671,"22":0.6649161577,"23":0.6650003195,"24":0.6651521921,"25":0.6643716097,"26":0.6648155451,"27":0.6644227505,"28":0.6650596857,"29":0.6646636724,"30":0.6647049189,"31":0.6645877361,"32":0.665299058,"33":0.6644490957,"34":0.6645860672,"35":0.6647857428,"36":0.6650762558,"37":0.6651983261,"38":0.6649541259,"39":0.6653650999,"40":0.6653205156,"41":0.6660070419,"42":0.6659113169,"43":0.6654360294,"44":0.6649096012,"45":0.6646553874,"46":0.6648848057,"47":0.6654244661,"48":0.6661506891,"49":0.6660945415,"50":0.6661654711,"51":0.6663767695,"52":0.6666886806,"53":0.6663916111,"54":0.6663240194,"55":0.6665599346,"56":0.6663866043,"57":0.6663404703,"58":0.6670303345,"59":0.6666259766,"60":0.6672745943,"61":0.666764617,"62":0.6664972305,