{"loss":{"0":52.6675453186,"1":51.7770118713,"2":50.9325408936,"3":50.0901985168,"4":49.2618713379,"5":48.4750137329,"6":47.6616134644,"7":46.8849372864,"8":46.104511261,"9":45.3468551636,"10":44.5932235718,"11":43.865978241,"12":43.1387634277,"13":42.4200439453,"14":41.7231750488,"15":41.0258712769,"16":40.3463935852,"17":39.6817245483,"18":38.9922676086,"19":38.3372993469,"20":37.7042732239,"21":37.0565757751,"22":36.4403076172,"23":35.81640625,"24":35.2066841125,"25":34.6155929565,"26":34.0006866455,"27":33.4157524109,"28":32.8633575439,"29":32.2821426392,"30":31.7212810516,"31":31.1710262299,"32":30.6269283295,"33":30.0992298126,"34":29.5646095276,"35":29.0432872772,"36":28.5216636658,"37":28.019115448,"38":27.5210609436,"39":27.0151023865,"40":26.5305233002,"41":26.0544319153,"42":25.5687294006,"43":25.1051769257,"44":24.644285202,"45":24.202249527,"46":23.7494068146,"47":23.3018836975,"48":22.8622093201,"49":22.4417247772,"50":22.0129451752,"51":21.5892658234,"52":21.1963920593,"53":20.7896137238,"54":20.3854427338,"55":19.9927787781,"56":19.6111278534,"57":19.2278995514,"58":18.8463878632,"59":18.4830379486,"60":18.114238739,"61":17.751373291,"62":17.4139022827,"63":17.0574092865,"64":16.7056541443,"65":16.3701534271,"66":16.0355968475,"67":15.7091817856,"68":15.3958358765,"69":15.060792923,"70":14.7600402832,"71":14.4469470978,"72":14.1452636719,"73":13.8423223495,"74":13.5512056351},"acc":{"0":0.5299863815,"1":0.5597455502,"2":0.5611085892,"3":0.5636074543,"4":0.5729213953,"5":0.5615629554,"6":0.5711040497,"7":0.5658791661,"8":0.577237606,"9":0.5749659538,"10":0.5761017799,"11":0.5740572214,"12":0.5715583563,"13":0.5810995102,"14":0.5738300681,"15":0.5801908374,"16":0.5783734918,"17":0.5706496835,"18":0.5692867041,"19":0.5897319317,"20":0.577237606,"21":0.5815538168,"22":0.5729213953,"23":0.5842798948,"24":0.5847342014,"25":0.5765560865,"26":0.5876874328,"27":0.5838255286,"28":0.5810995102,"29":0.5854157209,"30":0.5897319317,"31":0.5747387409,"32":0.5847342014,"33":0.5865515471,"34":0.5879145861,"35":0.5763289332,"36":0.58677876,"37":0.5849613547,"38":0.582008183,"39":0.5967742205,"40":0.591322124,"41":0.5860972404,"42":0.5922307968,"43":0.5938209891,"44":0.5901862979,"45":0.5808723569,"46":0.5906406045,"47":0.5865515471,"48":0.6004089117,"49":0.5979100466,"50":0.5915492773,"51":0.6008632183,"52":0.5892776251,"53":0.5904134512,"54":0.589959085,"55":0.5874602199,"56":0.5895047784,"57":0.5951840281,"58":0.592685163,"59":0.592685163,"60":0.5956383348,"61":0.596092701,"62":0.5838255286,"63":0.5924579501,"64":0.5983643532,"65":0.589959085,"66":0.5935938358,"67":0.5935938358,"68":0.5931394696,"69":0.6001817584,"70":0.5949568152,"71":0.5865515471,"72":0.5854157209,"73":0.596092701,"74":0.5940481424},"auc":{"0":0.5468290448,"1":0.5839942098,"2":0.586930871,"3":0.5912753344,"4":0.6026896238,"5":0.5866310596,"6":0.6015199423,"7":0.5981317163,"8":0.6063740253,"9":0.6075394154,"10":0.6108300686,"11":0.608017087,"12":0.6082425714,"13":0.6096585989,"14":0.6046745777,"15":0.6083390713,"16":0.6053919792,"17":0.5991610289,"18":0.6141409874,"19":0.6235697269,"20":0.6092531681,"21":0.6165223122,"22":0.6072639227,"23":0.6124368906,"24":0.6143558025,"25":0.6071021557,"26":0.624656558,"27":0.624325037,"28":0.6046867371,"29":0.6219980121,"30":0.6205514669,"31":0.617393136,"32":0.6185199022,"33":0.6070484519,"34":0.6183760762,"35":0.6148010492,"36":0.6196365952,"37":0.6133108735,"38":0.6146975756,"39":0.6243676543,"40":0.6241524816,"41":0.6195819974,"42":0.6310843229,"43":0.6318821907,"44":0.632152319,"45":0.6210590601,"46":0.6251827478,"47":0.6294357777,"48":0.6426409483,"49":0.6344742775,"50":0.6363891363,"51":0.6451848745,"52":0.6331315637,"53":0.6287683845,"54":0.6353307366,"55":0.6333559155,"56":0.6308139563,"57":0.6332449913,"58":0.6379837394,"59":0.6314351559,"60":0.6348299384,"61":0.6348518133,"62":0.624384284,"63":0.6308547854,"64":0.639819026,"65":0.6337249279,"66":0.636611104,"67":0.6378206611,"68":0.6288483739,"69":0.6462175846,"70":0.6349925995,"71":0.6367908716,"72":0.6340844035,"73":0.6390272379,"74":0.6360577345},"val_loss":{"0":52.0927810669,"1":51.2358360291,"2":50.4032478333,"3":49.5838813782,"4":48.7746582031,"5":47.9696464539,"6":47.1731262207,"7":46.3997116089,"8":45.6343765259,"9":44.8844184875,"10":44.1418418884,"11":43.4131393433,"12":42.6973419189,"13":42.0007514954,"14":41.2935371399,"15":40.6115112305,"16":39.9348449707,"17":39.2666893005,"18":38.6173744202,"19":37.9838943481,"20":37.3540306091,"21":36.7179641724,"22":36.0943527222,"23":35.4801940918,"24":34.8813247681,"25":34.2814254761,"26":33.698387146,"27":33.1126213074,"28":32.5550689697,"29":32.0010108948,"30":31.4417991638,"31":30.8853874207,"32":30.348323822,"33":29.8203830719,"34":29.2976474762,"35":28.7877559662,"36":28.2730369568,"37":27.7700614929,"38":27.2758255005,"39":26.7829418182,"40":26.3070335388,"41":25.8287639618,"42":25.3617324829,"43":24.894859314,"44":24.4306240082,"45":23.971824646,"46":23.5235862732,"47":23.0879020691,"48":22.6651153564,"49":22.2334251404,"50":21.8182220459,"51":21.3994560242,"52":20.985534668,"53":20.5923404694,"54":20.1923179626,"55":19.7994194031,"56":19.4153194427,"57":19.0427970886,"58":18.6696853638,"59":18.3050613403,"60":17.9405994415,"61":17.5792255402,"62":17.2259120941,"63":16.8764400482,"64":16.5324726105,"65":16.196149826,"66":15.8670244217,"67":15.5364408493,"68":15.2189464569,"69":14.9031877518,"70":14.5918302536,"71":14.2830076218,"72":13.9830827713,"73":13.6862764359,"74":13.3941755295},"val_acc":{"0":0.5958219767,"1":0.5921888947,"2":0.5849227905,"3":0.5776566863,"4":0.5731153488,"5":0.5821980238,"6":0.5885558724,"7":0.589464128,"8":0.5912806392,"9":0.5867393017,"10":0.5912806392,"11":0.5885558724,"12":0.5821980238,"13":0.5585830808,"14":0.5831062794,"15":0.5767484307,"16":0.5758401155,"17":0.5740236044,"18":0.5622161627,"19":0.5367847681,"20":0.5322434306,"21":0.5322434306,"22":0.5331516862,"23":0.5304268599,"24":0.5295186043,"25":0.5249772668,"26":0.5231607556,"27":0.5267938375,"28":0.5286103487,"29":0.5186194181,"30":0.5149863958,"31":0.5195276737,"32":0.5213442445,"33":0.5186194181,"34":0.5177111626,"35":0.5177111626,"36":0.5158946514,"37":0.5186194181,"38":0.5131698251,"39":0.5177111626,"40":0.5195276737,"41":0.5186194181,"42":0.5186194181,"43":0.5186194181,"44":0.5240690112,"45":0.5286103487,"46":0.5340599418,"47":0.531335175,"48":0.5286103487,"49":0.5304268599,"50":0.5286103487,"51":0.541326046,"52":0.5458673835,"53":0.5367847681,"54":0.5467756391,"55":0.5495004654,"56":0.5476838946,"57":0.5431426167,"58":0.5422343612,"59":0.5449591279,"60":0.5431426167,"61":0.5449591279,"62":0.5495004654,"63":0.5485922098,"64":0.550408721,"65":0.5476838946,"66":0.5485922098,"67":0.550408721,"68":0.5549500585,"69":0.5549500585,"70":0.555858314,"71":0.5613079071,"72":0.5603996515,"73":0.559491396,"74":0.5640326738},"val_auc":{"0":0.630993247,"1":0.6311961412,"2":0.6316366792,"3":0.633179307,"4":0.6334960461,"5":0.6333377361,"6":0.6329038143,"7":0.6322422028,"8":0.6306781769,"9":0.6316218376,"10":0.6322784424,"11":0.6307885647,"12":0.6319485307,"13":0.6305246949,"14":0.6318197846,"15":0.6327074766,"16":0.6340851784,"17":0.6330605745,"18":0.6331281662,"19":0.6328806877,"20":0.633235395,"21":0.632740438,"22":0.6334383488,"23":0.6329334974,"24":0.6331843138,"25":0.6329466701,"26":0.6322339773,"27":0.6327025294,"28":0.6323230267,"29":0.6317636967,"30":0.6327091455,"31":0.6324352026,"32":0.6326794624,"33":0.6318017244,"34":0.6319122314,"35":0.63250947,"36":0.632813096,"37":0.6326348782,"38":0.6323924065,"39":0.6321234703,"40":0.6322438717,"41":0.6317225099,"42":0.6311268806,"43":0.631202817,"44":0.6322636604,"45":0.6304570436,"46":0.6301583648,"47":0.6294786334,"48":0.6310542822,"49":0.6295726895,"50":0.6292740703,"51":0.6297294497,"52":0.630874455,"53":0.6292443275,"54":0.6288978457,"55":0.6298482418,"56":0.6295974255,"57":0.6287707686,"58":0.628711462,"59":0.6296156049,"60":0.6280432343,"61":0.6291536093,"62":0.6283583641,"63":0.6297030449,