{"loss":{"0":52.7334709167,"1":51.818397522,"2":50.9710884094,"3":50.1429176331,"4":49.2928543091,"5":48.4971008301,"6":47.7029457092,"7":46.9008293152,"8":46.1299705505,"9":45.3756904602,"10":44.6224746704,"11":43.8666954041,"12":43.1353302002,"13":42.4198570251,"14":41.7232627869,"15":41.023311615,"16":40.3352470398,"17":39.650718689,"18":39.0042648315,"19":38.3337173462,"20":37.686542511,"21":37.0669555664,"22":36.4306106567,"23":35.8222160339,"24":35.2035102844,"25":34.5967597961,"26":34.0073051453,"27":33.4295883179,"28":32.8480644226,"29":32.2725753784,"30":31.7113380432,"31":31.1507663727,"32":30.6176662445,"33":30.0952339172,"34":29.540813446,"35":29.0343437195,"36":28.5216083527,"37":28.0023918152,"38":27.5107898712,"39":27.0141563416,"40":26.5108108521,"41":26.0636978149,"42":25.5724239349,"43":25.1191501617,"44":24.6653003693,"45":24.2087345123,"46":23.7479782104,"47":23.3008155823,"48":22.8669490814,"49":22.4515094757,"50":22.0158119202,"51":21.5956840515,"52":21.1958732605,"53":20.7882328033,"54":20.3744316101,"55":19.9970989227,"56":19.6117362976,"57":19.2270374298,"58":18.8603210449,"59":18.491476059,"60":18.1188621521,"61":17.7619609833,"62":17.3975143433,"63":17.0652866364,"64":16.7056217194,"65":16.3757591248,"66":16.034620285,"67":15.7116956711,"68":15.389998436,"69":15.0624628067,"70":14.7540817261,"71":14.4476308823,"72":14.1419496536,"73":13.8593587875,"74":13.5400333405},"acc":{"0":0.5286233425,"1":0.5611085892,"2":0.5520218015,"3":0.5461153984,"4":0.5674693584,"5":0.5515674949,"6":0.5552021861,"7":0.5570195317,"8":0.5640617609,"9":0.5697410107,"10":0.5604270697,"11":0.5667878389,"12":0.5699682236,"13":0.5761017799,"14":0.5649704933,"15":0.5695138574,"16":0.5736029148,"17":0.5797364712,"18":0.5622444153,"19":0.5767832994,"20":0.583371222,"21":0.5690594912,"22":0.5842798948,"23":0.5704225302,"24":0.5770104527,"25":0.5854157209,"26":0.5860972404,"27":0.5790549517,"28":0.5817810297,"29":0.5874602199,"30":0.5863243937,"31":0.5895047784,"32":0.5831440091,"33":0.5910949707,"34":0.5956383348,"35":0.5949568152,"36":0.5865515471,"37":0.5979100466,"38":0.5826897025,"39":0.5795093179,"40":0.6001817584,"41":0.5845070481,"42":0.6010904312,"43":0.582008183,"44":0.5874602199,"45":0.5810995102,"46":0.591322124,"47":0.6065424681,"48":0.5970013738,"49":0.5947296619,"50":0.5879145861,"51":0.5974556804,"52":0.5940481424,"53":0.5976828933,"54":0.6122217178,"55":0.5963198543,"56":0.5974556804,"57":0.5924579501,"58":0.6017719507,"59":0.5917764902,"60":0.5933666229,"61":0.5992730856,"62":0.6044979692,"63":0.5851885676,"64":0.601999104,"65":0.5915492773,"66":0.5990458727,"67":0.5922307968,"68":0.5983643532,"69":0.6017719507,"70":0.5970013738,"71":0.600636065,"72":0.5945025086,"73":0.5920036435,"74":0.6015447378},"auc":{"0":0.5468328595,"1":0.6037811041,"2":0.6004417539,"3":0.5987620354,"4":0.6225589514,"5":0.6064593792,"6":0.6038349867,"7":0.6153311729,"8":0.6133550406,"9":0.6104500294,"10":0.611009717,"11":0.6222813129,"12":0.6234798431,"13":0.6246615052,"14":0.6187925339,"15":0.6184659004,"16":0.626424551,"17":0.631287694,"18":0.6143830419,"19":0.6272478104,"20":0.6333602667,"21":0.6181079149,"22":0.6255455017,"23":0.6142373085,"24":0.6227666736,"25":0.6257320642,"26":0.6295781136,"27":0.6217312813,"28":0.6185518503,"29":0.6300690174,"30":0.6284987926,"31":0.6337527037,"32":0.6304877996,"33":0.6249467134,"34":0.6387072802,"35":0.6332346201,"36":0.6238711476,"37":0.6371589899,"38":0.6251248121,"39":0.6296802759,"40":0.6414131522,"41":0.6247214079,"42":0.6369028091,"43":0.6241898537,"44":0.626052618,"45":0.6229149103,"46":0.6332963705,"47":0.6412349939,"48":0.6343096495,"49":0.6316998601,"50":0.6359226108,"51":0.644955039,"52":0.6342312694,"53":0.6378634572,"54":0.6551315784,"55":0.6370577812,"56":0.6391477585,"57":0.6381014585,"58":0.6385689974,"59":0.6327677369,"60":0.6375880241,"61":0.6376538277,"62":0.6476740837,"63":0.62907511,"64":0.6440151334,"65":0.6338152885,"66":0.6458425522,"67":0.6412780285,"68":0.6441664696,"69":0.6481370926,"70":0.644600153,"71":0.6408761144,"72":0.6463400126,"73":0.6350944638,"74":0.6522319317},"val_loss":{"0":52.0385971069,"1":51.172416687,"2":50.3615455627,"3":49.5556221008,"4":48.7417945862,"5":47.9311332703,"6":47.1634254456,"7":46.3612442017,"8":45.5866355896,"9":44.8337974548,"10":44.1090011597,"11":43.3736572266,"12":42.6416130066,"13":41.9302978516,"14":41.22265625,"15":40.5347747803,"16":39.8578262329,"17":39.1881523132,"18":38.5303115845,"19":37.8829116821,"20":37.2478179932,"21":36.6208076477,"22":35.9995002747,"23":35.3871879578,"24":34.787197113,"25":34.1937942505,"26":33.5982017517,"27":33.0175552368,"28":32.4484329224,"29":31.8857421875,"30":31.3297080994,"31":30.7836914062,"32":30.2449932098,"33":29.7127914429,"34":29.1884479523,"35":28.6714897156,"36":28.1608009338,"37":27.658618927,"38":27.1628379822,"39":26.6742343903,"40":26.1936302185,"41":25.7192134857,"42":25.2528915405,"43":24.7896156311,"44":24.3323001862,"45":23.887840271,"46":23.4428653717,"47":23.0071411133,"48":22.5782375336,"49":22.1527729034,"50":21.7312450409,"51":21.3179130554,"52":20.9153213501,"53":20.5136585236,"54":20.1178131104,"55":19.7282543182,"56":19.3423423767,"57":18.9654464722,"58":18.5931720734,"59":18.2252140045,"60":17.8656215668,"61":17.5101852417,"62":17.1598987579,"63":16.8135757446,"64":16.4754180908,"65":16.1372127533,"66":15.8069496155,"67":15.4855442047,"68":15.1714525223,"69":14.8530035019,"70":14.5385332108,"71":14.2356138229,"72":13.93318367,"73":13.6394319534,"74":13.3490247726},"val_acc":{"0":0.5694822669,"1":0.5930972099,"2":0.5940054655,"3":0.5767484307,"4":0.5930972099,"5":0.6003633142,"6":0.5949137211,"7":0.6103542447,"8":0.6030880809,"9":0.608537674,"10":0.6076294184,"11":0.608537674,"12":0.6067211628,"13":0.6112625003,"14":0.6194368601,"15":0.6212534308,"16":0.6194368601,"17":0.6212534308,"18":0.6185286045,"19":0.6185286045,"20":0.6212534308,"21":0.6221616864,"22":0.6257947087,"23":0.6248864532,"24":0.6312443018,"25":0.6285195351,"26":0.6294277906,"27":0.6303360462,"28":0.6303360462,"29":0.6285195351,"30":0.613987267,"31":0.6203451157,"32":0.6276112795,"33":0.608537674,"34":0.6185286045,"35":0.6294277906,"36":0.6148955226,"37":0.6203451157,"38":0.6167120934,"39":0.6094459295,"40":0.6103542447,"41":0.6094459295,"42":0.6058129072,"43":0.6067211628,"44":0.6112625003,"45":0.6103542447,"46":0.6103542447,"47":0.608537674,"48":0.6121707559,"49":0.6103542447,"50":0.6103542447,"51":0.6121707559,"52":0.6121707559,"53":0.6076294184,"54":0.6103542447,"55":0.6076294184,"56":0.6167120934,"57":0.6176203489,"58":0.613987267,"59":0.6212534308,"60":0.6058129072,"61":0.6094459295,"62":0.6076294184,"63":0.6121707559,"64":0.6094459295,"65":0.6148955226,"66":0.6148955226,"67":0.6112625003,"68":0.608537674,"69":0.6112625003,"70":0.6112625003,"71":0.6121707559,"72":0.6148955226,"73":0.613987267,"74":0.6103542447},"val_auc":{"0":0.6566625834,"1":0.6565981507,"2":0.6557797194,"3":0.6489548683,"4":0.6508425474,"5":0.6551510096,"6":0.6553721428,"7":0.6552945375,"8":0.6560206413,"9":0.6530734897,"10":0.6564875841,"11":0.6586690545,"12":0.6577335,"13":0.6583687067,"14":0.6590634584,"15":0.6581889391,"16":0.6587269306,"17":0.6593900919,"18":0.6585601568,"19":0.6588605046,"20":0.6590106487,"21":0.6585304141,"22":0.6597003937,"23":0.660112977,"24":0.661947906,"25":0.6614098549,"26":0.6618323326,"27":0.6614561081,"28":0.6612136364,"29":0.6615666747,"30":0.6609231234,"31":0.6607449055,"32":0.6604446173,"33":0.6600205898,"34":0.6608950496,"35":0.6620617509,"36":0.6623983383,"37":0.6613076329,"38":0.6614643931,"39":0.6612845063,"40":0.6619181633,"41":0.6612927914,"42":0.6609842181,"43":0.6616623402,"44":0.662101388,"45":0.6613191366,"46":0.6622283459,"47":0.6622647047,"48":0.6616360545,"49":0.662211895,"50":0.6616936922,"51":0.6612778306,"52":0.6611657143,"53":0.6601393223,"54":0.6602399945,"55":0.6604660749,"56":0.6607234478,"57":0.6598439217,"58":0.6612647176,"59":0.6620716453,"60":0.6616210938,"61":0.6614000201,"62":0.6619280577,