{"loss":{"0":54.1428604126,"1":53.2609977722,"2":52.3826904297,"3":51.5335845947,"4":50.6957969666,"5":49.8654251099,"6":49.0490722656,"7":48.2573890686,"8":47.4579582214,"9":46.6796417236,"10":45.9377822876,"11":45.1689376831,"12":44.4287414551,"13":43.679359436,"14":42.9665374756,"15":42.2658081055,"16":41.5367431641,"17":40.8453598022,"18":40.1689796448,"19":39.5002288818,"20":38.8357963562,"21":38.1858253479,"22":37.5502166748,"23":36.8949890137,"24":36.27318573,"25":35.6674308777,"26":35.054397583,"27":34.4536705017,"28":33.8577346802,"29":33.2745361328,"30":32.6923751831,"31":32.1189575195,"32":31.5827388763,"33":31.0176277161,"34":30.4664325714,"35":29.9255447388,"36":29.398733139,"37":28.8712215424,"38":28.3407592773,"39":27.8404254913,"40":27.3498039246,"41":26.82771492,"42":26.3484859467,"43":25.878534317,"44":25.4023456573,"45":24.9387569427,"46":24.4702777863,"47":23.9907398224,"48":23.5539035797,"49":23.1177196503,"50":22.673789978,"51":22.2517280579,"52":21.8382205963,"53":21.4044685364,"54":20.9838047028,"55":20.6039867401,"56":20.190612793,"57":19.792881012,"58":19.4129238129,"59":19.0276832581,"60":18.6273365021,"61":18.2546615601,"62":17.8992404938,"63":17.5524959564,"64":17.1743431091,"65":16.8312892914,"66":16.4776706696,"67":16.1434459686,"68":15.8080911636,"69":15.4658088684,"70":15.1460008621,"71":14.8203659058,"72":14.5253686905,"73":14.2154531479,"74":13.9075307846},"acc":{"0":0.5417991877,"1":0.5440708995,"2":0.5590640903,"3":0.5749659538,"4":0.5697410107,"5":0.5813266635,"6":0.5683780313,"7":0.5720127225,"8":0.5824624896,"9":0.5740572214,"10":0.5533848405,"11":0.5742844343,"12":0.5670149922,"13":0.5786006451,"14":0.5692867041,"15":0.5651976466,"16":0.5851885676,"17":0.5801908374,"18":0.5858700871,"19":0.582008183,"20":0.5701953769,"21":0.5842798948,"22":0.5815538168,"23":0.5954111814,"24":0.5792821646,"25":0.5835983753,"26":0.5860972404,"27":0.5842798948,"28":0.5742844343,"29":0.5781462789,"30":0.5870059133,"31":0.5840526819,"32":0.5736029148,"33":0.5781462789,"34":0.5904134512,"35":0.5831440091,"36":0.5904134512,"37":0.5890504122,"38":0.5890504122,"39":0.5908677578,"40":0.5808723569,"41":0.58677876,"42":0.5874602199,"43":0.5945025086,"44":0.5929123163,"45":0.5829168558,"46":0.5863243937,"47":0.5935938358,"48":0.5949568152,"49":0.5888232589,"50":0.5924579501,"51":0.5860972404,"52":0.5842798948,"53":0.5872330666,"54":0.5947296619,"55":0.5824624896,"56":0.5776919723,"57":0.5851885676,"58":0.5835983753,"59":0.5817810297,"60":0.5990458727,"61":0.596092701,"62":0.5933666229,"63":0.5792821646,"64":0.5956383348,"65":0.5892776251,"66":0.5922307968,"67":0.5888232589,"68":0.5981371999,"69":0.5985915661,"70":0.5945025086,"71":0.5954111814,"72":0.5858700871,"73":0.5854157209,"74":0.5870059133},"auc":{"0":0.5619785786,"1":0.5756442547,"2":0.5914224386,"3":0.5952621102,"4":0.5942093134,"5":0.60053128,"6":0.6053647399,"7":0.5948631763,"8":0.6073545814,"9":0.6062690616,"10":0.5866764188,"11":0.5998978615,"12":0.6005393267,"13":0.6122868657,"14":0.6069692373,"15":0.5999525785,"16":0.6227472425,"17":0.6145735979,"18":0.6213185787,"19":0.6174257994,"20":0.610527873,"21":0.6209248304,"22":0.6121257544,"23":0.6265581846,"24":0.6224281192,"25":0.6178445816,"26":0.6195985079,"27":0.6194215417,"28":0.6158594489,"29":0.6204667687,"30":0.6243050098,"31":0.6272565126,"32":0.6079716682,"33":0.6151473522,"34":0.6234406233,"35":0.6261942983,"36":0.625433743,"37":0.6256216764,"38":0.6341198683,"39":0.632899344,"40":0.6179927588,"41":0.6348922253,"42":0.6290236712,"43":0.6262255311,"44":0.6276428699,"45":0.6222400665,"46":0.6218465567,"47":0.6384516954,"48":0.6355375051,"49":0.6318893433,"50":0.6355565786,"51":0.6284874082,"52":0.6205918789,"53":0.6311184168,"54":0.6366641521,"55":0.617279768,"56":0.6210093498,"57":0.6277666092,"58":0.6206803322,"59":0.622153461,"60":0.6423131227,"61":0.6423242092,"62":0.6312221289,"63":0.6214456558,"64":0.6375592351,"65":0.6301894188,"66":0.6337096691,"67":0.6291929483,"68":0.641507864,"69":0.6417859793,"70":0.6373535395,"71":0.6478282213,"72":0.6295759082,"73":0.6287304163,"74":0.6325041652},"val_loss":{"0":53.5392189026,"1":52.6424331665,"2":51.8171844482,"3":51.0114326477,"4":50.227771759,"5":49.4030189514,"6":48.6327629089,"7":47.867149353,"8":47.0742912292,"9":46.3012771606,"10":45.5779647827,"11":44.8289260864,"12":44.0643577576,"13":43.3253097534,"14":42.6365776062,"15":41.9376296997,"16":41.2468338013,"17":40.5349388123,"18":39.868309021,"19":39.1944122314,"20":38.5026473999,"21":37.8767623901,"22":37.2664718628,"23":36.6124229431,"24":36.0204696655,"25":35.3943481445,"26":34.7718696594,"27":34.1640014648,"28":33.5571899414,"29":32.9671592712,"30":32.3868522644,"31":31.815952301,"32":31.2506961823,"33":30.6917972565,"34":30.1464824677,"35":29.5961818695,"36":29.0639095306,"37":28.5402641296,"38":28.0150852203,"39":27.5128097534,"40":27.0122032166,"41":26.5196590424,"42":26.0301551819,"43":25.5504322052,"44":25.0772628784,"45":24.6092147827,"46":24.1541023254,"47":23.7020778656,"48":23.2490158081,"49":22.8120956421,"50":22.3811035156,"51":21.9537696838,"52":21.526266098,"53":21.110496521,"54":20.7006549835,"55":20.297908783,"56":19.8994445801,"57":19.5118255615,"58":19.1234779358,"59":18.7424545288,"60":18.366771698,"61":17.9983692169,"62":17.6334629059,"63":17.2724552155,"64":16.9195804596,"65":16.5728626251,"66":16.2324619293,"67":15.8959951401,"68":15.566204071,"69":15.2364807129,"70":14.9124574661,"71":14.5940265656,"72":14.2804489136,"73":13.9734745026,"74":13.6712388992},"val_acc":{"0":0.6403269768,"1":0.6203451157,"2":0.5785649419,"3":0.5585830808,"4":0.5158946514,"5":0.5467756391,"6":0.5213442445,"7":0.5122615695,"8":0.5104450583,"9":0.5231607556,"10":0.507720232,"11":0.5040872097,"12":0.5195276737,"13":0.5286103487,"14":0.5104450583,"15":0.5177111626,"16":0.5113533139,"17":0.5231607556,"18":0.5131698251,"19":0.5213442445,"20":0.5286103487,"21":0.5231607556,"22":0.5140781403,"23":0.5267938375,"24":0.5204359889,"25":0.5140781403,"26":0.5240690112,"27":0.5286103487,"28":0.5286103487,"29":0.5249772668,"30":0.525885582,"31":0.531335175,"32":0.5340599418,"33":0.5331516862,"34":0.5376930237,"35":0.5476838946,"36":0.5513169765,"37":0.5549500585,"38":0.5785649419,"39":0.5712988377,"40":0.5794731975,"41":0.5785649419,"42":0.5858310461,"43":0.5940054655,"44":0.5967302322,"45":0.6067211628,"46":0.6030880809,"47":0.5967302322,"48":0.6130790114,"49":0.608537674,"50":0.6067211628,"51":0.6067211628,"52":0.6203451157,"53":0.6185286045,"54":0.6203451157,"55":0.6212534308,"56":0.6176203489,"57":0.6103542447,"58":0.6148955226,"59":0.6203451157,"60":0.623069942,"61":0.6185286045,"62":0.6221616864,"63":0.6239781976,"64":0.623069942,"65":0.6248864532,"66":0.6203451157,"67":0.6212534308,"68":0.6185286045,"69":0.6194368601,"70":0.6257947087,"71":0.6285195351,"72":0.6303360462,"73":0.6376021504,"74":0.6357856393},"val_auc":{"0":0.6692678332,"1":0.6691093445,"2":0.6689937115,"3":0.6690102816,"4":0.6688319445,"5":0.6700389385,"6":0.6716141701,"7":0.6722086668,"8":0.6729136705,"9":0.6727750301,"10":0.6741719246,"11":0.6750785112,"12":0.675620079,"13":0.6753920913,"14":0.675560534,"15":0.6765909195,"16":0.6769443154,"17":0.67651999,"18":0.6771177053,"19":0.6776559353,"20":0.6776212454,"21":0.6778408289,"22":0.6780407429,"23":0.6773900986,"24":0.6781711578,"25":0.6783527732,"26":0.678143084,"27":0.6781711578,"28":0.6784369946,"29":0.6784088612,"30":0.6783032417,"31":0.6784484982,"32":0.6790363789,"33":0.6792395115,"34":0.6791915298,"35":0.6793864369,"36":0.6794078946,"37":0.6790742874,"38":0.6787986159,"39":0.6788233519,"40":0.6784931421,"41":0.6785211563,"42":0.6784815788,"43":0.6781067252,"44":0.6784105301,"45":0.6782338619,"46":0.6781579256,"47":0.6784617901,"48":0.6779383421,"49":0.6785525084,"50":0.6784864664,"51":0.6784617901,"52":0.6785871983,"53":0.6790380478,"54":0.6783081889,"55":0.6783163548,"56":0.6782487035,"57":0.6787589192,"58":0.6785889268,"59":0.6781529188,"60":0.6778640747,"61":0.6782519817,"62":0.6780027151,