{"loss":{"0":52.8243408203,"1":51.0129203796,"2":49.2611122131,"3":47.5718536377,"4":45.9361572266,"5":44.3412590027,"6":42.8111305237,"7":41.3302688599,"8":39.8880081177,"9":38.4810409546,"10":37.1131629944,"11":35.802192688,"12":34.5208435059,"13":33.277885437,"14":32.0598068237,"15":30.88007164,"16":29.7512264252,"17":28.649181366,"18":27.569065094,"19":26.5324993134,"20":25.5206241608,"21":24.529838562,"22":23.5720348358,"23":22.6453666687,"24":21.7542419434,"25":20.8829784393,"26":20.0279846191,"27":19.2134513855,"28":18.4196166992,"29":17.6407527924,"30":16.8968257904,"31":16.1761035919,"32":15.4737873077,"33":14.7922468185,"34":14.1324243546,"35":13.5037822723,"36":12.8795452118,"37":12.28474617,"38":11.7138805389,"39":11.158244133,"40":10.6339492798,"41":10.1197071075,"42":9.6160326004,"43":9.1487922668,"44":8.6847391129,"45":8.2437162399,"46":7.8238511086,"47":7.4120330811,"48":7.0287704468,"49":6.6491723061,"50":6.2789111137,"51":5.9502959251,"52":5.6143174171,"53":5.3067374229,"54":5.009396553,"55":4.7138414383,"56":4.4418697357,"57":4.1776528358,"58":3.9315464497,"59":3.6978240013,"60":3.4755067825,"61":3.2603421211,"62":3.0633234978,"63":2.8746066093,"64":2.691879034,"65":2.5283300877,"66":2.367143631,"67":2.2132437229,"68":2.0810759068,"69":1.9458531141,"70":1.8269246817,"71":1.7125338316,"72":1.6048119068,"73":1.5024501085,"74":1.4040142298},"acc":{"0":0.6719748378,"1":0.680316329,"2":0.6874661446,"3":0.6994908452,"4":0.7018741369,"5":0.7107572556,"6":0.7167153955,"7":0.7142238021,"8":0.714982152,"9":0.7193153501,"10":0.7249485254,"11":0.7272235155,"12":0.7254902124,"13":0.7266818285,"14":0.7359982729,"15":0.7410898209,"16":0.7378398776,"17":0.7369732261,"18":0.7398981452,"19":0.738923192,"20":0.7395731807,"21":0.7362149358,"22":0.7433647513,"23":0.7444480658,"24":0.7416314483,"25":0.7430397868,"26":0.7463980317,"27":0.7445563674,"28":0.7423897982,"29":0.7479146123,"30":0.7448813915,"31":0.7468313575,"32":0.7461813688,"33":0.7453147173,"34":0.7466146946,"35":0.7454230189,"36":0.749106288,"37":0.7545228004,"38":0.7499729395,"39":0.7528978586,"40":0.7492145896,"41":0.7561477423,"42":0.7561477423,"43":0.753439486,"44":0.7525728345,"45":0.756581068,"46":0.7548478246,"47":0.7558227777,"48":0.7558227777,"49":0.7536561489,"50":0.7589643598,"51":0.7580977082,"52":0.7609143257,"53":0.7569060922,"54":0.753981173,"55":0.7574477196,"56":0.756581068,"57":0.7562561035,"58":0.7574477196,"59":0.7591810226,"60":0.7604809999,"61":0.7582060695,"62":0.7588560581,"63":0.7600476742,"64":0.7578810453,"65":0.7590726614,"66":0.756581068,"67":0.7632975578,"68":0.7597226501,"69":0.761672616,"70":0.7601559758,"71":0.7658975124,"72":0.762214303,"73":0.7608059645,"74":0.763622582},"auc":{"0":0.5517116189,"1":0.5755797625,"2":0.5782968402,"3":0.5801120996,"4":0.5818589926,"5":0.5982661247,"6":0.5925925374,"7":0.5861867666,"8":0.5856267214,"9":0.5977272987,"10":0.6053416729,"11":0.5975188017,"12":0.5980957747,"13":0.5985559225,"14":0.6119516492,"15":0.6194425821,"16":0.6094218493,"17":0.601454854,"18":0.6134008169,"19":0.6038661003,"20":0.6008421183,"21":0.6109538078,"22":0.61326015,"23":0.6138590574,"24":0.6056999564,"25":0.6041234732,"26":0.6142841578,"27":0.6083587408,"28":0.6070677042,"29":0.6134113669,"30":0.6047356129,"31":0.6032886505,"32":0.6123110056,"33":0.6136744618,"34":0.6165622473,"35":0.6136497259,"36":0.6215820312,"37":0.6267768145,"38":0.6264153719,"39":0.6286840439,"40":0.6205445528,"41":0.6169179678,"42":0.6285889745,"43":0.6197179556,"44":0.6291798949,"45":0.6237805486,"46":0.6188854575,"47":0.6293974519,"48":0.613812983,"49":0.625,"50":0.6361902952,"51":0.620443821,"52":0.625330925,"53":0.6196833253,"54":0.6130114794,"55":0.6277751923,"56":0.6240969896,"57":0.6304485202,"58":0.6305148602,"59":0.6274722815,"60":0.6284058094,"61":0.6324827671,"62":0.6288763285,"63":0.6279400587,"64":0.6308922768,"65":0.6252118349,"66":0.631151855,"67":0.6386099458,"68":0.6254665256,"69":0.6321521401,"70":0.6270557046,"71":0.626742959,"72":0.6323832273,"73":0.6372225285,"74":0.6471059322},"val_loss":{"0":51.7767066956,"1":50.0050315857,"2":48.2938766479,"3":46.6398391724,"4":45.038684845,"5":43.4873695374,"6":41.979221344,"7":40.518245697,"8":39.0971603394,"9":37.7184791565,"10":36.3815155029,"11":35.0822410583,"12":33.8228149414,"13":32.5949668884,"14":31.4051456451,"15":30.2516593933,"16":29.1283435822,"17":28.0372486115,"18":26.9783153534,"19":25.9515285492,"20":24.9543590546,"21":23.9865970612,"22":23.0476741791,"23":22.1359233856,"24":21.2519264221,"25":20.3936138153,"26":19.5608654022,"27":18.7525424957,"28":17.9709949493,"29":17.2130031586,"30":16.4791641235,"31":15.7703266144,"32":15.083732605,"33":14.4176540375,"34":13.7751646042,"35":13.149687767,"36":12.5505552292,"37":11.9726076126,"38":11.4116373062,"39":10.8717298508,"40":10.3464279175,"41":9.8401632309,"42":9.3516197205,"43":8.8860721588,"44":8.4390439987,"45":8.0087146759,"46":7.5939073563,"47":7.2017126083,"48":6.822851181,"49":6.4614481926,"50":6.1186051369,"51":5.7822132111,"52":5.4559760094,"53":5.1590394974,"54":4.8665752411,"55":4.5890851021,"56":4.3289227486,"57":4.0794763565,"58":3.8361227512,"59":3.6101391315,"60":3.3974742889,"61":3.2112867832,"62":3.0238938332,"63":2.836073637,"64":2.6662783623,"65":2.5039308071,"66":2.3567359447,"67":2.2149493694,"68":2.0880260468,"69":1.9667791128,"70":1.8475443125,"71":1.74041152,"72":1.642406702,"73":1.5558644533,"74":1.4681077003},"val_acc":{"0":0.7538994551,"1":0.7538994551,"2":0.7673310041,"3":0.7699306607,"4":0.7703639269,"5":0.7703639269,"6":0.7712305188,"7":0.7707972527,"8":0.7707972527,"9":0.7681975961,"10":0.7673310041,"11":0.7686308622,"12":0.7707972527,"13":0.7690641284,"14":0.7681975961,"15":0.7712305188,"16":0.7694973946,"17":0.7681975961,"18":0.7703639269,"19":0.7712305188,"20":0.7707972527,"21":0.7707972527,"22":0.7694973946,"23":0.7690641284,"24":0.7677642703,"25":0.7677642703,"26":0.7677642703,"27":0.7690641284,"28":0.7677642703,"29":0.7677642703,"30":0.7681975961,"31":0.7690641284,"32":0.7686308622,"33":0.7686308622,"34":0.7686308622,"35":0.7686308622,"36":0.7690641284,"37":0.7690641284,"38":0.7694973946,"39":0.7694973946,"40":0.7694973946,"41":0.7690641284,"42":0.7694973946,"43":0.7690641284,"44":0.7690641284,"45":0.7694973946,"46":0.7694973946,"47":0.7694973946,"48":0.7690641284,"49":0.7686308622,"50":0.7673310041,"51":0.7673310041,"52":0.7673310041,"53":0.7655979395,"54":0.7673310041,"55":0.7655979395,"56":0.7655979395,"57":0.7651646733,"58":0.7655979395,"59":0.7651646733,"60":0.7651646733,"61":0.7629982829,"62":0.7629982829,"63":0.7629982829,"64":0.7629982829,"65":0.7608318925,"66":0.7577989697,"67":0.7577989697,"68":0.7538994551,"69":0.7538994551,"70":0.7538994551,"71":0.7538994551,"72":0.7538994551,"73":0.7538994551,"74":0.7538994551},"val_auc":{"0":0.6607373953,"1":0.6606959105,"2":0.6606594324,"3":0.6614639163,"4":0.6610440016,"5":0.6613672376,"6":0.6614932418,"7":0.6614108086,"8":0.660847187,"9":0.6623108387,"10":0.6617963314,"11":0.661472559,"12":0.6615327001,"13":0.6618079543,"14":0.6616243124,"15":0.6619252563,"16":0.6623476744,"17":0.6622773409,"18":0.6628754139,"19":0.6628764272,"20":0.6632695794,"21":0.6621352434,"22":0.6626729965,"23":0.662515223,"24":0.6626082063,"25":0.6624165773,"26":0.6623117924,"27":0.6623821259,"28":0.6623613834,"29":0.6629998684,"30":0.6624464989,"31":0.6630589962,"32":0.6635735631,"33":0.6631197333,"34":0.6630641222,"35":0.6633822918,"36":0.6633884311,"37":0.6634571552,"38":0.6632072926,"39":0.6631288528,"40":0.6638786197,"41":0.6641882062,"42":0.6639185548,"43":0.6634136438,"44":0.6633939147,"45":0.6643369198,"46":0.6640319228,"47":0.6636676192,"48":0.6645772457,"49":0.6643080711,"50":0.6648545265,"51":0.6657358408,"52":0.66462183,"53":0.6656295657,"54":0.6666646004,"55":0.665856719,"56":0.6661987305,"57":0.6665159464,"58":0.6663044691,"59":0.6669155359,"60":0.6670936346,"61":0.6668406725,"62":0.6676815152,"63":0.6677199602,"64":0.6675434113,"65":0.6676207781,"66":0.6665563583,