{"loss":{"0":53.1606712341,"1":51.3198127747,"2":49.555644989,"3":47.8251075745,"4":46.1732711792,"5":44.5574913025,"6":42.9802894592,"7":41.4713821411,"8":40.0066604614,"9":38.5888175964,"10":37.1988830566,"11":35.8669548035,"12":34.5627098083,"13":33.3010368347,"14":32.0943603516,"15":30.9151325226,"16":29.7545261383,"17":28.6468048096,"18":27.5660209656,"19":26.512720108,"20":25.4847602844,"21":24.5057582855,"22":23.5343780518,"23":22.6131229401,"24":21.7037277222,"25":20.8282985687,"26":19.9811630249,"27":19.1614589691,"28":18.366985321,"29":17.5862560272,"30":16.839723587,"31":16.104227066,"32":15.4084434509,"33":14.732257843,"34":14.0725507736,"35":13.4386634827,"36":12.836722374,"37":12.2363214493,"38":11.6615171432,"39":11.1172103882,"40":10.5795965195,"41":10.0755558014,"42":9.577331543,"43":9.1047201157,"44":8.6475391388,"45":8.2030982971,"46":7.7803106308,"47":7.3751711845,"48":6.9827442169,"49":6.6175556183,"50":6.2553329468,"51":5.917216301,"52":5.5845947266,"53":5.2758321762,"54":4.9765849113,"55":4.6934986115,"56":4.4220414162,"57":4.1674451828,"58":3.9286782742,"59":3.6912696362,"60":3.4690351486,"61":3.2523651123,"62":3.0626683235,"63":2.8604280949,"64":2.6974711418,"65":2.5258111954,"66":2.3716733456,"67":2.2180159092,"68":2.0857050419,"69":1.9572753906,"70":1.8336963654,"71":1.7172410488,"72":1.6175673008,"73":1.5177301168,"74":1.4281668663},"acc":{"0":0.3955151141,"1":0.4222727716,"2":0.4326725304,"3":0.4540136456,"4":0.4639800787,"5":0.4779547155,"6":0.5062289834,"7":0.5150038004,"8":0.5325533748,"9":0.5522695184,"10":0.5685191154,"11":0.5871520042,"12":0.6009099483,"13":0.6076264977,"14":0.6175928712,"15":0.6183512211,"16":0.6356841326,"17":0.639367342,"18":0.6454338431,"19":0.6543169618,"20":0.6609251499,"21":0.6693749428,"22":0.6751164794,"23":0.6839995384,"24":0.6839995384,"25":0.6906077266,"26":0.6845412254,"27":0.6959159374,"28":0.6940743327,"29":0.701115787,"30":0.7054490447,"31":0.7119488716,"32":0.7145488262,"33":0.7167153955,"34":0.7164987326,"35":0.7197486758,"36":0.7147654891,"37":0.7189903855,"38":0.7297151089,"39":0.7252735496,"40":0.7221319675,"41":0.7277651429,"42":0.7288484573,"43":0.7280901074,"44":0.7292817831,"45":0.7346982956,"46":0.7370815873,"47":0.7335066795,"48":0.7338316441,"49":0.7384898663,"50":0.7375149131,"51":0.7356732488,"52":0.7384898663,"53":0.7364315987,"54":0.7369732261,"55":0.7391398549,"56":0.7375149131,"57":0.7416314483,"58":0.7362149358,"59":0.7376232147,"60":0.7384898663,"61":0.7419564724,"62":0.7410898209,"63":0.7461813688,"64":0.7458563447,"65":0.7498645782,"66":0.740331471,"67":0.7454230189,"68":0.7469396591,"69":0.7465063334,"70":0.7465063334,"71":0.7473729849,"72":0.7468313575,"73":0.7481312752,"74":0.7466146946},"auc":{"0":0.5464650989,"1":0.5706855059,"2":0.5692743659,"3":0.5889080763,"4":0.575422585,"5":0.5862193108,"6":0.595656395,"7":0.5866844654,"8":0.5944746137,"9":0.6001703739,"10":0.5948474407,"11":0.5942508578,"12":0.5982391238,"13":0.6006981134,"14":0.5893852115,"15":0.5803618431,"16":0.6005195379,"17":0.5876003504,"18":0.5795588493,"19":0.5890462399,"20":0.5891916752,"21":0.5854619741,"22":0.5983042717,"23":0.5860055089,"24":0.5933698416,"25":0.593911767,"26":0.5922522545,"27":0.5900973082,"28":0.5899969935,"29":0.5972393751,"30":0.5934411287,"31":0.608256042,"32":0.6030600071,"33":0.6008198261,"34":0.6020632982,"35":0.6050756574,"36":0.5941375494,"37":0.6001923084,"38":0.6061146259,"39":0.5995755196,"40":0.6076324582,"41":0.6003606319,"42":0.6020358801,"43":0.6051290035,"44":0.6051478386,"45":0.6110488772,"46":0.6102837324,"47":0.6141984463,"48":0.6139348745,"49":0.6078455448,"50":0.6116653681,"51":0.608027339,"52":0.6190507412,"53":0.6188477278,"54":0.6174489856,"55":0.614908576,"56":0.6188430786,"57":0.6137603521,"58":0.6094335318,"59":0.6116018295,"60":0.6144149303,"61":0.6261945963,"62":0.6165150404,"63":0.6325556636,"64":0.6131506562,"65":0.622705102,"66":0.6245907545,"67":0.6369170547,"68":0.6204888821,"69":0.6179646254,"70":0.6262689829,"71":0.6323399544,"72":0.6257722378,"73":0.6223915815,"74":0.6254154444},"val_loss":{"0":51.810874939,"1":50.1217536926,"2":48.4189453125,"3":46.773525238,"4":45.1329536438,"5":43.5604553223,"6":42.0181655884,"7":40.5488166809,"8":39.1483802795,"9":37.7492256165,"10":36.3815307617,"11":35.0542182922,"12":33.7802734375,"13":32.5487785339,"14":31.3555698395,"15":30.1966323853,"16":29.0680446625,"17":27.9651031494,"18":26.9002494812,"19":25.8650493622,"20":24.860742569,"21":23.8902263641,"22":22.9418392181,"23":22.0270652771,"24":21.1416091919,"25":20.2837963104,"26":19.4469718933,"27":18.6412296295,"28":17.859577179,"29":17.0973110199,"30":16.3628406525,"31":15.6524333954,"32":14.9633083344,"33":14.2978868484,"34":13.6531515121,"35":13.0303153992,"36":12.4303569794,"37":11.8502283096,"38":11.2890405655,"39":10.7498836517,"40":10.2295532227,"41":9.728975296,"42":9.2458677292,"43":8.7817640305,"44":8.3334760666,"45":7.9041295052,"46":7.4929704666,"47":7.0971617699,"48":6.7169394493,"49":6.3531899452,"50":6.0043325424,"51":5.6713881493,"52":5.3532862663,"53":5.0490531921,"54":4.7591767311,"55":4.4829645157,"56":4.2192425728,"57":3.9688379765,"58":3.7311077118,"59":3.5044567585,"60":3.2912173271,"61":3.0878183842,"62":2.8963215351,"63":2.7148070335,"64":2.5449316502,"65":2.3835692406,"66":2.2319424152,"67":2.0909640789,"68":1.9565330744,"69":1.8330361843,"70":1.7157992125,"71":1.6079984903,"72":1.5063513517,"73":1.4131801128,"74":1.3248612881},"val_acc":{"0":0.5814558268,"1":0.5558925271,"2":0.5675910115,"3":0.5710572004,"4":0.5966204405,"5":0.6195840836,"6":0.6512131691,"7":0.6577122808,"8":0.6629115939,"9":0.6889081597,"10":0.7036395073,"11":0.7261698246,"12":0.7357019186,"13":0.7435008883,"14":0.7465338111,"15":0.7478336096,"16":0.7482668757,"17":0.7586655021,"18":0.7595320344,"19":0.7612651587,"20":0.7625650167,"21":0.7625650167,"22":0.7651646733,"23":0.7655979395,"24":0.7677642703,"25":0.7677642703,"26":0.7694973946,"27":0.7690641284,"28":0.7694973946,"29":0.7690641284,"30":0.7707972527,"31":0.7699306607,"32":0.771663785,"33":0.7725303173,"34":0.7712305188,"35":0.7707972527,"36":0.7712305188,"37":0.7712305188,"38":0.7746967077,"39":0.7733969092,"40":0.7738301754,"41":0.771663785,"42":0.7725303173,"43":0.7725303173,"44":0.7751299739,"45":0.7751299739,"46":0.7725303173,"47":0.7742634416,"48":0.7755632401,"49":0.7746967077,"50":0.7751299739,"51":0.7746967077,"52":0.7759965062,"53":0.7746967077,"54":0.7742634416,"55":0.7772963643,"56":0.7755632401,"57":0.7759965062,"58":0.7772963643,"59":0.7755632401,"60":0.7781628966,"61":0.7755632401,"62":0.7777296305,"63":0.7781628966,"64":0.7785961628,"65":0.7803292871,"66":0.7794627547,"67":0.7803292871,"68":0.7781628966,"69":0.7794627547,"70":0.7803292871,"71":0.7807625532,"72":0.7807625532,"73":0.7803292871,"74":0.7798960209},"val_auc":{"0":0.6646723747,"1":0.662407279,"2":0.6642795801,"3":0.6603130102,"4":0.6615275145,"5":0.6536230445,"6":0.6541755795,"7":0.6557602882,"8":0.6420227885,"9":0.6395021677,"10":0.6496005058,"11":0.6447712779,"12":0.6505430937,"13":0.646425128,"14":0.6559708118,"15":0.6588099003,"16":0.6586114168,"17":0.6587690711,"18":0.6582862139,"19":0.6581754684,"20":0.6592252254,"21":0.6613080502,"22":0.6607015729,"23":0.6616882086,"24":0.6629807353,"25":0.6628571749,"26":0.6635835767,"27":0.6643084288,"28":0.6643173099,"29":0.6630342007,"30":0.6635437608,"31":0.664999187,"32":0.6642654538,"33":0.6646718979,"34":0.6652384996,"35":0.6654789448,"36":0.6666373014,"37":0.6671024561,"38":0.6663869619,"39":0.6667473316,"40":0.6675852537,"41":0.6676946878,"42":0.6673611403,"43":0.6677335501,"44":0.668351531,"45":0.6677658558,"46":0.6689542532,"47":0.6688327193,"48":0.6686793566,"49":0.6689626575,"50":0.6695795655,"51":0.669300437,"52":0.669904232,"53":0.6694612503,"54":0.6696900129,"55":0.6696990132,"56":0.6695250273,"57":0.6694507003,"58":0.669162631,"59":0.6693066955,"60":0.6697125435,"61":0.6707285643,"62":0.6713759303,"63":0.6711502075,"64":0.6720300317,"65":0.6717697382,