{"loss":{"0":52.1936759949,"1":50.3775405884,"2":48.6458396912,"3":46.9615211487,"4":45.3265113831,"5":43.7495651245,"6":42.2221031189,"7":40.7446136475,"8":39.3004951477,"9":37.9173469543,"10":36.5624961853,"11":35.2533378601,"12":33.9771728516,"13":32.7503547668,"14":31.5391540527,"15":30.3950748444,"16":29.2564582825,"17":28.1730442047,"18":27.0925121307,"19":26.0678005219,"20":25.0599842072,"21":24.0723114014,"22":23.1363582611,"23":22.216178894,"24":21.3383331299,"25":20.4731349945,"26":19.6260814667,"27":18.8205757141,"28":18.0358047485,"29":17.2818965912,"30":16.5393447876,"31":15.8352947235,"32":15.1373071671,"33":14.4735136032,"34":13.8325719833,"35":13.2135133743,"36":12.6080560684,"37":12.0311889648,"38":11.4514102936,"39":10.9176664352,"40":10.387046814,"41":9.8896665573,"42":9.4049358368,"43":8.937128067,"44":8.4987039566,"45":8.0660829544,"46":7.6378626823,"47":7.2466664314,"48":6.8693137169,"49":6.4962859154,"50":6.1471800804,"51":5.8133487701,"52":5.492193222,"53":5.1798443794,"54":4.8937134743,"55":4.6171135902,"56":4.3459262848,"57":4.0906448364,"58":3.8528721333,"59":3.6241388321,"60":3.410722971,"61":3.2030081749,"62":3.0090703964,"63":2.8184158802,"64":2.6468992233,"65":2.4931340218,"66":2.3331439495,"67":2.1903738976,"68":2.0539133549,"69":1.926430583,"70":1.8078221083,"71":1.6937391758,"72":1.5971610546,"73":1.4939044714,"74":1.4094437361},"acc":{"0":0.6278843284,"1":0.6515004039,"2":0.6524753571,"3":0.6555086374,"4":0.6661249995,"5":0.6800996661,"6":0.6858412027,"7":0.6787996888,"8":0.6894161105,"9":0.6921243668,"10":0.6974325776,"11":0.701657474,"12":0.7049073577,"13":0.7034990788,"14":0.7090239525,"15":0.7094572783,"16":0.7150904536,"17":0.7069656849,"18":0.7182320356,"19":0.7188820243,"20":0.7166070938,"21":0.7290651202,"22":0.7242985368,"23":0.7249485254,"24":0.7239735723,"25":0.7245151997,"26":0.7268984914,"27":0.7307984233,"28":0.7267901897,"29":0.7279818058,"30":0.7305817604,"31":0.7296067476,"32":0.730690062,"33":0.7323150039,"34":0.7340483069,"35":0.7305817604,"36":0.7312316895,"37":0.7344816327,"38":0.7362149358,"39":0.737731576,"40":0.7349149585,"41":0.7339400053,"42":0.7359982729,"43":0.7343733311,"44":0.7344816327,"45":0.7376232147,"46":0.7407647967,"47":0.7340483069,"48":0.737731576,"49":0.7390315533,"50":0.7355649471,"51":0.7375149131,"52":0.7419564724,"53":0.7447730303,"54":0.7396814823,"55":0.7439063787,"56":0.7466146946,"57":0.7429314256,"58":0.740331471,"59":0.7428231239,"60":0.7453147173,"61":0.7432563901,"62":0.7463980317,"63":0.750839591,"64":0.7460730076,"65":0.7475896478,"66":0.7455313802,"67":0.7416314483,"68":0.7467229962,"69":0.7460730076,"70":0.7472646236,"71":0.74401474,"72":0.7474812865,"73":0.7497562766,"74":0.7458563447},"auc":{"0":0.5514045954,"1":0.5804570317,"2":0.5847369432,"3":0.5801223516,"4":0.5922323465,"5":0.5938997865,"6":0.5976217985,"7":0.5927021503,"8":0.6005946994,"9":0.5968133211,"10":0.6008970737,"11":0.6057540774,"12":0.6064636707,"13":0.602597177,"14":0.6178691387,"15":0.6063660383,"16":0.6112760305,"17":0.6001536846,"18":0.6135509014,"19":0.6106558442,"20":0.6152929068,"21":0.6266465187,"22":0.6197068095,"23":0.6226755381,"24":0.6159828901,"25":0.6169874072,"26":0.6310338974,"27":0.6260841489,"28":0.6281695366,"29":0.6232116222,"30":0.6235157847,"31":0.6195645928,"32":0.6257176995,"33":0.6173683405,"34":0.6142747402,"35":0.6158297658,"36":0.6174548864,"37":0.6135499477,"38":0.632458508,"39":0.6276785135,"40":0.6307202578,"41":0.624966383,"42":0.6253697872,"43":0.6270199418,"44":0.6175476313,"45":0.6162917614,"46":0.6288019419,"47":0.6219921112,"48":0.6231685281,"49":0.6304829121,"50":0.626286149,"51":0.6274658442,"52":0.6297428608,"53":0.6359572411,"54":0.6286591291,"55":0.6277976036,"56":0.6323558092,"57":0.6332989335,"58":0.6353965998,"59":0.6363298893,"60":0.6320521832,"61":0.6339274645,"62":0.6376562119,"63":0.6450220942,"64":0.6450470686,"65":0.6301833391,"66":0.6399835348,"67":0.6409842372,"68":0.6358277798,"69":0.6397795677,"70":0.6426198483,"71":0.6392581463,"72":0.6373262405,"73":0.644228816,"74":0.6399847269},"val_loss":{"0":51.0781402588,"1":49.3229255676,"2":47.6512184143,"3":45.9939117432,"4":44.3908424377,"5":42.8366851807,"6":41.339099884,"7":39.886844635,"8":38.4823760986,"9":37.1108055115,"10":35.791015625,"11":34.5156402588,"12":33.2659416199,"13":32.0423583984,"14":30.8645305634,"15":29.7158145905,"16":28.6007881165,"17":27.5247936249,"18":26.4780006409,"19":25.4620285034,"20":24.4752807617,"21":23.5195198059,"22":22.5908565521,"23":21.6902523041,"24":20.8161888123,"25":19.9671497345,"26":19.142786026,"27":18.3465824127,"28":17.5756092072,"29":16.8264789581,"30":16.100233078,"31":15.4001569748,"32":14.7223310471,"33":14.066775322,"34":13.4341630936,"35":12.8217372894,"36":12.2292842865,"37":11.6574859619,"38":11.1062259674,"39":10.5764293671,"40":10.0661993027,"41":9.5728092194,"42":9.0979814529,"43":8.6419973373,"44":8.2009353638,"45":7.7778582573,"46":7.3710727692,"47":6.9820370674,"48":6.6117982864,"49":6.2586836815,"50":5.9219408035,"51":5.599044323,"52":5.2857875824,"53":4.9825377464,"54":4.6991682053,"55":4.4229474068,"56":4.1628994942,"57":3.9164147377,"58":3.6836035252,"59":3.4624526501,"60":3.2542808056,"61":3.0533556938,"62":2.8679711819,"63":2.6894407272,"64":2.5194237232,"65":2.3568253517,"66":2.2127182484,"67":2.0742211342,"68":1.9418433905,"69":1.8173391819,"70":1.7042993307,"71":1.5963792801,"72":1.502022624,"73":1.4097322226,"74":1.324884057},"val_acc":{"0":0.7487002015,"1":0.7487002015,"2":0.7487002015,"3":0.7487002015,"4":0.7487002015,"5":0.7487002015,"6":0.7487002015,"7":0.7487002015,"8":0.7487002015,"9":0.7495667338,"10":0.7487002015,"11":0.7487002015,"12":0.7487002015,"13":0.7634315491,"14":0.7651646733,"15":0.7651646733,"16":0.7642980814,"17":0.7647313476,"18":0.7642980814,"19":0.7642980814,"20":0.7642980814,"21":0.7647313476,"22":0.7647313476,"23":0.7642980814,"24":0.7642980814,"25":0.7647313476,"26":0.7638648152,"27":0.7638648152,"28":0.7642980814,"29":0.7642980814,"30":0.762131691,"31":0.7625650167,"32":0.7638648152,"33":0.7634315491,"34":0.7638648152,"35":0.7638648152,"36":0.7638648152,"37":0.7634315491,"38":0.7629982829,"39":0.7638648152,"40":0.7634315491,"41":0.7634315491,"42":0.7634315491,"43":0.7634315491,"44":0.7634315491,"45":0.7642980814,"46":0.7634315491,"47":0.7625650167,"48":0.7634315491,"49":0.7638648152,"50":0.7655979395,"51":0.7651646733,"52":0.7647313476,"53":0.7651646733,"54":0.7642980814,"55":0.7638648152,"56":0.7642980814,"57":0.7642980814,"58":0.7638648152,"59":0.7638648152,"60":0.7638648152,"61":0.7642980814,"62":0.7638648152,"63":0.7642980814,"64":0.7642980814,"65":0.7647313476,"66":0.7647313476,"67":0.7647313476,"68":0.7651646733,"69":0.7642980814,"70":0.7642980814,"71":0.7647313476,"72":0.7638648152,"73":0.7647313476,"74":0.7638648152},"val_auc":{"0":0.6883276701,"1":0.6875175238,"2":0.6869876981,"3":0.689226687,"4":0.6888834238,"5":0.6903746128,"6":0.6905896068,"7":0.6916427612,"8":0.690505743,"9":0.6913663745,"10":0.6918632388,"11":0.6917943954,"12":0.6920642853,"13":0.6925412416,"14":0.6931698322,"15":0.6942733526,"16":0.6951394081,"17":0.6943157315,"18":0.6946564317,"19":0.6946190596,"20":0.6940428019,"21":0.6942543983,"22":0.693893671,"23":0.6938732266,"24":0.6935214996,"25":0.6936098337,"26":0.6942049861,"27":0.6946390271,"28":0.6950640678,"29":0.6945741177,"30":0.6947821975,"31":0.6947911978,"32":0.6947602034,"33":0.6947472692,"34":0.6943935752,"35":0.694858551,"36":0.6946889162,"37":0.6945761442,"38":0.6945039034,"39":0.6951508522,"40":0.6950461268,"41":0.6944369674,"42":0.6949352622,"43":0.6949138641,"44":0.6950985193,"45":0.6948470473,"46":0.6950521469,"47":0.695091486,"48":0.695471108,"49":0.6953479052,"50":0.6953120232,"51":0.6947237849,"52":0.694360137,"53":0.6957755089,"54":0.6960084438,"55":0.6954382658,"56":0.6956242323,"57":0.6958084106,"58":0.6964225769,"59":0.6960613728,"60":0.6964429617,"61":0.6968580484,"62":0.6969108582,"63":0.6968216896,"64":0.6969562769,"65":0.6983522177,