{"loss":{"0":0.4731043279,"1":0.4347726107,"2":0.421359688,"3":0.4083277285,"4":0.4007291794,"5":0.3888049126,"6":0.3811799288,"7":0.368650049},"acc":{"0":0.7913778424,"1":0.8147205114,"2":0.8212196827,"3":0.8276646733,"4":0.8315641284,"5":0.8390381336,"6":0.8418002725,"7":0.846945405},"auc":{"0":0.7445079088,"1":0.7916153073,"2":0.807082057,"3":0.8210121989,"4":0.8281508088,"5":0.8384257555,"6":0.84666574,"7":0.8587617278},"val_loss":{"0":0.420180887,"1":0.4210476279,"2":0.404368937,"3":0.43423298,"4":0.4008503258,"5":0.4037720561,"6":0.4013709426,"7":0.4044358134},"val_acc":{"0":0.8210572004,"1":0.823656857,"2":0.8334055543,"3":0.8078423142,"4":0.8351386189,"5":0.8321056962,"6":0.8377382755,"7":0.8329722881},"val_auc":{"0":0.8030487299,"1":0.8142710328,"2":0.8139606118,"3":0.8116887808,"4":0.8190956116,"5":0.8214190006,"6":0.8235535622,"7":0.8196158409}}