,loss,acc,auc,val_loss,val_acc,val_auc
0,0.473104327917099,0.7913778424263,0.744507908821106,0.42018088698387146,0.8210572004318237,0.8030487298965454
1,0.4347726106643677,0.8147205114364624,0.7916153073310852,0.4210476279258728,0.8236568570137024,0.8142710328102112
2,0.42135968804359436,0.8212196826934814,0.8070820569992065,0.40436893701553345,0.8334055542945862,0.813960611820221
3,0.40832772850990295,0.8276646733283997,0.8210121989250183,0.4342329800128937,0.8078423142433167,0.8116887807846069
4,0.4007291793823242,0.8315641283988953,0.8281508088111877,0.4008503258228302,0.8351386189460754,0.8190956115722656
5,0.38880491256713867,0.8390381336212158,0.8384257555007935,0.4037720561027527,0.8321056962013245,0.8214190006256104
6,0.38117992877960205,0.8418002724647522,0.8466657400131226,0.40137094259262085,0.8377382755279541,0.8235535621643066
7,0.36865004897117615,0.8469454050064087,0.858761727809906,0.40443581342697144,0.8329722881317139,0.8196158409118652
