,precision,recall,f1-score,occurences
argument,0.8485412787088765,0.932257331211639,0.8884315424610052,4399.0
other,0.6819637139807898,0.4660831509846827,0.5537261698440209,1371.0
accuracy,0.8214904679376083,0.8214904679376083,0.8214904679376083,0.8214904679376083
macro avg,0.7652524963448332,0.6991702410981608,0.721078856152513,5770.0
weighted avg,0.80896106358891,0.8214904679376083,0.8089027615497598,5770.0
