{"loss":{"0":0.4680905044,"1":0.4399426877,"2":0.4257766902,"3":0.4119916856,"4":0.4023333192,"5":0.3923842907,"6":0.3827047944,"7":0.3704738915,"8":0.359134078},"acc":{"0":0.796577096,"1":0.8104960918,"2":0.8190532923,"3":0.8271772265,"4":0.8304267526,"5":0.8356260657,"6":0.8416377902,"7":0.8459163904,"8":0.8505199552},"auc":{"0":0.7496153712,"1":0.785730958,"2":0.8015754819,"3":0.8154353499,"4":0.8263597488,"5":0.8352825642,"6":0.8449887037,"7":0.8555442095,"8":0.8658776283},"val_loss":{"0":0.4489889443,"1":0.4265128672,"2":0.426759541,"3":0.4281099141,"4":0.4074932635,"5":0.4003555477,"6":0.4085552096,"7":0.4062562585,"8":0.4116750062},"val_acc":{"0":0.8080589175,"1":0.818240881,"2":0.8139081597,"3":0.8208405375,"4":0.823006928,"5":0.8279895782,"6":0.8290727735,"7":0.8299393654,"8":0.8227902651},"val_auc":{"0":0.7882637978,"1":0.8029347658,"2":0.812440753,"3":0.8177607656,"4":0.8218055964,"5":0.8273922205,"6":0.8244718313,"7":0.8261883855,"8":0.8221154213}}