{"loss":{"0":0.4649309218,"1":0.4362873137,"2":0.4223526418,"3":0.4112664163,"4":0.4013750851,"5":0.390868783,"6":0.3799912035,"7":0.3689678013,"8":0.3577650487},"acc":{"0":0.7970104218,"1":0.8133124113,"2":0.8195948601,"3":0.8283145428,"4":0.8320515752,"5":0.8385506868,"6":0.8422335386,"7":0.8498158455,"8":0.8539319634},"auc":{"0":0.7519541979,"1":0.7873324156,"2":0.8016448021,"3":0.8122804165,"4":0.8244174123,"5":0.8340885639,"6":0.8443692923,"7":0.854164958,"8":0.8641411066},"val_loss":{"0":0.4767972827,"1":0.4548875093,"2":0.4405309856,"3":0.4349867702,"4":0.4312124252,"5":0.428712517,"6":0.434122473,"7":0.4459343255,"8":0.4374728799},"val_acc":{"0":0.7950606346,"1":0.8045927286,"2":0.8076256514,"3":0.810875237,"4":0.8100086451,"5":0.8171576858,"6":0.8102253079,"7":0.8186741471,"8":0.8167244196},"val_auc":{"0":0.7752590775,"1":0.7900952101,"2":0.7971514463,"3":0.8035279512,"4":0.8084037304,"5":0.807896018,"6":0.8108980656,"7":0.8090842962,"8":0.8122855425}}