,loss,acc,auc,val_loss,val_acc,val_auc
0,0.464930921792984,0.7970104217529297,0.751954197883606,0.47679728269577026,0.7950606346130371,0.7752590775489807
1,0.4362873136997223,0.8133124113082886,0.7873324155807495,0.4548875093460083,0.8045927286148071,0.7900952100753784
2,0.4223526418209076,0.8195948600769043,0.8016448020935059,0.4405309855937958,0.8076256513595581,0.7971514463424683
3,0.41126641631126404,0.8283145427703857,0.8122804164886475,0.43498677015304565,0.8108752369880676,0.8035279512405396
4,0.40137508511543274,0.8320515751838684,0.8244174122810364,0.4312124252319336,0.8100086450576782,0.808403730392456
5,0.39086878299713135,0.8385506868362427,0.8340885639190674,0.42871251702308655,0.8171576857566833,0.8078960180282593
6,0.37999120354652405,0.8422335386276245,0.8443692922592163,0.4341224730014801,0.8102253079414368,0.8108980655670166
7,0.36896780133247375,0.849815845489502,0.8541649580001831,0.44593432545661926,0.8186741471290588,0.8090842962265015
8,0.3577650487422943,0.8539319634437561,0.8641411066055298,0.4374728798866272,0.816724419593811,0.8122855424880981
