,loss,acc,auc,val_loss,val_acc,val_auc
0,0.47354358434677124,0.7935441732406616,0.7410014867782593,0.4406907558441162,0.8043760657310486,0.8024090528488159
1,0.4396541118621826,0.8093587756156921,0.7841780185699463,0.42636799812316895,0.8149913549423218,0.8106954097747803
2,0.4264267086982727,0.8196490406990051,0.7993152141571045,0.4176137447357178,0.8201906681060791,0.816165566444397
3,0.4126468300819397,0.8241443037986755,0.8143669366836548,0.41688841581344604,0.819757342338562,0.8158040046691895
4,0.4029606282711029,0.8306434154510498,0.8244202733039856,0.4114287197589874,0.8186741471290588,0.8230088353157043
5,0.3922518789768219,0.8345428705215454,0.8354972004890442,0.4083552956581116,0.8273397088050842,0.829212486743927
6,0.3804531693458557,0.8400130271911621,0.8467631340026855,0.41694799065589905,0.8271230459213257,0.8245340585708618
7,0.37443768978118896,0.8413670063018799,0.8530481457710266,0.4138433337211609,0.8258232474327087,0.8280833959579468
8,0.3605453073978424,0.8480286002159119,0.8669018745422363,0.433034211397171,0.8169410824775696,0.8261282444000244
