{"loss":{"0":0.4735435843,"1":0.4396541119,"2":0.4264267087,"3":0.4126468301,"4":0.4029606283,"5":0.392251879,"6":0.3804531693,"7":0.3744376898,"8":0.3605453074},"acc":{"0":0.7935441732,"1":0.8093587756,"2":0.8196490407,"3":0.8241443038,"4":0.8306434155,"5":0.8345428705,"6":0.8400130272,"7":0.8413670063,"8":0.8480286002},"auc":{"0":0.7410014868,"1":0.7841780186,"2":0.7993152142,"3":0.8143669367,"4":0.8244202733,"5":0.8354972005,"6":0.846763134,"7":0.8530481458,"8":0.8669018745},"val_loss":{"0":0.4406907558,"1":0.4263679981,"2":0.4176137447,"3":0.4168884158,"4":0.4114287198,"5":0.4083552957,"6":0.4169479907,"7":0.4138433337,"8":0.4330342114},"val_acc":{"0":0.8043760657,"1":0.8149913549,"2":0.8201906681,"3":0.8197573423,"4":0.8186741471,"5":0.8273397088,"6":0.8271230459,"7":0.8258232474,"8":0.8169410825},"val_auc":{"0":0.8024090528,"1":0.8106954098,"2":0.8161655664,"3":0.8158040047,"4":0.8230088353,"5":0.8292124867,"6":0.8245340586,"7":0.828083396,"8":0.8261282444}}