,loss,acc,auc,val_loss,val_acc,val_auc
0,0.4680905044078827,0.7965770959854126,0.7496153712272644,0.4489889442920685,0.8080589175224304,0.7882637977600098
1,0.43994268774986267,0.8104960918426514,0.7857309579849243,0.42651286721229553,0.8182408809661865,0.8029347658157349
2,0.4257766902446747,0.8190532922744751,0.8015754818916321,0.4267595410346985,0.8139081597328186,0.8124407529830933
3,0.411991685628891,0.8271772265434265,0.8154353499412537,0.42810991406440735,0.8208405375480652,0.8177607655525208
4,0.4023333191871643,0.8304267525672913,0.826359748840332,0.4074932634830475,0.8230069279670715,0.8218055963516235
5,0.39238429069519043,0.8356260657310486,0.835282564163208,0.4003555476665497,0.8279895782470703,0.8273922204971313
6,0.38270479440689087,0.8416377902030945,0.8449887037277222,0.40855520963668823,0.8290727734565735,0.8244718313217163
7,0.3704738914966583,0.8459163904190063,0.8555442094802856,0.4062562584877014,0.8299393653869629,0.8261883854866028
8,0.35913407802581787,0.8505199551582336,0.865877628326416,0.41167500615119934,0.822790265083313,0.822115421295166
