{"loss":{"0":0.467609942,"1":0.4354944527,"2":0.420874238,"3":0.4084383845,"4":0.401190877,"5":0.3905000091,"6":0.3811467588,"7":0.3706426024,"8":0.3599692583,"9":0.3470377028},"acc":{"0":0.7967937589,"1":0.8120667338,"2":0.8202989697,"3":0.8278812766,"4":0.8304267526,"5":0.8375758529,"6":0.8409878612,"7":0.8449414968,"8":0.8508990407,"9":0.8553401232},"auc":{"0":0.7500185966,"1":0.7906335592,"2":0.806530416,"3":0.8190398216,"4":0.8260596991,"5":0.8366104364,"6":0.8457455635,"7":0.8556082249,"8":0.8647114038,"9":0.8767014742},"val_loss":{"0":0.4433923364,"1":0.4264937639,"2":0.4213624895,"3":0.4134737253,"4":0.4167457819,"5":0.4084735513,"6":0.4082295597,"7":0.4096791148,"8":0.4176412225,"9":0.4300317466},"val_acc":{"0":0.8022097349,"1":0.8165078163,"2":0.8227902651,"3":0.826906383,"4":0.8256065845,"5":0.8249566555,"6":0.8266897798,"7":0.8275563121,"8":0.8288561702,"9":0.8249566555},"val_auc":{"0":0.788439095,"1":0.803563118,"2":0.8116240501,"3":0.8173416853,"4":0.8138924837,"5":0.8189466,"6":0.8197108507,"7":0.8176733255,"8":0.8193289042,"9":0.8186376095}}