{"loss":{"0":83.9381637573,"1":78.6336898804,"2":73.6513900757,"3":68.9557723999,"4":64.5101394653,"5":60.2787628174,"6":56.2577896118,"7":52.425075531,"8":48.773349762,"9":45.3287506104,"10":42.0299263,"11":38.9085197449,"12":35.9550170898,"13":33.1684112549,"14":30.5173778534,"15":28.0415248871,"16":25.6956996918,"17":23.4805030823,"18":21.4200077057,"19":19.479675293,"20":17.667131424,"21":15.9879579544,"22":14.416258812,"23":12.9510231018,"24":11.6016273499,"25":10.3585538864,"26":9.2202138901,"27":8.1664991379,"28":7.2087812424,"29":6.3467736244,"30":5.5569643974,"31":4.8421230316,"32":4.2027521133,"33":3.6368381977,"34":3.1301438808,"35":2.6857376099,"36":2.2948236465,"37":1.9564439058,"38":1.6725239754,"39":1.4180082083,"40":1.2145932913,"41":1.0448471308,"42":0.9005346298,"43":0.7939789295,"44":0.6976293921,"45":0.6257194281,"46":0.5764702559,"47":0.5417367816,"48":0.5070295334,"49":0.485396415,"50":0.4659830332,"51":0.4555908442,"52":0.4465716183,"53":0.4405935109,"54":0.4241945744,"55":0.4134680629,"56":0.4051005244},"acc":{"0":0.6055681705,"1":0.6716498733,"2":0.7370815873,"3":0.7666558623,"4":0.7794388533,"5":0.8027299047,"6":0.8189795017,"7":0.8418372869,"8":0.8581951857,"9":0.8679449558,"10":0.8858194947,"11":0.8948109746,"12":0.9070523381,"13":0.9143104553,"14":0.9226519465,"15":0.9220019579,"16":0.9330516458,"17":0.94085145,"18":0.9405264854,"19":0.9441013932,"20":0.9500595927,"21":0.9485429525,"22":0.9506012201,"23":0.9565594196,"24":0.9592676759,"25":0.9626259208,"26":0.9623009562,"27":0.9639258981,"28":0.9667425156,"29":0.9643592238,"30":0.9643592238,"31":0.9659841657,"32":0.9708590508,"33":0.9702090621,"34":0.969017446,"35":0.9707507491,"36":0.9751923084,"37":0.9744339585,"38":0.9731339812,"39":0.9774672389,"40":0.9750839472,"41":0.9754089713,"42":0.9782255292,"43":0.9776839018,"44":0.979200542,"45":0.9825587869,"46":0.979200542,"47":0.979200542,"48":0.9821254611,"49":0.9806088209,"50":0.9814754725,"51":0.9813671112,"52":0.9796338677,"53":0.9785505533,"54":0.9828837514,"55":0.9816921353,"56":0.9832087755},"auc":{"0":0.5763107538,"1":0.662743926,"2":0.7391682863,"3":0.7793873549,"4":0.8013079166,"5":0.8217490911,"6":0.8424090147,"7":0.8666980863,"8":0.8865902424,"9":0.8896686435,"10":0.9083213806,"11":0.9180623293,"12":0.9258615375,"13":0.926605463,"14":0.9415038824,"15":0.9387578964,"16":0.9435694218,"17":0.9519824982,"18":0.9544122219,"19":0.9577211142,"20":0.960262239,"21":0.9621835947,"22":0.9645082951,"23":0.969083488,"24":0.9704735279,"25":0.9728329182,"26":0.9736905098,"27":0.9783004522,"28":0.9772839546,"29":0.9753155708,"30":0.9790298939,"31":0.9817759991,"32":0.9802947044,"33":0.983017087,"34":0.9840106368,"35":0.9826686382,"36":0.9840004444,"37":0.9868426323,"38":0.9850631952,"39":0.9871460199,"40":0.9877052307,"41":0.9892402291,"42":0.987154603,"43":0.9888558388,"44":0.9909305573,"45":0.9903620481,"46":0.9892780185,"47":0.9891672134,"48":0.990257144,"49":0.9909977913,"50":0.9929591417,"51":0.9911575317,"52":0.9910919666,"53":0.989979744,"54":0.9926304221,"55":0.9930469394,"56":0.9927294254},"val_loss":{"0":81.0542449951,"1":75.9532775879,"2":71.1641311646,"3":66.6277313232,"4":62.3010978699,"5":58.2198753357,"6":54.3427085876,"7":50.6356010437,"8":47.1267280579,"9":43.7803230286,"10":40.5959281921,"11":37.6324462891,"12":34.7535018921,"13":32.0815620422,"14":29.5360660553,"15":27.1243209839,"16":24.8712368011,"17":22.82421875,"18":20.7999954224,"19":18.9122467041,"20":17.1767120361,"21":15.5415334702,"22":14.0120687485,"23":12.6642541885,"24":11.3260364532,"25":10.1840019226,"26":9.1369876862,"27":8.1292409897,"28":7.2488408089,"29":6.3605918884,"30":5.6258544922,"31":4.9287295341,"32":4.3607244492,"33":3.832818985,"34":3.3511593342,"35":2.9970591068,"36":2.575429678,"37":2.2755682468,"38":2.0147812366,"39":1.7797179222,"40":1.5971051455,"41":1.4057389498,"42":1.315576911,"43":1.2512916327,"44":1.14810884,"45":1.1341513395,"46":1.0733764172,"47":0.9703277349,"48":0.9886280894,"49":0.9738560319,"50":0.9419177771,"51":0.9389469624,"52":0.954174459,"53":0.8973928094,"54":0.9152052402,"55":0.909089148,"56":0.9323629737},"val_acc":{"0":0.7803292871,"1":0.8193240762,"2":0.8128249645,"3":0.8253899217,"4":0.8223569989,"5":0.8193240762,"6":0.8193240762,"7":0.8206239343,"8":0.8232235909,"9":0.8180242777,"10":0.8232235909,"11":0.8184575438,"12":0.8227902651,"13":0.8180242777,"14":0.8149913549,"15":0.8158578873,"16":0.8180242777,"17":0.8050259948,"18":0.8115251064,"19":0.8119584322,"20":0.8123916984,"21":0.8175910115,"22":0.8167244196,"23":0.8115251064,"24":0.8175910115,"25":0.8119584322,"26":0.8050259948,"27":0.8058925271,"28":0.8054592609,"29":0.8128249645,"30":0.8106585741,"31":0.8145580292,"32":0.8175910115,"33":0.8106585741,"34":0.8149913549,"35":0.7989601493,"36":0.8097920418,"37":0.8193240762,"38":0.8089254498,"39":0.814124763,"40":0.8149913549,"41":0.8206239343,"42":0.8214904666,"43":0.8123916984,"44":0.8149913549,"45":0.8084921837,"46":0.8145580292,"47":0.8201906681,"48":0.814124763,"49":0.8132582307,"50":0.8175910115,"51":0.81889081,"52":0.8110918403,"53":0.8219237328,"54":0.8184575438,"55":0.814124763,"56":0.81889081},"val_auc":{"0":0.7019088268,"1":0.7567340136,"2":0.7894256115,"3":0.7805335522,"4":0.7929102182,"5":0.7978154421,"6":0.7959218025,"7":0.7838478088,"8":0.7552849054,"9":0.775191009,"10":0.7979434729,"11":0.7921578884,"12":0.7753103375,"13":0.7813971043,"14":0.780808866,"15":0.7765865326,"16":0.78762573,"17":0.7667188644,"18":0.7808974385,"19":0.7766029835,"20":0.7641388774,"21":0.7811074257,"22":0.756336689,"23":0.7796069384,"24":0.7618429661,"25":0.7610155344,"26":0.7627577782,"27":0.7704540491,"28":0.7777750492,"29":0.7625929117,"30":0.7767845392,"31":0.7478317022,"32":0.7623333931,"33":0.7665915489,"34":0.7577795982,"35":0.7692627907,"36":0.755538702,"37":0.7586357594,"38":0.7453442812,"39":0.7441886663,"40":0.761220336,"41":0.7425215244,"42":0.7593550682,"43":0.768832922,"44":0.7585091591,"45":0.7595654726,"46":0.7658565044,"47":0.7390631437,"48":0.7554346919,"49":0.7578998804,"50":0.7477842569,"51":0.7407411337,"52":0.7537489533,"53":0.7416148782,"54":0.7607341409,"55":0.7480374575,"56":0.7480785847}}