{"loss":{"0":84.8253631592,"1":79.4799957275,"2":74.4734802246,"3":69.7420883179,"4":65.2571640015,"5":60.9821510315,"6":56.9137954712,"7":53.0639801025,"8":49.3836250305,"9":45.8873100281,"10":42.5546417236,"11":39.4110946655,"12":36.4353179932,"13":33.6011543274,"14":30.93019104,"15":28.4155826569,"16":26.0453681946,"17":23.8140544891,"18":21.7253875732,"19":19.7593383789,"20":17.9240207672,"21":16.2157459259,"22":14.6228685379,"23":13.1428394318,"24":11.7796134949,"25":10.5206279755,"26":9.3513650894,"27":8.2933292389,"28":7.3176450729,"29":6.4357247353,"30":5.6329760551,"31":4.917391777,"32":4.2669878006,"33":3.6832611561,"34":3.1770215034,"35":2.7148239613,"36":2.3360555172,"37":1.9892251492,"38":1.6909019947,"39":1.4421964884,"40":1.2367762327,"41":1.0692775249,"42":0.9143954515,"43":0.8071758747,"44":0.7197057009,"45":0.648337543,"46":0.5965068936,"47":0.5542722344,"48":0.5282201171,"49":0.5064635277,"50":0.4881750941,"51":0.4800196588},"acc":{"0":0.6107680798,"1":0.6917993426,"2":0.7332900167,"3":0.7582060695,"4":0.7794388533,"5":0.8037049174,"6":0.8201711774,"7":0.8346874714,"8":0.8442205787,"9":0.8613368273,"10":0.8801863194,"11":0.8895027637,"12":0.8904777169,"13":0.9020690918,"14":0.9100855589,"15":0.9136604667,"16":0.9178853631,"17":0.9214602709,"18":0.9229769111,"19":0.9307767153,"20":0.9313184023,"21":0.9322933555,"22":0.9366266131,"23":0.9403098226,"24":0.9387931824,"25":0.9422597885,"26":0.9478929639,"27":0.9450763464,"28":0.9493012428,"29":0.9486512542,"30":0.9517928958,"31":0.9494096041,"32":0.95135957,"33":0.9550427794,"34":0.9536345005,"35":0.9587260485,"36":0.9501678944,"37":0.9588343501,"38":0.962192595,"39":0.9589427114,"40":0.9603509903,"41":0.9576427341,"42":0.9599176645,"43":0.9607843161,"44":0.9598093629,"45":0.9620842934,"46":0.9644675255,"47":0.9638175964,"48":0.964142561,"49":0.9660925269,"50":0.968475759,"51":0.9646841884},"auc":{"0":0.5894270539,"1":0.6984261274,"2":0.7397953868,"3":0.7730889916,"4":0.8002052903,"5":0.8195199966,"6":0.8375772238,"7":0.8460862637,"8":0.8627197742,"9":0.8784012198,"10":0.8906805515,"11":0.8942657113,"12":0.8941545486,"13":0.9050188065,"14":0.9157012701,"15":0.9220824838,"16":0.9238475561,"17":0.9298826456,"18":0.931664288,"19":0.9389605522,"20":0.9438860416,"21":0.9468665123,"22":0.9459289312,"23":0.9503970146,"24":0.9515589476,"25":0.9539775848,"26":0.959629178,"27":0.9614037871,"28":0.9624370933,"29":0.9621438384,"30":0.9666059613,"31":0.9642470479,"32":0.965955019,"33":0.9694542885,"34":0.9691277742,"35":0.975181818,"36":0.9706511497,"37":0.975276351,"38":0.9752503633,"39":0.975019455,"40":0.9766486883,"41":0.9752822518,"42":0.9810410142,"43":0.9810312986,"44":0.9803301096,"45":0.9814671278,"46":0.9830049276,"47":0.9849767089,"48":0.982365489,"49":0.9854423404,"50":0.9857962132,"51":0.9843760729},"val_loss":{"0":81.9699172974,"1":76.8111572266,"2":71.9818115234,"3":67.3941650391,"4":63.0175209045,"5":58.8957901001,"6":54.9654541016,"7":51.2070388794,"8":47.6741828918,"9":44.2593078613,"10":41.1136360168,"11":38.020816803,"12":35.163143158,"13":32.4156761169,"14":29.8298206329,"15":27.4120578766,"16":25.1221599579,"17":22.9612216949,"18":20.9270591736,"19":19.0553016663,"20":17.338640213,"21":15.6803798676,"22":14.1203536987,"23":12.7690229416,"24":11.4067049026,"25":10.227976799,"26":9.0959186554,"27":8.132393837,"28":7.189139843,"29":6.3534479141,"30":5.6040506363,"31":4.9794645309,"32":4.2755899429,"33":3.8129065037,"34":3.320577383,"35":2.923265934,"36":2.5164821148,"37":2.2092421055,"38":1.9833083153,"39":1.677362442,"40":1.5414973497,"41":1.3363078833,"42":1.242251277,"43":1.1860330105,"44":1.0607637167,"45":1.0267419815,"46":0.9859393835,"47":1.009049058,"48":0.9223899245,"49":0.9343441725,"50":0.9317760468,"51":0.9577049613},"val_acc":{"0":0.7881282568,"1":0.8249566555,"2":0.8214904666,"3":0.8249566555,"4":0.8305892348,"5":0.8323223591,"6":0.8314558268,"7":0.8292894363,"8":0.8214904666,"9":0.8327556252,"10":0.8240901232,"11":0.828422904,"12":0.8214904666,"13":0.828422904,"14":0.8249566555,"15":0.8279895782,"16":0.8318890929,"17":0.8340554833,"18":0.8353552818,"19":0.8292894363,"20":0.8193240762,"21":0.823656857,"22":0.8305892348,"23":0.8149913549,"24":0.8249566555,"25":0.8266897798,"26":0.8297227025,"27":0.8253899217,"28":0.8271230459,"29":0.8245233893,"30":0.8249566555,"31":0.8136914968,"32":0.8297227025,"33":0.8193240762,"34":0.8184575438,"35":0.8136914968,"36":0.8266897798,"37":0.8197573423,"38":0.8214904666,"39":0.8318890929,"40":0.8223569989,"41":0.8314558268,"42":0.831022501,"43":0.8227902651,"44":0.8262565136,"45":0.8262565136,"46":0.8214904666,"47":0.8162911534,"48":0.8271230459,"49":0.8262565136,"50":0.81889081,"51":0.8089254498},"val_auc":{"0":0.7407535911,"1":0.7660948038,"2":0.7853242159,"3":0.7942108512,"4":0.7776865959,"5":0.7981843948,"6":0.7738037109,"7":0.7810673714,"8":0.781978488,"9":0.7812345028,"10":0.7656025887,"11":0.7716565132,"12":0.7963342071,"13":0.7708801031,"14":0.7706287503,"15":0.7782388926,"16":0.7819117308,"17":0.7777262926,"18":0.7743723392,"19":0.7675842047,"20":0.7757803202,"21":0.7779398561,"22":0.7641986609,"23":0.7725675106,"24":0.7620499134,"25":0.7710272074,"26":0.7578679323,"27":0.771935761,"28":0.7715061903,"29":0.7612943053,"30":0.7670226693,"31":0.7730842233,"32":0.7428287864,"33":0.7590622902,"34":0.769298315,"35":0.7666404843,"36":0.7530379295,"37":0.7487760782,"38":0.7731515169,"39":0.7650511861,"40":0.7744876146,"41":0.7398879528,"42":0.7701218128,"43":0.7586048245,"44":0.7442349792,"45":0.7549355626,"46":0.754592061,"47":0.7695419192,"48":0.7572071552,"49":0.7561752796,"50":0.7567465305,"51":0.7613228559}}