{"loss":{"0":84.2472763062,"1":78.9779815674,"2":73.987701416,"3":69.2754745483,"4":64.8011474609,"5":60.5517272949,"6":56.5151939392,"7":52.6625862122,"8":49.009513855,"9":45.5344543457,"10":42.242931366,"11":39.1006278992,"12":36.1459655762,"13":33.3429222107,"14":30.6874027252,"15":28.18542099,"16":25.8305015564,"17":23.6132106781,"18":21.5323123932,"19":19.5827045441,"20":17.7598285675,"21":16.0659809113,"22":14.4862451553,"23":13.0156593323,"24":11.6577730179,"25":10.4080839157,"26":9.2563962936,"27":8.2040939331,"28":7.2355184555,"29":6.3653759956,"30":5.5678191185,"31":4.8615040779,"32":4.2126407623,"33":3.6443510056,"34":3.1334195137,"35":2.6865849495,"36":2.2944774628,"37":1.9628510475,"38":1.6690688133,"39":1.4308248758,"40":1.212852478,"41":1.0412732363,"42":0.911940515,"43":0.7934598327,"44":0.7056071758,"45":0.6376405358,"46":0.5885083675,"47":0.545571208,"48":0.5155721307,"49":0.4984687269,"50":0.4820238352,"51":0.4697695076,"52":0.4582540989,"53":0.4461623728,"54":0.4406123459,"55":0.4289072454},"acc":{"0":0.5659191608,"1":0.59581846,"2":0.6695916057,"3":0.7109739184,"4":0.7525728345,"5":0.7827970982,"6":0.8180045485,"7":0.8388040066,"8":0.8513703942,"9":0.8675116301,"10":0.8746614456,"11":0.8901527524,"12":0.8944859505,"13":0.8993608356,"14":0.9043440819,"15":0.9136604667,"16":0.9112772346,"17":0.921243608,"18":0.9269851446,"19":0.9299100637,"20":0.9303433895,"21":0.933160007,"22":0.9366266131,"23":0.9416097999,"24":0.9430180788,"25":0.9452930093,"26":0.9459429979,"27":0.9446430802,"28":0.9467013478,"29":0.9522262216,"30":0.9534178376,"31":0.9497345686,"32":0.9541761279,"33":0.9523345232,"34":0.955909431,"35":0.9586176872,"36":0.9612176418,"37":0.9579676986,"38":0.9602426887,"39":0.9587260485,"40":0.9629509449,"41":0.9663091898,"42":0.9617592692,"43":0.9638175964,"44":0.9663091898,"45":0.9692341089,"46":0.9654425383,"47":0.9681507945,"48":0.970425725,"49":0.9691257477,"50":0.9686924219,"51":0.9703174233,"52":0.9725923538,"53":0.9711840749,"54":0.9745423198,"55":0.974108994},"auc":{"0":0.5963789225,"1":0.624614656,"2":0.7097209692,"3":0.7488812208,"4":0.7860319614,"5":0.804553628,"6":0.8282367587,"7":0.8397201896,"8":0.8563157916,"9":0.8694747686,"10":0.8749748468,"11":0.8915834427,"12":0.8856908083,"13":0.8987865448,"14":0.9023669958,"15":0.9063255787,"16":0.9101462364,"17":0.9161358476,"18":0.925814867,"19":0.9243724346,"20":0.9311900139,"21":0.9359269738,"22":0.9363482594,"23":0.9424878359,"24":0.9413081408,"25":0.9462182522,"26":0.9469340444,"27":0.9499340057,"28":0.9534090161,"29":0.948133111,"30":0.9578235149,"31":0.9537023306,"32":0.9578142166,"33":0.9589483738,"34":0.9599583745,"35":0.9625704288,"36":0.963594079,"37":0.9646504521,"38":0.9677981734,"39":0.9633750319,"40":0.9689494371,"41":0.970867157,"42":0.9683139324,"43":0.9722266197,"44":0.973901391,"45":0.974189043,"46":0.9751995802,"47":0.9737328291,"48":0.9763103724,"49":0.9750396013,"50":0.9785885215,"51":0.9764882326,"52":0.9800245166,"53":0.9806753397,"54":0.981613338,"55":0.982383132},"val_loss":{"0":81.4573516846,"1":76.3470687866,"2":71.5194854736,"3":66.9315414429,"4":62.6217079163,"5":58.4810638428,"6":54.5864334106,"7":50.8621864319,"8":47.3025512695,"9":43.9306602478,"10":40.7407569885,"11":37.7189369202,"12":34.8021736145,"13":32.0940513611,"14":29.5617218018,"15":27.0965461731,"16":24.8501205444,"17":22.7395572662,"18":20.7083034515,"19":18.8042621613,"20":17.1133937836,"21":15.4506130219,"22":13.8953933716,"23":12.5369167328,"24":11.2027072906,"25":10.0079660416,"26":8.939031601,"27":7.900976181,"28":6.9940361977,"29":6.1743512154,"30":5.4144601822,"31":4.7482123375,"32":4.1364450455,"33":3.6195201874,"34":3.1429715157,"35":2.721445322,"36":2.4056100845,"37":2.0705981255,"38":1.7845647335,"39":1.5895007849,"40":1.4486708641,"41":1.2576028109,"42":1.1130673885,"43":1.0197905302,"44":0.9238941073,"45":0.887575686,"46":0.8514323235,"47":0.798792243,"48":0.7754901052,"49":0.807954073,"50":0.7751380205,"51":0.7825978398,"52":0.7446203232,"53":0.7787797451,"54":0.7554234862,"55":0.7548300028},"val_acc":{"0":0.7495667338,"1":0.7855286002,"2":0.806759119,"3":0.823656857,"4":0.8071923852,"5":0.8214904666,"6":0.8210572004,"7":0.823656857,"8":0.8288561702,"9":0.8262565136,"10":0.8288561702,"11":0.8262565136,"12":0.8344887495,"13":0.8318890929,"14":0.8297227025,"15":0.8353552818,"16":0.8344887495,"17":0.8219237328,"18":0.8305892348,"19":0.8305892348,"20":0.8145580292,"21":0.8223569989,"22":0.8288561702,"23":0.8214904666,"24":0.8331888914,"25":0.8279895782,"26":0.8219237328,"27":0.8327556252,"28":0.8275563121,"29":0.8266897798,"30":0.8292894363,"31":0.8275563121,"32":0.8275563121,"33":0.8249566555,"34":0.8249566555,"35":0.8245233893,"36":0.8223569989,"37":0.8262565136,"38":0.8258232474,"39":0.8253899217,"40":0.8154246211,"41":0.8249566555,"42":0.8301559687,"43":0.8275563121,"44":0.8305892348,"45":0.8253899217,"46":0.8232235909,"47":0.831022501,"48":0.8279895782,"49":0.8197573423,"50":0.8271230459,"51":0.8214904666,"52":0.8262565136,"53":0.8197573423,"54":0.8193240762,"55":0.8223569989},"val_auc":{"0":0.6538068056,"1":0.7377010584,"2":0.7607674599,"3":0.76682055,"4":0.7941883802,"5":0.7938433886,"6":0.7868020535,"7":0.7797113657,"8":0.7795339823,"9":0.7809030414,"10":0.7839249372,"11":0.7743244171,"12":0.7518205643,"13":0.77630651,"14":0.7821056843,"15":0.7606800199,"16":0.777692318,"17":0.7872830033,"18":0.7851524949,"19":0.769159615,"20":0.7798107266,"21":0.7755285501,"22":0.7562874556,"23":0.7790851593,"24":0.7469396591,"25":0.7623389959,"26":0.7687089443,"27":0.7542392612,"28":0.7592271566,"29":0.7614507675,"30":0.7658042908,"31":0.7660248876,"32":0.7635520697,"33":0.7727074623,"34":0.7740392685,"35":0.7471938133,"36":0.7748827934,"37":0.7705255747,"38":0.7518558502,"39":0.7579938173,"40":0.7665432096,"41":0.7664318085,"42":0.7562849522,"43":0.7591386437,"44":0.7541055679,"45":0.7458803654,"46":0.7554762363,"47":0.7417750955,"48":0.711833477,"49":0.74537462,"50":0.7448162436,"51":0.7644418478,"52":0.7201225758,"53":0.747800529,"54":0.7517211437,"55":0.7471969724}}