{"loss":{"0":84.374382019,"1":79.0882568359,"2":74.082649231,"3":69.3551483154,"4":64.8633499146,"5":60.6089401245,"6":56.5551795959,"7":52.7066574097,"8":49.0453262329,"9":45.5646591187,"10":42.2657012939,"11":39.1347961426,"12":36.1832885742,"13":33.3630867004,"14":30.7135734558,"15":28.2306079865,"16":25.8632087708,"17":23.6592063904,"18":21.5855770111,"19":19.6434345245,"20":17.82330513,"21":16.1265659332,"22":14.5484371185,"23":13.0933609009,"24":11.7396411896,"25":10.4808721542,"26":9.3372764587,"27":8.2847709656,"28":7.3187875748,"29":6.4470515251,"30":5.6540765762,"31":4.9428467751,"32":4.3067493439,"33":3.7167081833,"34":3.2277562618,"35":2.7668273449,"36":2.3804738522,"37":2.0511815548,"38":1.7560800314,"39":1.5118815899,"40":1.3013486862,"41":1.1324294806,"42":0.9870719314,"43":0.8662073612,"44":0.7820091248,"45":0.7177699208,"46":0.6683479548,"47":0.622799933,"48":0.5884821415,"49":0.5720670819,"50":0.5619423389,"51":0.5388023853,"52":0.5333955288,"53":0.5251435637},"acc":{"0":0.4883544445,"1":0.51197052,"2":0.5575777292,"3":0.6061098576,"4":0.655833602,"5":0.6875745058,"6":0.7189903855,"7":0.7584227324,"8":0.7816054821,"9":0.809446454,"10":0.8300292492,"11":0.8466038108,"12":0.86003685,"13":0.8732531667,"14":0.8879861236,"15":0.8914527297,"16":0.9002274871,"17":0.90044415,"18":0.9029357433,"19":0.9065106511,"20":0.9160437584,"21":0.9138771296,"22":0.9221102595,"23":0.9238435626,"24":0.9254685044,"25":0.9333766699,"26":0.9324017167,"27":0.9341349602,"28":0.9387931824,"29":0.9369515777,"30":0.9416097999,"31":0.9418264627,"32":0.9428014159,"33":0.9514678717,"34":0.9447513819,"35":0.9524428844,"36":0.9530928135,"37":0.952767849,"38":0.9512512088,"39":0.9540678263,"40":0.9558011293,"41":0.9566677213,"42":0.9601343274,"43":0.9644675255,"44":0.9631676078,"45":0.9598093629,"46":0.9626259208,"47":0.9656592011,"48":0.9673925042,"49":0.9675008059,"50":0.965334177,"51":0.9680424929,"52":0.9669591784,"53":0.9632759094},"auc":{"0":0.5700727701,"1":0.5911361575,"2":0.6579833627,"3":0.7262172699,"4":0.7697216272,"5":0.8006028533,"6":0.8160153627,"7":0.8398681879,"8":0.8559069633,"9":0.8641729355,"10":0.8764640093,"11":0.8818454742,"12":0.8880140781,"13":0.9012295008,"14":0.9110258222,"15":0.9104654789,"16":0.9175332189,"17":0.919939816,"18":0.9215560555,"19":0.9237048626,"20":0.9259889126,"21":0.9336332083,"22":0.9345810413,"23":0.9371733665,"24":0.9366413355,"25":0.9381525517,"26":0.9443463683,"27":0.9437205791,"28":0.9484007359,"29":0.9493575096,"30":0.9534739256,"31":0.9500014782,"32":0.9530543685,"33":0.9599784613,"34":0.9530561566,"35":0.9609737396,"36":0.9627747536,"37":0.961545825,"38":0.9655753374,"39":0.9644984007,"40":0.9662353396,"41":0.9684865475,"42":0.9715675712,"43":0.975894928,"44":0.9729499817,"45":0.9723281264,"46":0.9735848904,"47":0.9762639999,"48":0.9760094881,"49":0.9756837487,"50":0.9774646759,"51":0.9775828719,"52":0.9793442488,"53":0.979219079},"val_loss":{"0":81.5076751709,"1":76.33959198,"2":71.5029296875,"3":66.9011383057,"4":62.6036338806,"5":58.4559326172,"6":54.5523719788,"7":50.873626709,"8":47.3854980469,"9":43.9304008484,"10":40.7325210571,"11":37.6819152832,"12":34.8757972717,"13":32.13621521,"14":29.6193332672,"15":27.2402133942,"16":24.9343948364,"17":22.7842350006,"18":20.7997608185,"19":18.9130840302,"20":17.2009544373,"21":15.6352376938,"22":14.0994749069,"23":12.6454467773,"24":11.3416700363,"25":10.1690835953,"26":9.0686693192,"27":8.0906686783,"28":7.1607427597,"29":6.3654398918,"30":5.526714325,"31":4.9397306442,"32":4.2533426285,"33":3.7345032692,"34":3.276055336,"35":2.9094393253,"36":2.5747475624,"37":2.1807389259,"38":2.0173172951,"39":1.7372460365,"40":1.5348848104,"41":1.343650341,"42":1.2748221159,"43":1.1528856754,"44":1.1047054529,"45":1.0439505577,"46":1.000816226,"47":0.9423459768,"48":0.9535518289,"49":0.9003090858,"50":0.8661456108,"51":0.887040019,"52":0.8880416155,"53":0.872392714},"val_acc":{"0":0.5662911534,"1":0.6520797014,"2":0.6997400522,"3":0.79332757,"4":0.7746967077,"5":0.81889081,"6":0.8184575438,"7":0.8102253079,"8":0.8123916984,"9":0.8336221576,"10":0.8362218142,"11":0.8422877192,"12":0.8375216722,"13":0.8392547369,"14":0.8336221576,"15":0.8279895782,"16":0.8297227025,"17":0.8336221576,"18":0.831022501,"19":0.8344887495,"20":0.8292894363,"21":0.8210572004,"22":0.8219237328,"23":0.8340554833,"24":0.8370884061,"25":0.835788548,"26":0.8340554833,"27":0.8297227025,"28":0.8340554833,"29":0.8271230459,"30":0.8370884061,"31":0.828422904,"32":0.8349220157,"33":0.8297227025,"34":0.840554595,"35":0.8297227025,"36":0.828422904,"37":0.8305892348,"38":0.8288561702,"39":0.8275563121,"40":0.828422904,"41":0.8318890929,"42":0.8266897798,"43":0.8275563121,"44":0.8292894363,"45":0.8288561702,"46":0.8297227025,"47":0.8305892348,"48":0.8292894363,"49":0.8327556252,"50":0.8383882046,"51":0.8305892348,"52":0.8249566555,"53":0.8331888914},"val_auc":{"0":0.6137955189,"1":0.6900269985,"2":0.7513885498,"3":0.7799869776,"4":0.7926025391,"5":0.7868024111,"6":0.7814339995,"7":0.7996692657,"8":0.8016489744,"9":0.7732370496,"10":0.7631755471,"11":0.7640430331,"12":0.773075521,"13":0.7737824917,"14":0.7760821581,"15":0.768576622,"16":0.7675572038,"17":0.767375946,"18":0.7726410031,"19":0.770078361,"20":0.7508385181,"21":0.7709527016,"22":0.7737458944,"23":0.7702691555,"24":0.7568401098,"25":0.7675715685,"26":0.7679187059,"27":0.7753800154,"28":0.7665795684,"29":0.7673553228,"30":0.7540767193,"31":0.7591975927,"32":0.7613955736,"33":0.7638787031,"34":0.7732732296,"35":0.7663962245,"36":0.7706105113,"37":0.746740818,"38":0.7721402645,"39":0.7641293406,"40":0.758173883,"41":0.759729147,"42":0.7621279955,"43":0.7626085281,"44":0.759955287,"45":0.7690997124,"46":0.7665673494,"47":0.7541191578,"48":0.7613500357,"49":0.7665763497,"50":0.7623012066,"51":0.7573111653,"52":0.7564395666,"53":0.7478812337}}