{"loss":{"0":84.4134674072,"1":79.1031417847,"2":74.1067047119,"3":69.3834228516,"4":64.9019165039,"5":60.6461257935,"6":56.5964889526,"7":52.749835968,"8":49.082572937,"9":45.6068649292,"10":42.2955131531,"11":39.1618347168,"12":36.1940460205,"13":33.38463974,"14":30.7220478058,"15":28.2299385071,"16":25.8730010986,"17":23.6576805115,"18":21.5773048401,"19":19.6438064575,"20":17.8071651459,"21":16.1101913452,"22":14.5321187973,"23":13.0739402771,"24":11.7295742035,"25":10.4798221588,"26":9.3306245804,"27":8.2731313705,"28":7.3163847923,"29":6.44851017,"30":5.6521649361,"31":4.9415802956,"32":4.3081078529,"33":3.7411351204,"34":3.2369647026,"35":2.796084404,"36":2.4011342525,"37":2.0691618919,"38":1.7801995277,"39":1.526906848,"40":1.3245838881,"41":1.1610066891,"42":1.0169990063,"43":0.8985296488,"44":0.8193951249,"45":0.7468788028,"46":0.692174077,"47":0.6537513733,"48":0.6255754232,"49":0.6038752198,"50":0.5834391713,"51":0.5736446381,"52":0.5648676157},"acc":{"0":0.5099122524,"1":0.5586610436,"2":0.6030765772,"3":0.6432672739,"4":0.6741414666,"5":0.7096739411,"6":0.728956759,"7":0.7577727437,"8":0.7866969705,"9":0.8054382205,"10":0.8245043755,"11":0.8341457844,"12":0.8553786278,"13":0.8655617237,"14":0.8810529709,"15":0.8750947714,"16":0.8841945529,"17":0.8900443912,"18":0.8949192762,"19":0.8923193812,"20":0.9084606171,"21":0.9140937924,"22":0.9147437811,"23":0.9183186889,"24":0.9101939201,"25":0.9177770615,"26":0.9188603759,"27":0.9227602482,"28":0.9216769338,"29":0.9267684817,"30":0.9353266358,"31":0.9338099957,"32":0.9307767153,"33":0.9333766699,"34":0.9369515777,"35":0.9313184023,"36":0.9339182973,"37":0.9392265081,"38":0.937709868,"39":0.9461596608,"40":0.944534719,"41":0.9460513592,"42":0.9447513819,"43":0.949626267,"44":0.9465929866,"45":0.9493012428,"46":0.9530928135,"47":0.950817883,"48":0.9519011974,"49":0.9552594423,"50":0.9588343501,"51":0.9550427794,"52":0.9568843842},"auc":{"0":0.5688841939,"1":0.5986081958,"2":0.6762512922,"3":0.7195205092,"4":0.7553981543,"5":0.781983614,"6":0.7900699377,"7":0.8116542101,"8":0.8360719681,"9":0.8403793573,"10":0.8520766497,"11":0.8611398339,"12":0.8712604046,"13":0.8787846565,"14":0.8858593702,"15":0.8908889294,"16":0.8931386471,"17":0.898685813,"18":0.9039548635,"19":0.9013342857,"20":0.9108269811,"21":0.9193792343,"22":0.9189660549,"23":0.921043396,"24":0.9194830656,"25":0.924762249,"26":0.9308049083,"27":0.9322319031,"28":0.9394058585,"29":0.932153821,"30":0.9365007877,"31":0.9424872398,"32":0.9415237308,"33":0.9417897463,"34":0.9463940859,"35":0.9463307858,"36":0.9518529773,"37":0.9489919543,"38":0.9507145286,"39":0.9585680962,"40":0.958827734,"41":0.9547562003,"42":0.9587999582,"43":0.9644281864,"44":0.9596756697,"45":0.9666452408,"46":0.9684664011,"47":0.9689023495,"48":0.9708141088,"49":0.9678102732,"50":0.9722824097,"51":0.9732320309,"52":0.9710772634},"val_loss":{"0":81.4937438965,"1":76.3937835693,"2":71.5708236694,"3":66.9830932617,"4":62.5968513489,"5":58.4843826294,"6":54.5734214783,"7":50.8628578186,"8":47.2831878662,"9":43.926902771,"10":40.8449211121,"11":37.7899208069,"12":34.8390426636,"13":32.1477050781,"14":29.6231040955,"15":27.179485321,"16":24.8777942657,"17":22.747795105,"18":20.7457199097,"19":18.9040966034,"20":17.2352695465,"21":15.4903564453,"22":14.0486545563,"23":12.5524406433,"24":11.2696113586,"25":10.1332130432,"26":9.0735406876,"27":8.0515470505,"28":7.1466426849,"29":6.2638239861,"30":5.5444135666,"31":4.8689846992,"32":4.3101415634,"33":3.7706449032,"34":3.2894876003,"35":2.8621459007,"36":2.4721624851,"37":2.2002542019,"38":1.9399141073,"39":1.7251105309,"40":1.6034449339,"41":1.3405365944,"42":1.2406747341,"43":1.1601470709,"44":1.0858339071,"45":1.0479624271,"46":1.0287493467,"47":0.9611774087,"48":0.9702507854,"49":0.8802442551,"50":0.9168444276,"51":0.9550935626,"52":0.9541115165},"val_acc":{"0":0.6733102202,"1":0.7279029489,"2":0.7651646733,"3":0.8080589175,"4":0.8375216722,"5":0.8323223591,"6":0.8292894363,"7":0.8297227025,"8":0.8331888914,"9":0.8409878612,"10":0.7859618664,"11":0.8297227025,"12":0.8375216722,"13":0.8340554833,"14":0.8353552818,"15":0.8388214707,"16":0.8474869728,"17":0.8448873758,"18":0.8392547369,"19":0.8370884061,"20":0.831022501,"21":0.8409878612,"22":0.8362218142,"23":0.8461871743,"24":0.8448873758,"25":0.8418543935,"26":0.8379549384,"27":0.8379549384,"28":0.8401213288,"29":0.8457539082,"30":0.8383882046,"31":0.8418543935,"32":0.8366551399,"33":0.8366551399,"34":0.8383882046,"35":0.8388214707,"36":0.8418543935,"37":0.8388214707,"38":0.8375216722,"39":0.8383882046,"40":0.8258232474,"41":0.840554595,"42":0.8414211273,"43":0.8375216722,"44":0.8340554833,"45":0.8344887495,"46":0.8344887495,"47":0.8353552818,"48":0.8271230459,"49":0.8392547369,"50":0.8349220157,"51":0.8318890929,"52":0.8323223591},"val_auc":{"0":0.6626131535,"1":0.7387661934,"2":0.8062162995,"3":0.7885673046,"4":0.775054574,"5":0.7868406773,"6":0.7941513062,"7":0.7977774143,"8":0.7946977615,"9":0.7773654461,"10":0.7741031647,"11":0.7858399153,"12":0.7730147839,"13":0.749717474,"14":0.7833826542,"15":0.7734977603,"16":0.7764780521,"17":0.7873495221,"18":0.7711943388,"19":0.7938656211,"20":0.800776124,"21":0.7839571238,"22":0.7947288752,"23":0.7726693153,"24":0.7744460106,"25":0.7883901596,"26":0.787632525,"27":0.7985445261,"28":0.7972171307,"29":0.7806863785,"30":0.7666115761,"31":0.7877585888,"32":0.7709733248,"33":0.7860352993,"34":0.7790429592,"35":0.7853256464,"36":0.7718217969,"37":0.7838521004,"38":0.7743877172,"39":0.7784980536,"40":0.7887578011,"41":0.7772277594,"42":0.7822217941,"43":0.771115005,"44":0.7747049332,"45":0.7862684727,"46":0.7882270217,"47":0.779981792,"48":0.7842012644,"49":0.7492166162,"50":0.767962575,"51":0.7802401781,"52":0.7750073075}}