{"loss":{"0":0.6398726106,"1":0.59069103,"2":0.5603561997,"3":0.5482683182,"4":0.5373523235,"5":0.516423285,"6":0.4981505275},"acc":{"0":0.6344843507,"1":0.6810540557,"2":0.7114948034,"3":0.7169468403,"4":0.7283053398,"5":0.746024549,"6":0.7571558356},"auc":{"0":0.6879667044,"1":0.7500975132,"2":0.7815098763,"3":0.7930849791,"4":0.8015195131,"5":0.8207426071,"6":0.8359674215},"val_loss":{"0":0.5826392174,"1":0.5725548863,"2":0.6059596539,"3":0.5631170869,"4":0.6011342406,"5":0.5692315102,"6":0.5838395357},"val_acc":{"0":0.6911898255,"1":0.7075386047,"2":0.6603088379,"3":0.7266121507,"4":0.695731163,"5":0.7075386047,"6":0.7184377909},"val_auc":{"0":0.7628828883,"1":0.7753664255,"2":0.7727825642,"3":0.7841772437,"4":0.7832895517,"5":0.7789270282,"6":0.785056591}}