,loss,acc,auc,val_loss,val_acc,val_auc
0,0.6293280124664307,0.6478873491287231,0.7019238471984863,0.5678086280822754,0.7084468603134155,0.7769917249679565
1,0.5796622037887573,0.7055883407592773,0.764356255531311,0.5648978352546692,0.7175295352935791,0.7861250042915344
2,0.5591269135475159,0.7221717238426208,0.7859569787979126,0.5474685430526733,0.7166212797164917,0.7954516410827637
3,0.5386560559272766,0.7337573766708374,0.803419828414917,0.5544062256813049,0.7202543020248413,0.792799711227417
4,0.5304179191589355,0.7451158761978149,0.8102541565895081,0.5463756322860718,0.7175295352935791,0.797870397567749
5,0.5134663581848145,0.7514765858650208,0.8234513998031616,0.5517183542251587,0.7211625576019287,0.7960000038146973
6,0.5006099343299866,0.7582916617393494,0.833889901638031,0.5583817362785339,0.7157129645347595,0.7955390810966492
7,0.4821241497993469,0.7757837176322937,0.8476693630218506,0.5518746376037598,0.7193460464477539,0.8013200759887695
