{"loss":{"0":0.6344922185,"1":0.5838599205,"2":0.5590876937,"3":0.5393218398,"4":0.5304600596,"5":0.5096911192,"6":0.4994731843,"7":0.4844709039,"8":0.4673892558,"9":0.4453732073},"acc":{"0":0.6399363875,"1":0.698091805,"2":0.7253521085,"3":0.727396667,"4":0.7387551069,"5":0.7507950664,"6":0.7582916617,"7":0.7691957951,"8":0.7757837176,"9":0.7975919843},"auc":{"0":0.6897522211,"1":0.7583293915,"2":0.7836027145,"3":0.8007749319,"4":0.810149312,"5":0.8261376619,"6":0.8351895809,"7":0.8449441791,"8":0.8569528461,"9":0.8726439476},"val_loss":{"0":0.5865479112,"1":0.5678036809,"2":0.5639525652,"3":0.5667008758,"4":0.5594718456,"5":0.5683990121,"6":0.5455349088,"7":0.5566962957,"8":0.5861706138,"9":0.5559164286},"val_acc":{"0":0.6930063367,"1":0.6966394186,"2":0.7093551159,"3":0.7166212797,"4":0.7193460464,"5":0.7275204062,"6":0.7247956395,"7":0.7257038951,"8":0.7229791284,"9":0.7157129645},"val_auc":{"0":0.7548110485,"1":0.7750123739,"2":0.7804454565,"3":0.7808744311,"4":0.7927421331,"5":0.7905889153,"6":0.7954397202,"7":0.7913941741,"8":0.7925622463,"9":0.7961062193}}