,loss,acc,auc,val_loss,val_acc,val_auc
0,0.6254643797874451,0.6585642695426941,0.7111705541610718,0.5646657943725586,0.7129881978034973,0.7829433679580688
1,0.5707480907440186,0.7139936685562134,0.7759748697280884,0.5518271923065186,0.7284287214279175,0.7981562614440918
2,0.5501618981361389,0.7296683192253113,0.7932943105697632,0.5674760937690735,0.7075386047363281,0.8074870705604553
3,0.5384954214096069,0.7339845299720764,0.8048233985900879,0.5368012189865112,0.7293369770050049,0.8142111301422119
4,0.5230517387390137,0.7398909330368042,0.8159176111221313,0.527685284614563,0.7329699993133545,0.8203029632568359
5,0.5137996077537537,0.7451158761978149,0.8235806226730347,0.5110716819763184,0.7429609298706055,0.8249353170394897
6,0.49534469842910767,0.7573829889297485,0.8377742767333984,0.5421091914176941,0.7320617437362671,0.8179900646209717
7,0.48436030745506287,0.7685143351554871,0.8476433753967285,0.5807979106903076,0.7166212797164917,0.8143448233604431
8,0.4642040431499481,0.7862335443496704,0.860579252243042,0.5209209322929382,0.7538601160049438,0.8269641399383545
