{"loss":{"0":0.6254643798,"1":0.5707480907,"2":0.5501618981,"3":0.5384954214,"4":0.5230517387,"5":0.5137996078,"6":0.4953446984,"7":0.4843603075,"8":0.4642040431},"acc":{"0":0.6585642695,"1":0.7139936686,"2":0.7296683192,"3":0.73398453,"4":0.739890933,"5":0.7451158762,"6":0.7573829889,"7":0.7685143352,"8":0.7862335443},"auc":{"0":0.7111705542,"1":0.7759748697,"2":0.7932943106,"3":0.8048233986,"4":0.8159176111,"5":0.8235806227,"6":0.8377742767,"7":0.8476433754,"8":0.8605792522},"val_loss":{"0":0.5646657944,"1":0.5518271923,"2":0.5674760938,"3":0.536801219,"4":0.5276852846,"5":0.511071682,"6":0.5421091914,"7":0.5807979107,"8":0.5209209323},"val_acc":{"0":0.7129881978,"1":0.7284287214,"2":0.7075386047,"3":0.729336977,"4":0.7329699993,"5":0.7429609299,"6":0.7320617437,"7":0.7166212797,"8":0.753860116},"val_auc":{"0":0.782943368,"1":0.7981562614,"2":0.8074870706,"3":0.8142111301,"4":0.8203029633,"5":0.824935317,"6":0.8179900646,"7":0.8143448234,"8":0.8269641399}}