,loss,acc,auc,val_loss,val_acc,val_auc
0,0.6398726105690002,0.6344843506813049,0.6879667043685913,0.582639217376709,0.6911898255348206,0.7628828883171082
1,0.5906910300254822,0.6810540556907654,0.7500975131988525,0.572554886341095,0.7075386047363281,0.7753664255142212
2,0.5603561997413635,0.7114948034286499,0.7815098762512207,0.6059596538543701,0.660308837890625,0.772782564163208
3,0.5482683181762695,0.7169468402862549,0.793084979057312,0.5631170868873596,0.7266121506690979,0.7841772437095642
4,0.5373523235321045,0.7283053398132324,0.801519513130188,0.6011342406272888,0.6957311630249023,0.7832895517349243
5,0.5164232850074768,0.7460245490074158,0.8207426071166992,0.5692315101623535,0.7075386047363281,0.7789270281791687
6,0.4981505274772644,0.7571558356285095,0.8359674215316772,0.5838395357131958,0.7184377908706665,0.7850565910339355
