{"loss":{"0":0.6293280125,"1":0.5796622038,"2":0.5591269135,"3":0.5386560559,"4":0.5304179192,"5":0.5134663582,"6":0.5006099343,"7":0.4821241498},"acc":{"0":0.6478873491,"1":0.7055883408,"2":0.7221717238,"3":0.7337573767,"4":0.7451158762,"5":0.7514765859,"6":0.7582916617,"7":0.7757837176},"auc":{"0":0.7019238472,"1":0.7643562555,"2":0.7859569788,"3":0.8034198284,"4":0.8102541566,"5":0.8234513998,"6":0.8338899016,"7":0.847669363},"val_loss":{"0":0.5678086281,"1":0.5648978353,"2":0.5474685431,"3":0.5544062257,"4":0.5463756323,"5":0.5517183542,"6":0.5583817363,"7":0.5518746376},"val_acc":{"0":0.7084468603,"1":0.7175295353,"2":0.7166212797,"3":0.720254302,"4":0.7175295353,"5":0.7211625576,"6":0.7157129645,"7":0.7193460464},"val_auc":{"0":0.776991725,"1":0.7861250043,"2":0.7954516411,"3":0.7927997112,"4":0.7978703976,"5":0.7960000038,"6":0.7955390811,"7":0.801320076}}