,loss,acc,auc,val_loss,val_acc,val_auc
0,0.6259412169456482,0.6594729423522949,0.7084579467773438,0.5978104472160339,0.6730245351791382,0.7525409460067749
1,0.5808255076408386,0.7030894756317139,0.7631347179412842,0.5819920301437378,0.7011807560920715,0.7628828287124634
2,0.5627596974372864,0.7139936685562134,0.7817411422729492,0.5837650895118713,0.7011807560920715,0.767743706703186
3,0.5478864908218384,0.7230803966522217,0.7955964803695679,0.5927438735961914,0.6802906394004822,0.7739657163619995
4,0.5367533564567566,0.7355747222900391,0.8057291507720947,0.568635106086731,0.7057220935821533,0.7754455804824829
5,0.517826497554779,0.7501136064529419,0.8216030597686768,0.5950019955635071,0.7039055228233337,0.778060793876648
6,0.5055537223815918,0.7507950663566589,0.8309947848320007,0.5963203310966492,0.7184377908706665,0.7768844366073608
7,0.49050697684288025,0.7653339505195618,0.8422493934631348,0.5807894468307495,0.7311534881591797,0.7815505266189575
