{"loss":{"0":0.6259412169,"1":0.5808255076,"2":0.5627596974,"3":0.5478864908,"4":0.5367533565,"5":0.5178264976,"6":0.5055537224,"7":0.4905069768},"acc":{"0":0.6594729424,"1":0.7030894756,"2":0.7139936686,"3":0.7230803967,"4":0.7355747223,"5":0.7501136065,"6":0.7507950664,"7":0.7653339505},"auc":{"0":0.7084579468,"1":0.7631347179,"2":0.7817411423,"3":0.7955964804,"4":0.8057291508,"5":0.8216030598,"6":0.8309947848,"7":0.8422493935},"val_loss":{"0":0.5978104472,"1":0.5819920301,"2":0.5837650895,"3":0.5927438736,"4":0.5686351061,"5":0.5950019956,"6":0.5963203311,"7":0.5807894468},"val_acc":{"0":0.6730245352,"1":0.7011807561,"2":0.7011807561,"3":0.6802906394,"4":0.7057220936,"5":0.7039055228,"6":0.7184377909,"7":0.7311534882},"val_auc":{"0":0.752540946,"1":0.7628828287,"2":0.7677437067,"3":0.7739657164,"4":0.7754455805,"5":0.7780607939,"6":0.7768844366,"7":0.7815505266}}