{"loss":{"0":86.3996734619,"1":83.7080688477,"2":81.1307525635,"3":78.6120529175,"4":76.1702041626,"5":73.824256897,"6":71.5323257446,"7":69.2908935547,"8":67.101600647,"9":64.9732971191,"10":62.9006004333,"11":60.8711433411,"12":58.9071502686,"13":56.9725608826,"14":55.0775871277,"15":53.2395706177,"16":51.4584960938,"17":49.7000427246,"18":47.9953842163,"19":46.3235359192,"20":44.7142982483,"21":43.1147232056,"22":41.5723991394,"23":40.073135376,"24":38.6141624451,"25":37.1821327209,"26":35.7787780762,"27":34.4405822754,"28":33.115486145,"29":31.8354644775,"30":30.586643219,"31":29.3707103729,"32":28.1950321198,"33":27.0418338776,"34":25.9305801392,"35":24.832988739,"36":23.790271759,"37":22.7638072968,"38":21.7727451324,"39":20.8131008148,"40":19.8886394501,"41":18.9795722961,"42":18.1004180908,"43":17.2622489929,"44":16.4549884796,"45":15.6592636108,"46":14.896733284,"47":14.1593332291,"48":13.45216465,"49":12.7669754028,"50":12.120759964,"51":11.4757680893,"52":10.8854484558,"53":10.2978649139,"54":9.7341938019,"55":9.197974205,"56":8.6861085892,"57":8.1957902908,"58":7.7167916298,"59":7.278801918,"60":6.8548250198,"61":6.4440484047,"62":6.0609650612,"63":5.6835408211,"64":5.340282917,"65":5.0047483444,"66":4.6766762733,"67":4.3806581497,"68":4.0945363045,"69":3.8218610287,"70":3.5651669502,"71":3.3104457855,"72":3.0804870129,"73":2.866291523,"74":2.6571004391,"75":2.4707591534,"76":2.2896392345,"77":2.1230261326,"78":1.9661617279,"79":1.8217668533,"80":1.6795960665,"81":1.5551885366,"82":1.4456695318,"83":1.3377923965,"84":1.2504075766,"85":1.1566034555,"86":1.0727803707,"87":1.0005596876,"88":0.9288900495,"89":0.8734388351,"90":0.821659565,"91":0.7771512866,"92":0.7376074195,"93":0.6972107291},"acc":{"0":0.5542935133,"1":0.5670149922,"2":0.6122217178,"3":0.6703770757,"4":0.7124034762,"5":0.7314856648,"6":0.7580645084,"7":0.7780554295,"8":0.803271234,"9":0.8205361366,"10":0.8380281925,"11":0.8537028432,"12":0.8602907658,"13":0.8750568032,"14":0.8930031657,"15":0.8966379166,"16":0.9116310477,"17":0.9143571258,"18":0.9238982201,"19":0.927305758,"20":0.9370740652,"21":0.9422989488,"22":0.9445706606,"23":0.9502499104,"24":0.9443435073,"25":0.9536574483,"26":0.9541117549,"27":0.9545661211,"28":0.9602453709,"29":0.961381197,"30":0.9656974077,"31":0.9686506391,"32":0.9652431011,"33":0.9716038108,"34":0.972058177,"35":0.9763743877,"36":0.9745570421,"37":0.9793275595,"38":0.9795547724,"39":0.9777373672,"40":0.9784188867,"41":0.9820536375,"42":0.9843252897,"43":0.9806905985,"44":0.9818264246,"45":0.9834166169,"46":0.9856883287,"47":0.9854611754,"48":0.9875056744,"49":0.9861426353,"50":0.9818264246,"51":0.9875056744,"52":0.9840981364,"53":0.9868241549,"54":0.9888687134,"55":0.9890958667,"56":0.9877328277,"57":0.9895502329,"58":0.9902316928,"59":0.9881871939,"60":0.9884143472,"61":0.9884143472,"62":0.9886415005,"63":0.9915947318,"64":0.98932302,"65":0.9900045395,"66":0.9918218851,"67":0.9925034046,"68":0.9915947318,"69":0.9897773862,"70":0.9918218851,"71":0.9943207502,"72":0.9925034046,"73":0.9904589057,"74":0.9929577708,"75":0.9918218851,"76":0.9918218851,"77":0.9934120774,"78":0.9931849241,"79":0.9922762513,"80":0.9950022697,"81":0.9938664436,"82":0.9934120774,"83":0.9940935969,"84":0.9909132123,"85":0.9943207502,"86":0.9938664436,"87":0.9945479035,"88":0.9959109426,"89":0.9956837893,"90":0.9925034046,"91":0.9927305579,"92":0.9913675785,"93":0.995229423},"auc":{"0":0.574840188,"1":0.5977898836,"2":0.6609942317,"3":0.7335737944,"4":0.7805914879,"5":0.805470705,"6":0.8291387558,"7":0.8521237373,"8":0.8765287995,"9":0.8900523186,"10":0.9026238918,"11":0.9170783162,"12":0.9209724665,"13":0.9308578968,"14":0.9439396858,"15":0.9492303133,"16":0.9506113529,"17":0.9585753679,"18":0.9622776508,"19":0.967446804,"20":0.9665415287,"21":0.9728673697,"22":0.9755458832,"23":0.9753491879,"24":0.9761186242,"25":0.9790192246,"26":0.9835279584,"27":0.9810206294,"28":0.9841575623,"29":0.9848831296,"30":0.9857254028,"31":0.9879834652,"32":0.987218082,"33":0.988450408,"34":0.9877221584,"35":0.9919267297,"36":0.989859581,"37":0.9919345379,"38":0.9920679331,"39":0.9919881225,"40":0.9917424917,"41":0.9938149452,"42":0.9946975708,"43":0.9941886663,"44":0.9923139811,"45":0.9935819507,"46":0.9949727058,"47":0.9952462912,"48":0.9944473505,"49":0.9954147339,"50":0.9934417009,"51":0.9955727458,"52":0.9957504869,"53":0.9964439869,"54":0.9969311953,"55":0.9970450401,"56":0.9955406189,"57":0.9962534308,"58":0.9970108271,"59":0.9963668585,"60":0.9959224463,"61":0.9950261116,"62":0.9955158234,"63":0.9979186058,"64":0.9960432649,"65":0.9967786074,"66":0.9985040426,"67":0.9971345663,"68":0.9976770878,"69":0.9967167377,"70":0.9977720976,"71":0.9982666969,"72":0.9970216751,"73":0.9969516397,"74":0.9973134995,"75":0.9976916909,"76":0.9977463484,"77":0.9974973202,"78":0.9980310202,"79":0.9977639914,"80":0.9985172749,"81":0.9984506369,"82":0.9981576204,"83":0.9983807802,"84":0.9973810911,"85":0.9976685047,"86":0.9980709553,"87":0.9980835915,"88":0.9991749525,"89":0.9987342954,"90":0.9980022907,"91":0.9983986616,"92":0.997009635,"93":0.9986242056},"val_loss":{"0":84.8225250244,"1":82.2672195435,"2":79.7300643921,"3":77.3306121826,"4":74.96118927,"5":72.6653213501,"6":70.5541992188,"7":68.3170623779,"8":66.1852722168,"9":64.1781616211,"10":62.1370925903,"11":60.1819572449,"12":58.2424087524,"13":56.3862915039,"14":54.5893440247,"15":52.8740615845,"16":51.083530426,"17":49.3632049561,"18":47.7924232483,"19":46.157913208,"20":44.4832839966,"21":43.0663070679,"22":41.504901886,"23":39.9910926819,"24":38.5984420776,"25":37.1941299438,"26":35.835144043,"27":34.4890518188,"28":33.2168388367,"29":31.9873828888,"30":30.7422580719,"31":29.5598697662,"32":28.3904857635,"33":27.2859764099,"34":26.1476573944,"35":25.1377372742,"36":24.0301933289,"37":23.0834445953,"38":22.086938858,"39":21.2491607666,"40":20.3888950348,"41":19.3573055267,"42":18.5208873749,"43":17.7161407471,"44":17.0083942413,"45":16.1698322296,"46":15.3309688568,"47":14.6802482605,"48":13.9912099838,"49":13.3221111298,"50":12.7451124191,"51":11.9709873199,"52":11.4819374084,"53":10.9340496063,"54":10.3398418427,"55":9.8357467651,"56":9.4054956436,"57":8.8589925766,"58":8.4278421402,"59":7.9519486427,"60":7.5235652924,"61":7.1496701241,"62":6.7520785332,"63":6.4419941902,"64":6.1061024666,"65":5.8510627747,"66":5.5023150444,"67":5.1498603821,"68":4.823220253,"69":4.6433238983,"70":4.2733039856,"71":4.130569458,"72":3.8740904331,"73":3.6954889297,"74":3.4942245483,"75":3.3798370361,"76":3.1413786411,"77":3.0083298683,"78":2.9088699818,"79":2.6836714745,"80":2.6212806702,"81":2.4750981331,"82":2.4053127766,"83":2.2663209438,"84":2.1751382351,"85":2.1068837643,"86":1.9608000517,"87":1.99812603,"88":1.9089089632,"89":1.8370220661,"90":1.7847179174,"91":1.7989507914,"92":1.7899360657,"93":1.8017989397},"val_acc":{"0":0.5940054655,"1":0.6176203489,"2":0.7075386047,"3":0.7138964534,"4":0.7220708728,"5":0.7166212797,"6":0.7075386047,"7":0.729336977,"8":0.7366030812,"9":0.7266121507,"10":0.7329699993,"11":0.7266121507,"12":0.7229791284,"13":0.7229791284,"14":0.7284287214,"15":0.7257038951,"16":0.7220708728,"17":0.7229791284,"18":0.7275204062,"19":0.7238873839,"20":0.7166212797,"21":0.7229791284,"22":0.7238873839,"23":0.7284287214,"24":0.729336977,"25":0.7220708728,"26":0.7275204062,"27":0.7302452326,"28":0.7275204062,"29":0.7302452326,"30":0.7257038951,"31":0.7320617437,"32":0.7284287214,"33":0.7229791284,"34":0.7284287214,"35":0.7238873839,"36":0.7338783145,"37":0.7338783145,"38":0.7247956395,"39":0.7193460464,"40":0.7247956395,"41":0.7211625576,"42":0.7329699993,"43":0.7257038951,"44":0.7229791284,"45":0.7220708728,"46":0.7257038951,"47":0.7257038951,"48":0.7275204062,"49":0.729336977,"50":0.7266121507,"51":0.7247956395,"52":0.7247956395,"53":0.7229791284,"54":0.7275204062,"55":0.7320617437,"56":0.7284287214,"57":0.7257038951,"58":0.7302452326,"59":0.7247956395,"60":0.7284287214,"61":0.7284287214,"62":0.7329699993,"63":0.7347865701,