{"loss":{"0":51.9540138245,"1":48.4883270264,"2":45.2434196472,"3":42.1915092468,"4":39.3341560364,"5":36.6470794678,"6":34.1115455627,"7":31.7151660919,"8":29.4548149109,"9":27.3174095154,"10":25.3139247894,"11":23.414440155,"12":21.6174049377,"13":19.9330730438,"14":18.3465938568,"15":16.8584060669,"16":15.4594564438,"17":14.1387004852,"18":12.905872345,"19":11.7524089813,"20":10.6866893768,"21":9.6850366592,"22":8.7600746155,"23":7.8990030289,"24":7.1080360413,"25":6.3789663315,"26":5.7029738426,"27":5.0920667648,"28":4.5355763435,"29":4.0188565254,"30":3.5604755878,"31":3.1413712502,"32":2.7770068645,"33":2.4425599575,"34":2.1479392052,"35":1.8895601034,"36":1.6611112356,"37":1.4700165987,"38":1.3039573431,"39":1.1503247023,"40":1.0298413038,"41":0.9258833528,"42":0.8397932649,"43":0.7724964023,"44":0.7288627625,"45":0.6764778495,"46":0.6465174556,"47":0.6195574999,"48":0.6067515612,"49":0.5919265747,"50":0.5773810744,"51":0.5736576915,"52":0.5700938106,"53":0.5653190017,"54":0.5631606579,"55":0.5594753027,"56":0.5575180054},"acc":{"0":0.5893408656,"1":0.6152304411,"2":0.6364620924,"3":0.6589394808,"4":0.6696636677,"5":0.6797378659,"6":0.6822834611,"7":0.694470048,"8":0.7014027834,"9":0.7129393816,"10":0.7109354138,"11":0.7142934799,"12":0.721280396,"13":0.720684588,"14":0.7266966105,"15":0.7291880846,"16":0.7282673717,"17":0.7291880846,"18":0.7331961393,"19":0.7361750603,"20":0.7353625894,"21":0.7349835038,"22":0.7362833619,"23":0.7410496473,"24":0.7377999425,"25":0.7415912747,"26":0.7447327375,"27":0.7450035214,"28":0.7401289344,"29":0.7453826666,"30":0.746574223,"31":0.7490656972,"32":0.7478741407,"33":0.7457618117,"34":0.7484698892,"35":0.7539944649,"36":0.7490656972,"37":0.7523695827,"38":0.7470075488,"39":0.7538319826,"40":0.753777802,"41":0.75437361,"42":0.7568109035,"43":0.7590315938,"44":0.7531820536,"45":0.7577858567,"46":0.7585440874,"47":0.7574067116,"48":0.7602773309,"49":0.7621188164,"50":0.7602773309,"51":0.761577189,"52":0.7614147067,"53":0.7619563341,"54":0.7633645535,"55":0.7649894357,"56":0.7641770244},"auc":{"0":0.5552353263,"1":0.5721963644,"2":0.577480197,"3":0.5935564041,"4":0.589676857,"5":0.5873408318,"6":0.5921404362,"7":0.5936566591,"8":0.5954610109,"9":0.6025593281,"10":0.590282619,"11":0.5958297849,"12":0.6054325104,"13":0.6017088294,"14":0.604203105,"15":0.5972691178,"16":0.5985426307,"17":0.6018710136,"18":0.6051732898,"19":0.6096055508,"20":0.599776566,"21":0.6085255146,"22":0.6085951328,"23":0.6093968749,"24":0.6066486239,"25":0.609510541,"26":0.614941895,"27":0.6111362576,"28":0.6057220697,"29":0.6185401678,"30":0.6185855865,"31":0.6257565022,"32":0.6157159805,"33":0.6225162745,"34":0.6226728559,"35":0.6229239106,"36":0.6275908947,"37":0.6205578446,"38":0.6164233088,"39":0.6309441328,"40":0.6307893395,"41":0.6346507072,"42":0.6408952475,"43":0.6422286034,"44":0.6281313896,"45":0.6405898333,"46":0.6358568668,"47":0.6417610645,"48":0.6349121332,"49":0.6353651285,"50":0.6436804533,"51":0.6407712698,"52":0.639964819,"53":0.6434337497,"54":0.6451157928,"55":0.6451753378,"56":0.6490582824},"val_loss":{"0":49.9645385742,"1":46.6487121582,"2":43.5719108582,"3":40.6439781189,"4":37.8669013977,"5":35.254032135,"6":32.802116394,"7":30.465171814,"8":28.2738056183,"9":26.204284668,"10":24.2474689484,"11":22.4056930542,"12":20.6677036285,"13":19.0335006714,"14":17.5000514984,"15":16.0522937775,"16":14.692281723,"17":13.4256134033,"18":12.2337713242,"19":11.1222038269,"20":10.0922193527,"21":9.1313772202,"22":8.241109848,"23":7.4158287048,"24":6.6558761597,"25":5.9574999809,"26":5.3197321892,"27":4.7355918884,"28":4.2030925751,"29":3.722976923,"30":3.2865636349,"31":2.8943452835,"32":2.5491344929,"33":2.2440364361,"34":1.9740110636,"35":1.7186824083,"36":1.5149803162,"37":1.3454153538,"38":1.1896755695,"39":1.0686378479,"40":0.9478777647,"41":0.868580699,"42":0.7562009692,"43":0.7163218856,"44":0.6712964177,"45":0.6222652197,"46":0.6248601675,"47":0.5894950032,"48":0.5793861151,"49":0.5676280856,"50":0.5662357211,"51":0.5863682032,"52":0.5614050031,"53":0.5454055071,"54":0.5846898556,"55":0.5525573492,"56":0.5705953836},"val_acc":{"0":0.7824956775,"1":0.7729635835,"2":0.7350519896,"3":0.7341854572,"4":0.75,"5":0.7536828518,"6":0.7482668757,"7":0.7731802464,"8":0.7727469802,"9":0.7731802464,"10":0.7790294886,"11":0.7785961628,"12":0.7809792161,"13":0.7798960209,"14":0.7783795595,"15":0.7807625532,"16":0.7840121388,"17":0.7824956775,"18":0.7842287421,"19":0.7859618664,"20":0.7850953341,"21":0.7855286002,"22":0.7859618664,"23":0.7859618664,"24":0.7863951325,"25":0.7868283987,"26":0.7872617245,"27":0.7872617245,"28":0.7868283987,"29":0.7889947891,"30":0.7887781858,"31":0.7887781858,"32":0.7870450616,"33":0.783795476,"34":0.7807625532,"35":0.7842287421,"36":0.7827122808,"37":0.7861785293,"38":0.7846620679,"39":0.7746967077,"40":0.7822790146,"41":0.7736135125,"42":0.7889947891,"43":0.7831456065,"44":0.7879115939,"45":0.789211452,"46":0.7671144009,"47":0.7788128257,"48":0.7876949906,"49":0.7846620679,"50":0.7755632401,"51":0.766897738,"52":0.7855286002,"53":0.7889947891,"54":0.7497833371,"55":0.789211452,"56":0.7740467787},"val_auc":{"0":0.6740479469,"1":0.6788530946,"2":0.679448247,"3":0.6798385978,"4":0.6799614429,"5":0.6805203557,"6":0.6803019643,"7":0.6805484295,"8":0.6802476645,"9":0.6804444194,"10":0.6803163886,"11":0.6805232763,"12":0.6804593801,"13":0.6807544231,"14":0.6803177595,"15":0.6802961826,"16":0.6804870367,"17":0.6806261539,"18":0.6804686785,"19":0.6810481548,"20":0.6816654205,"21":0.6820701361,"22":0.6822167635,"23":0.6825114489,"24":0.6827847958,"25":0.683506012,"26":0.6841199398,"27":0.6847246289,"28":0.6848034859,"29":0.6853784323,"30":0.6864022017,"31":0.6872913241,"32":0.6886370182,"33":0.6885762811,"34":0.6886866093,"35":0.6895455122,"36":0.6921720505,"37":0.6950774193,"38":0.6954082251,"39":0.6961100698,"40":0.6986800432,"41":0.6968234181,"42":0.6960823536,"43":0.6987893581,"44":0.6964995861,"45":0.6987974644,"46":0.6955617666,"47":0.6942961812,"48":0.6964559555,"49":0.6970199347,"50":0.6964867115,"51":0.6968189478,"52":0.6994097829,"53":0.699378252,"54":0.6968786716,"55":0.6994087696,"56":0.6988503933}}