{"loss":{"0":51.2345314026,"1":47.7996177673,"2":44.5892715454,"3":41.5613822937,"4":38.7272033691,"5":36.0496559143,"6":33.5283355713,"7":31.1510124207,"8":28.9003276825,"9":26.7866287231,"10":24.7862186432,"11":22.9039020538,"12":21.127702713,"13":19.4544124603,"14":17.8818855286,"15":16.4084587097,"16":15.0181293488,"17":13.725153923,"18":12.5111093521,"19":11.3788366318,"20":10.3233108521,"21":9.3457098007,"22":8.4353275299,"23":7.5989494324,"24":6.8215289116,"25":6.1072573662,"26":5.4604582787,"27":4.8629131317,"28":4.3205943108,"29":3.829308033,"30":3.3850131035,"31":2.9864034653,"32":2.6259644032,"33":2.3109896183,"34":2.0302417278,"35":1.7849866152,"36":1.5708245039,"37":1.38385427,"38":1.2223209143,"39":1.087500453,"40":0.9714813828,"41":0.8763751388,"42":0.7965056896,"43":0.7325863242,"44":0.6832379699,"45":0.6462266445,"46":0.614874661,"47":0.588734746,"48":0.5743521452,"49":0.5643907189,"50":0.5542343259,"51":0.5503634214},"acc":{"0":0.6890537739,"1":0.6986405253,"2":0.7087147236,"3":0.7158100009,"4":0.7199263573,"5":0.7277257442,"6":0.7334669232,"7":0.7355792522,"8":0.7405080199,"9":0.7439744473,"10":0.7446243763,"11":0.7472783327,"12":0.748036623,"13":0.7468450665,"14":0.7515571713,"15":0.7481449246,"16":0.751611352,"17":0.7506363988,"18":0.7530195713,"19":0.7528029084,"20":0.753723681,"21":0.755240202,"22":0.7568650842,"23":0.7549152374,"24":0.7549152374,"25":0.7609272599,"26":0.7595190406,"27":0.7604398131,"28":0.7599523664,"29":0.7590315938,"30":0.7583816051,"31":0.7598981857,"32":0.7592481971,"33":0.762172997,"34":0.7637436986,"35":0.7639061809,"36":0.7622271776,"37":0.7649894357,"38":0.7647186518,"39":0.7633104324,"40":0.7665059566,"41":0.7642311454,"42":0.7680225372,"43":0.7704598308,"44":0.7677516937,"45":0.7673726082,"46":0.7689433098,"47":0.7703515291,"48":0.7699182034,"49":0.7700265646,"50":0.7690516114,"51":0.7684016824},"auc":{"0":0.5686659217,"1":0.5841214061,"2":0.5848505497,"3":0.5991302729,"4":0.5946292877,"5":0.6002605557,"6":0.6000546217,"7":0.6015063524,"8":0.608764708,"9":0.6045768261,"10":0.6093317866,"11":0.6080279946,"12":0.6108494997,"13":0.6150854826,"14":0.6143682599,"15":0.6121399999,"16":0.6197535992,"17":0.6171665788,"18":0.6188692451,"19":0.6210640073,"20":0.6235685945,"21":0.620922327,"22":0.624830842,"23":0.6220062971,"24":0.6263939738,"25":0.6330584288,"26":0.6232431531,"27":0.6235713363,"28":0.6290943027,"29":0.6243658066,"30":0.6272816658,"31":0.6269811392,"32":0.6354735494,"33":0.63106215,"34":0.6336379051,"35":0.6293094754,"36":0.6320748925,"37":0.6319031715,"38":0.6354840994,"39":0.6337412,"40":0.6373813152,"41":0.6389107704,"42":0.6413775682,"43":0.6410016418,"44":0.6429659128,"45":0.6396285295,"46":0.6415828466,"47":0.6481223106,"48":0.6472132206,"49":0.6451299191,"50":0.6488411427,"51":0.6461843252},"val_loss":{"0":49.4141731262,"1":46.0850982666,"2":42.9711990356,"3":40.0490493774,"4":37.2969856262,"5":34.7039527893,"6":32.2576179504,"7":29.9501895905,"8":27.7730236053,"9":25.7177257538,"10":23.7797298431,"11":21.9545650482,"12":20.235906601,"13":18.6190814972,"14":17.0947380066,"15":15.6659460068,"16":14.3291778564,"17":13.0770702362,"18":11.9083604813,"19":10.8201332092,"20":9.8081140518,"21":8.8755893707,"22":8.0056171417,"23":7.2017388344,"24":6.4669041634,"25":5.7938399315,"26":5.1813116074,"27":4.6175260544,"28":4.1052370071,"29":3.6443123817,"30":3.227547884,"31":2.8542289734,"32":2.5247199535,"33":2.22919631,"34":1.9754939079,"35":1.7371153831,"36":1.5515214205,"37":1.3867657185,"38":1.2344815731,"39":1.111456871,"40":1.0065251589,"41":0.9318673015,"42":0.8776100278,"43":0.8006039262,"44":0.7496516109,"45":0.7396088243,"46":0.7078407407,"47":0.7012681365,"48":0.666113317,"49":0.6730607152,"50":0.6681349277,"51":0.6711570621},"val_acc":{"0":0.7549826503,"1":0.7549826503,"2":0.7549826503,"3":0.7549826503,"4":0.7666811347,"5":0.7694973946,"6":0.7692807913,"7":0.7694973946,"8":0.767547667,"9":0.7692807913,"10":0.7684141994,"11":0.7671144009,"12":0.7655979395,"13":0.7658145428,"14":0.7666811347,"15":0.7658145428,"16":0.7653812766,"17":0.7651646733,"18":0.7647313476,"19":0.7632148862,"20":0.7595320344,"21":0.7564991117,"22":0.7554159164,"23":0.7577989697,"24":0.7502166629,"25":0.7432842255,"26":0.7270364165,"27":0.7211871743,"28":0.715554595,"29":0.7036395073,"30":0.6984401941,"31":0.6917244196,"32":0.6889081597,"33":0.6821923852,"34":0.6639947891,"35":0.6923743486,"36":0.6661611795,"37":0.6362651587,"38":0.6540294886,"39":0.651429832,"40":0.6551126242,"41":0.6340987682,"42":0.608102262,"43":0.6512131691,"44":0.66832757,"45":0.6252166629,"46":0.6416811347,"47":0.6102686524,"48":0.6713604927,"49":0.6310658455,"50":0.6312825084,"51":0.6193674207},"val_auc":{"0":0.6514242291,"1":0.6519911289,"2":0.6528009176,"3":0.6531498432,"4":0.653002739,"5":0.6534639001,"6":0.6535694599,"7":0.6534920931,"8":0.6537659168,"9":0.6539540291,"10":0.6537783146,"11":0.6544109583,"12":0.6549211144,"13":0.6558563709,"14":0.6574183106,"15":0.6588820219,"16":0.6603277326,"17":0.6615922451,"18":0.6623743176,"19":0.6629508734,"20":0.6631136537,"21":0.663033545,"22":0.6640396714,"23":0.6638594866,"24":0.6643071175,"25":0.6646410227,"26":0.6644510031,"27":0.6644518971,"28":0.6640866399,"29":0.6643396616,"30":0.6643197536,"31":0.6646116376,"32":0.6652833223,"33":0.6654806137,"34":0.6660857201,"35":0.666697979,"36":0.6666660309,"37":0.6656968594,"38":0.6661008596,"39":0.6663068533,"40":0.6661598682,"41":0.6665728092,"42":0.6642549038,"43":0.6679420471,"44":0.6690378189,"45":0.6673534513,"46":0.6714631319,"47":0.6694484949,"48":0.6713246107,"49":0.6724380255,"50":0.6709350348,"51":0.6718197465}}