{"loss":{"0":51.2513313293,"1":47.8130073547,"2":44.6007919312,"3":41.5852088928,"4":38.7431602478,"5":36.0853271484,"6":33.5675201416,"7":31.191986084,"8":28.9690895081,"9":26.8571281433,"10":24.8723297119,"11":22.9954566956,"12":21.2342071533,"13":19.5703392029,"14":18.0010108948,"15":16.537984848,"16":15.1565618515,"17":13.8626699448,"18":12.6467180252,"19":11.5149478912,"20":10.4649190903,"21":9.482298851,"22":8.5731525421,"23":7.7324142456,"24":6.951792717,"25":6.2335553169,"26":5.5763344765,"27":4.9688634872,"28":4.4212403297,"29":3.9261829853,"30":3.4669001102,"31":3.0586669445,"32":2.699436903,"33":2.375074625,"34":2.0846669674,"35":1.8358594179,"36":1.6084492207,"37":1.4206241369,"38":1.2537385225,"39":1.1123952866,"40":0.9967287779,"41":0.8981622458,"42":0.8166980147,"43":0.7489094734,"44":0.6955447793,"45":0.6606206298,"46":0.6285680532,"47":0.6030142307,"48":0.5831536651,"49":0.5729113221,"50":0.5683348775},"acc":{"0":0.5584141016,"1":0.5888533592,"2":0.611818254,"3":0.6325082779,"4":0.647023797,"5":0.6539565325,"6":0.6737258434,"7":0.6904619932,"8":0.695119977,"9":0.7015111446,"10":0.7070898414,"11":0.7161349654,"12":0.717705667,"13":0.7230677605,"14":0.7252883911,"15":0.7242593169,"16":0.7322753668,"17":0.733900249,"18":0.7377457619,"19":0.7372041345,"20":0.7404538989,"21":0.7402914166,"22":0.7374207973,"23":0.7392081618,"24":0.7427287102,"25":0.7471700311,"26":0.7415912747,"27":0.745978415,"28":0.743866086,"29":0.745924294,"30":0.7476032972,"31":0.750148952,"32":0.7496073246,"33":0.7508530617,"34":0.7468991876,"35":0.7504739165,"36":0.7530736923,"37":0.7520987988,"38":0.7511780262,"39":0.7568109035,"40":0.7559984922,"41":0.752857089,"42":0.7555651665,"43":0.7536153197,"44":0.7580025196,"45":0.753777802,"46":0.7555110455,"47":0.7548069358,"48":0.7590315938,"49":0.757352531,"50":0.7571358681},"auc":{"0":0.5495190024,"1":0.5735533237,"2":0.5786787868,"3":0.5825033188,"4":0.5917152762,"5":0.5815873146,"6":0.5901507139,"7":0.6050326824,"8":0.5955845118,"9":0.6016561389,"10":0.6059114933,"11":0.6068434715,"12":0.6047259569,"13":0.6073162556,"14":0.6122854948,"15":0.6103254557,"16":0.6080982089,"17":0.6080108285,"18":0.6158156395,"19":0.6206329465,"20":0.6131650209,"21":0.616389513,"22":0.6180385351,"23":0.6152094603,"24":0.6158156991,"25":0.6217407584,"26":0.6190065742,"27":0.6284800768,"28":0.6272244453,"29":0.6218785048,"30":0.6334252357,"31":0.6348394156,"32":0.6302256584,"33":0.6304023266,"34":0.6330802441,"35":0.6279760599,"36":0.6353076696,"37":0.6343799829,"38":0.6359975338,"39":0.6411807537,"40":0.6350672245,"41":0.6337652206,"42":0.6374232769,"43":0.6390749216,"44":0.6438963413,"45":0.6381998062,"46":0.6426512003,"47":0.6454492807,"48":0.6510218382,"49":0.6492176056,"50":0.6437106133},"val_loss":{"0":49.245174408,"1":46.00182724,"2":42.9424209595,"3":40.0633277893,"4":37.3926582336,"5":34.7908210754,"6":32.3227539062,"7":30.0047187805,"8":27.844165802,"9":25.7844734192,"10":23.8499794006,"11":22.0421123505,"12":20.3191184998,"13":18.7121257782,"14":17.1955947876,"15":15.7761592865,"16":14.4410877228,"17":13.1989850998,"18":12.0409860611,"19":10.9544582367,"20":9.9385824203,"21":8.9935312271,"22":8.128865242,"23":7.3169937134,"24":6.5683989525,"25":5.8791408539,"26":5.2515082359,"27":4.6806321144,"28":4.16888237,"29":3.7018611431,"30":3.2952237129,"31":2.9067518711,"32":2.5723047256,"33":2.2749481201,"34":2.0050053596,"35":1.7695919275,"36":1.5817162991,"37":1.4164637327,"38":1.2676943541,"39":1.1515183449,"40":1.0562551022,"41":0.9503680468,"42":0.8972222209,"43":0.8378342986,"44":0.803853035,"45":0.7575075626,"46":0.7495177984,"47":0.7221502066,"48":0.7427403331,"49":0.7222930789,"50":0.7590902448},"val_acc":{"0":0.772313714,"1":0.7285528779,"2":0.7008232474,"3":0.6893414259,"4":0.5907712579,"5":0.6234835386,"6":0.69389081,"7":0.7383015752,"8":0.7385181785,"9":0.7599653602,"10":0.7664644718,"11":0.7642980814,"12":0.771663785,"13":0.7692807913,"14":0.771663785,"15":0.771663785,"16":0.7729635835,"17":0.7699306607,"18":0.7623483539,"19":0.7623483539,"20":0.7625650167,"21":0.76278162,"22":0.7573657036,"23":0.7612651587,"24":0.767547667,"25":0.7684141994,"26":0.7703639269,"27":0.7666811347,"28":0.7601819634,"29":0.7495667338,"30":0.7116551399,"31":0.7179375887,"32":0.6969237328,"33":0.6843587756,"34":0.6921576858,"35":0.6895580292,"36":0.646663785,"37":0.6117851138,"38":0.6078855991,"39":0.5840554833,"40":0.5517764091,"41":0.6031196117,"42":0.5569757223,"43":0.5576256514,"44":0.534445405,"45":0.5634748936,"46":0.5199306607,"47":0.543977499,"48":0.4555892646,"49":0.4891681075,"50":0.3843154311},"val_auc":{"0":0.6645801067,"1":0.6652425528,"2":0.665985465,"3":0.6661244631,"4":0.6670153141,"5":0.6667568684,"6":0.6670270562,"7":0.6670278311,"8":0.6674163342,"9":0.6677502394,"10":0.6674183011,"11":0.6675913334,"12":0.6678721905,"13":0.6681470275,"14":0.6681261659,"15":0.6687611938,"16":0.6691212058,"17":0.6694309115,"18":0.6699516773,"19":0.6700469255,"20":0.6700878739,"21":0.6703449488,"22":0.6703334451,"23":0.6708139181,"24":0.6715313196,"25":0.6716639996,"26":0.6718425751,"27":0.672285676,"28":0.6724681854,"29":0.6727842093,"30":0.6730213165,"31":0.6733570099,"32":0.673743248,"33":0.6733760834,"34":0.6743063927,"35":0.6742888689,"36":0.674620986,"37":0.6747142673,"38":0.6744617224,"39":0.6752789617,"40":0.6753321886,"41":0.6733567119,"42":0.6748498678,"43":0.6729986668,"44":0.6732263565,"45":0.6751180887,"46":0.6772630215,"47":0.675036788,"48":0.6765728593,"49":0.6773792505,"50":0.677577436}}