{"loss":{"0":51.7902565002,"1":48.2955665588,"2":45.0226287842,"3":41.9504165649,"4":39.0701828003,"5":36.3558044434,"6":33.8013534546,"7":31.3876266479,"8":29.1221733093,"9":26.9838504791,"10":24.964805603,"11":23.0629138947,"12":21.26795578,"13":19.5829772949,"14":18.002456665,"15":16.5145969391,"16":15.1127233505,"17":13.8051528931,"18":12.5837116241,"19":11.444237709,"20":10.3805503845,"21":9.3891439438,"22":8.4748897552,"23":7.6345696449,"24":6.8547968864,"25":6.136744976,"26":5.4827165604,"27":4.8803935051,"28":4.3337516785,"29":3.8429448605,"30":3.3960762024,"31":2.9990134239,"32":2.6382577419,"33":2.3259868622,"34":2.0429906845,"35":1.7997843027,"36":1.5847226381,"37":1.3961591721,"38":1.2412803173,"39":1.109210968,"40":0.9956747293,"41":0.9028093219,"42":0.8221984506,"43":0.7634112239,"44":0.720544219,"45":0.6764661074,"46":0.650339663,"47":0.6290168762,"48":0.61206007,"49":0.603050828,"50":0.5927965641,"51":0.5899074078,"52":0.585963428,"53":0.5823471546,"54":0.5798401833,"55":0.5799637437},"acc":{"0":0.6038563848,"1":0.6261171103,"2":0.6487569809,"3":0.6656014919,"4":0.6776796579,"5":0.6896495819,"6":0.6983155608,"7":0.7071982026,"8":0.7122894526,"9":0.7185181379,"10":0.7184639573,"11":0.7213345766,"12":0.7283756733,"13":0.7307046652,"14":0.7296214104,"15":0.7347126603,"16":0.7349835038,"17":0.7382873893,"18":0.7326545119,"19":0.7377457619,"20":0.7387206554,"21":0.7433244586,"22":0.7413204908,"23":0.7421329021,"24":0.7424578667,"25":0.7484157681,"26":0.7412121296,"27":0.7488490343,"28":0.7464117408,"29":0.7456534505,"30":0.7513405085,"31":0.7485782504,"32":0.749499023,"33":0.7471158504,"34":0.750148952,"35":0.753777802,"36":0.7511780262,"37":0.7530195713,"38":0.7529653907,"39":0.7525862455,"40":0.7548610568,"41":0.7547527552,"42":0.7546985745,"43":0.7575691938,"44":0.753777802,"45":0.7591398954,"46":0.7594107389,"47":0.7597357035,"48":0.7609814405,"49":0.7586524487,"50":0.7598981857,"51":0.7598440051,"52":0.7606022954,"53":0.7597357035,"54":0.7630937696,"55":0.760710597},"auc":{"0":0.5630023479,"1":0.5758876801,"2":0.5804846287,"3":0.5845952034,"4":0.5845296979,"5":0.5909033418,"6":0.5911303759,"7":0.5999333858,"8":0.5998944044,"9":0.5982573032,"10":0.6012322307,"11":0.6018910408,"12":0.6081915498,"13":0.6076221466,"14":0.6007083654,"15":0.6018692255,"16":0.6124281883,"17":0.611305654,"18":0.6108926535,"19":0.6120991707,"20":0.6128150225,"21":0.6192586422,"22":0.6202750206,"23":0.6140483618,"24":0.615647316,"25":0.6158673763,"26":0.6158186793,"27":0.6206871867,"28":0.6289137602,"29":0.6213130355,"30":0.623019278,"31":0.6217886209,"32":0.6257348061,"33":0.6219875216,"34":0.6300089359,"35":0.6224925518,"36":0.6262226105,"37":0.6310551167,"38":0.6301115751,"39":0.6291613579,"40":0.6297287941,"41":0.6327645779,"42":0.6424387693,"43":0.638117671,"44":0.630014956,"45":0.6383399963,"46":0.638428092,"47":0.6385993958,"48":0.6409152746,"49":0.6371177435,"50":0.640686512,"51":0.6402977705,"52":0.6401562095,"53":0.642472744,"54":0.6417753696,"55":0.6373159885},"val_loss":{"0":49.8115577698,"1":46.4547119141,"2":43.3110046387,"3":40.3594818115,"4":37.5791778564,"5":34.9646492004,"6":32.4940986633,"7":30.1593971252,"8":27.9656734467,"9":25.893371582,"10":23.9414253235,"11":22.1014518738,"12":20.3640213013,"13":18.7329597473,"14":17.2045631409,"15":15.7661819458,"16":14.4222860336,"17":13.1629142761,"18":11.9877567291,"19":10.8976182938,"20":9.872587204,"21":8.9259939194,"22":8.0676794052,"23":7.2532639503,"24":6.5017700195,"25":5.8228082657,"26":5.1905126572,"27":4.6178383827,"28":4.0916371346,"29":3.6269509792,"30":3.2046070099,"31":2.8261957169,"32":2.4892551899,"33":2.1894915104,"34":1.9241678715,"35":1.7032088041,"36":1.5031279325,"37":1.3282879591,"38":1.1927765608,"39":1.0657162666,"40":0.9686338305,"41":0.8765503764,"42":0.7915971279,"43":0.7619591355,"44":0.7196367979,"45":0.6834121943,"46":0.6496505737,"47":0.6389402747,"48":0.6208971143,"49":0.608481288,"50":0.6008802056,"51":0.5992164016,"52":0.5974584222,"53":0.604993403,"54":0.6045669317,"55":0.6106013656},"val_acc":{"0":0.7677642703,"1":0.7679809332,"2":0.7647313476,"3":0.7649480104,"4":0.7614818215,"5":0.754766047,"6":0.7642980814,"7":0.7688474655,"8":0.7671144009,"9":0.766897738,"10":0.7671144009,"11":0.7664644718,"12":0.766897738,"13":0.7664644718,"14":0.7653812766,"15":0.7660312057,"16":0.7642980814,"17":0.7629982829,"18":0.7614818215,"19":0.7595320344,"20":0.7608318925,"21":0.7608318925,"22":0.7582322359,"23":0.758015573,"24":0.7586655021,"25":0.7593154311,"26":0.7608318925,"27":0.7612651587,"28":0.7623483539,"29":0.7616984248,"30":0.7610485554,"31":0.7625650167,"32":0.7632148862,"33":0.7645147443,"34":0.7629982829,"35":0.7612651587,"36":0.762131691,"37":0.7619150877,"38":0.762131691,"39":0.7636481524,"40":0.762131691,"41":0.7647313476,"42":0.7645147443,"43":0.7649480104,"44":0.7629982829,"45":0.7634315491,"46":0.7645147443,"47":0.7647313476,"48":0.766897738,"49":0.766897738,"50":0.7671144009,"51":0.7649480104,"52":0.766897738,"53":0.7642980814,"54":0.7638648152,"55":0.7649480104},"val_auc":{"0":0.6526222229,"1":0.6531430483,"2":0.653653264,"3":0.6536259651,"4":0.6540926695,"5":0.6547222137,"6":0.6545602679,"7":0.6544101238,"8":0.6541757584,"9":0.6547755003,"10":0.6553814411,"11":0.6551195383,"12":0.6558078527,"13":0.6553472281,"14":0.6555622816,"15":0.6562986374,"16":0.655739665,"17":0.6565933228,"18":0.65694803,"19":0.6575579643,"20":0.6579051614,"21":0.6581126451,"22":0.65797472,"23":0.6581040621,"24":0.6587561369,"25":0.6597623229,"26":0.6600942016,"27":0.659897089,"28":0.6604191065,"29":0.6617648602,"30":0.6610290408,"31":0.6601631641,"32":0.6616502404,"33":0.6599248648,"34":0.6618599296,"35":0.6615898609,"36":0.6602854729,"37":0.6615321636,"38":0.6609085798,"39":0.6611871719,"40":0.6614961624,"41":0.6620787382,"42":0.6619668007,"43":0.6615777016,"44":0.6613023877,"45":0.6626082659,"46":0.6630460024,"47":0.6618311405,"48":0.6625649929,"49":0.662629962,"50":0.6644400358,"51":0.6626440883,"52":0.6637427807,"53":0.6646158695,"54":0.664223671,"55":0.6647354364}}