{"loss":{"0":52.7445831299,"1":49.2039680481,"2":45.8945045471,"3":42.7879676819,"4":39.8523025513,"5":37.1026916504,"6":34.5085220337,"7":32.0705108643,"8":29.7522773743,"9":27.5864925385,"10":25.5283622742,"11":23.5998249054,"12":21.772064209,"13":20.0534267426,"14":18.4427185059,"15":16.9293708801,"16":15.4997682571,"17":14.1640996933,"18":12.9138765335,"19":11.7535829544,"20":10.6654567719,"21":9.65102005,"22":8.7159147263,"23":7.8480229378,"24":7.0494446754,"25":6.3226914406,"26":5.6396012306,"27":5.0223689079,"28":4.4639611244,"29":3.9520587921,"30":3.4968161583,"31":3.0833141804,"32":2.7115402222,"33":2.3833978176,"34":2.0950262547,"35":1.8375540972,"36":1.6137672663,"37":1.4314157963,"38":1.2673960924,"39":1.1233861446,"40":1.0062625408,"41":0.913797915,"42":0.8355538249,"43":0.7698503137,"44":0.7171573043,"45":0.6817272305,"46":0.6506767273,"47":0.6323773265,"48":0.6071717739,"49":0.5950729847,"50":0.5951392055,"51":0.5880026221,"52":0.5797155499,"53":0.5779856443,"54":0.5756483078,"55":0.5741168261,"56":0.5711878538,"57":0.5732646585,"58":0.5694446564,"59":0.5711562037,"60":0.5657019019,"61":0.5674934387,"62":0.5645338297},"acc":{"0":0.5746086836,"1":0.6110057831,"2":0.6299626231,"3":0.6430157423,"4":0.6658180952,"5":0.6813085675,"6":0.6913827658,"7":0.6984238625,"8":0.7062774301,"9":0.7100146413,"10":0.721930325,"11":0.7232844234,"12":0.7262091637,"13":0.7349835038,"14":0.7341169119,"15":0.7337377667,"16":0.7359583974,"17":0.7397497892,"18":0.740237236,"19":0.739641428,"20":0.7469533682,"21":0.7475491762,"22":0.7487407327,"23":0.7497698069,"24":0.7455451488,"25":0.7450577021,"26":0.7504197359,"27":0.7509072423,"28":0.7496073246,"29":0.7527487278,"30":0.7499864697,"31":0.7533987164,"32":0.7540486455,"33":0.7548069358,"34":0.7559984922,"35":0.7572984099,"36":0.757948339,"37":0.7555651665,"38":0.7566484213,"39":0.7602231503,"40":0.7593023777,"41":0.7617396712,"42":0.7588691115,"43":0.7588691115,"44":0.7597357035,"45":0.7613064051,"46":0.764285326,"47":0.7604398131,"48":0.7630937696,"49":0.7637436986,"50":0.7624437809,"51":0.7644478083,"52":0.766397655,"53":0.7635270357,"54":0.7637436986,"55":0.7670475841,"56":0.7637978792,"57":0.7659102082,"58":0.7671017647,"59":0.7658560276,"60":0.7672642469,"61":0.7664518356,"62":0.7682933211},"auc":{"0":0.5501875877,"1":0.5759814382,"2":0.5765677691,"3":0.5753225684,"4":0.5897232294,"5":0.5905888081,"6":0.5954813957,"7":0.5893521309,"8":0.6061874628,"9":0.5976177454,"10":0.6084881425,"11":0.604093194,"12":0.6109126806,"13":0.6150062084,"14":0.608124733,"15":0.6052987576,"16":0.6099655628,"17":0.6127343178,"18":0.6172863841,"19":0.6100717187,"20":0.614020884,"21":0.6225842237,"22":0.6188716888,"23":0.6230410337,"24":0.623044312,"25":0.6123828888,"26":0.6244054437,"27":0.6278782487,"28":0.6254392266,"29":0.6273450851,"30":0.627735436,"31":0.6239199042,"32":0.63404423,"33":0.6351369023,"34":0.6325240135,"35":0.638654232,"36":0.6446201205,"37":0.6319355965,"38":0.6313650608,"39":0.638256669,"40":0.6428788304,"41":0.6399508715,"42":0.638101697,"43":0.6403059959,"44":0.6494523287,"45":0.6427314281,"46":0.6438164711,"47":0.639416337,"48":0.6530227661,"49":0.6549070477,"50":0.6447323561,"51":0.6464440823,"52":0.6529293656,"53":0.6542160511,"54":0.6540335417,"55":0.6539708376,"56":0.6559736729,"57":0.651976943,"58":0.6534574032,"59":0.649682641,"60":0.6589545012,"61":0.6566252708,"62":0.6582303047},"val_loss":{"0":50.7701416016,"1":47.3538665771,"2":44.1718330383,"3":41.1596450806,"4":38.335773468,"5":35.6789398193,"6":33.1676139832,"7":30.8042583466,"8":28.573179245,"9":26.4695396423,"10":24.4808731079,"11":22.6008300781,"12":20.8330955505,"13":19.168548584,"14":17.6050415039,"15":16.1373729706,"16":14.7592477798,"17":13.4711942673,"18":12.2667312622,"19":11.1430263519,"20":10.0977125168,"21":9.1281652451,"22":8.228310585,"23":7.4013538361,"24":6.6367349625,"25":5.9328536987,"26":5.2895960808,"27":4.698328495,"28":4.1672129631,"29":3.6837100983,"30":3.2478711605,"31":2.8585088253,"32":2.5128667355,"33":2.204811573,"34":1.9333845377,"35":1.6974532604,"36":1.4921197891,"37":1.3166633844,"38":1.1658551693,"39":1.0402057171,"40":0.934417367,"41":0.8513761163,"42":0.7781616449,"43":0.722486496,"44":0.6788809299,"45":0.6453594565,"46":0.6204757094,"47":0.6022979617,"48":0.5891673565,"49":0.5801607966,"50":0.5758374929,"51":0.5712700486,"52":0.5669116974,"53":0.5663414001,"54":0.5673971176,"55":0.5643077493,"56":0.5616114736,"57":0.5608318448,"58":0.5632507205,"59":0.5588586926,"60":0.5595797896,"61":0.5608673692,"62":0.5600168705},"val_acc":{"0":0.6997400522,"1":0.7344020605,"2":0.7398180366,"3":0.7536828518,"4":0.7573657036,"5":0.7577989697,"6":0.7586655021,"7":0.7584488988,"8":0.7560658455,"9":0.7545493841,"10":0.7562825084,"11":0.7577989697,"12":0.7584488988,"13":0.7629982829,"14":0.762131691,"15":0.762131691,"16":0.7651646733,"17":0.7636481524,"18":0.7634315491,"19":0.7649480104,"20":0.7651646733,"21":0.7636481524,"22":0.7649480104,"23":0.7597486973,"24":0.7601819634,"25":0.7608318925,"26":0.7601819634,"27":0.7647313476,"28":0.762131691,"29":0.7638648152,"30":0.7660312057,"31":0.7660312057,"32":0.7645147443,"33":0.7664644718,"34":0.7671144009,"35":0.766897738,"36":0.7664644718,"37":0.7664644718,"38":0.7681975961,"39":0.7679809332,"40":0.7690641284,"41":0.767547667,"42":0.7690641284,"43":0.7690641284,"44":0.7694973946,"45":0.7688474655,"46":0.7688474655,"47":0.7692807913,"48":0.7688474655,"49":0.7688474655,"50":0.7684141994,"51":0.7673310041,"52":0.7688474655,"53":0.7677642703,"54":0.7679809332,"55":0.7677642703,"56":0.7688474655,"57":0.7684141994,"58":0.7684141994,"59":0.7688474655,"60":0.7679809332,"61":0.7677642703,"62":0.7684141994},"val_auc":{"0":0.6629616618,"1":0.6640304327,"2":0.6635583639,"3":0.6647219658,"4":0.6645104885,"5":0.6643517017,"6":0.663719058,"7":0.6634278297,"8":0.663115263,"9":0.6628822684,"10":0.6626397967,"11":0.6626719236,"12":0.6628431678,"13":0.663105607,"14":0.6633626819,"15":0.6639434099,"16":0.6643363237,"17":0.6644284725,"18":0.6645312309,"19":0.6645071507,"20":0.6645000577,"21":0.6653376818,"22":0.6651519537,"23":0.664572835,"24":0.6653256416,"25":0.665459156,"26":0.6653756499,"27":0.6649081707,"28":0.6662242413,"29":0.6660004854,"30":0.6661430597,"31":0.6671420336,"32":0.6667896509,"33":0.6667286158,"34":0.6674249172,"35":0.6674964428,"36":0.667404294,"37":0.667014122,"38":0.668004632,"39":0.6682928205,"40":0.6687757373,"41":0.6689811945,"42":0.6692489982,"43":0.6685581207,"44":0.6698104739,"45":0.6700092554,"46":0.6705896854,"47":0.6694451571,"48":0.6689812541,"49":0.6708579063,"50":0.6675372124,"51":0.6693224907,"52":0.6712409258,"53":0.6726646423,"54":0.6712496281,"55":0.67160815,"56":0.6726856828,"57":0.673365593,"58":0.673484683,"59":0.6740490198,"60":0.6739230752,"61":0.6736649275,"62":0.6739667654}}