{"loss":{"0":53.0916404724,"1":51.366104126,"2":49.6977424622,"3":48.1003608704,"4":46.5110931396,"5":45.0027923584,"6":43.5296554565,"7":42.1044769287,"8":40.7127456665,"9":39.3727035522,"10":38.0616264343,"11":36.790058136,"12":35.5494346619,"13":34.3275222778,"14":33.1825180054,"15":32.0410385132,"16":30.9186229706,"17":29.8475017548,"18":28.8065929413,"19":27.7763195038,"20":26.7840576172,"21":25.8310852051,"22":24.8849601746,"23":23.9714698792,"24":23.0805149078,"25":22.2356643677,"26":21.3886852264,"27":20.5742931366,"28":19.7823696136,"29":19.0299491882,"30":18.2758731842,"31":17.554649353,"32":16.8499660492,"33":16.1591091156,"34":15.5104284286,"35":14.8585834503,"36":14.2452611923,"37":13.6360378265,"38":13.0629138947,"39":12.4994926453,"40":11.960234642,"41":11.4295110703,"42":10.9124641418,"43":10.4275341034,"44":9.9510288239,"45":9.4930019379,"46":9.0484075546,"47":8.6194353104,"48":8.2105960846,"49":7.8177008629,"50":7.4325218201,"51":7.0822815895,"52":6.7182216644,"53":6.3848009109,"54":6.0604901314,"55":5.7568626404,"56":5.457921505,"57":5.1726374626,"58":4.894097805,"59":4.629029274,"60":4.391143322,"61":4.158290863,"62":3.9198060036,"63":3.7209610939,"64":3.5126481056,"65":3.3212013245,"66":3.1292722225,"67":2.9559514523,"68":2.8051052094,"69":2.6425635815,"70":2.487401247,"71":2.3510606289,"72":2.2306809425,"73":2.1021745205,"74":1.9873188734},"acc":{"0":0.5378237367,"1":0.5508859754,"2":0.5575874448,"3":0.5522489548,"4":0.5662199259,"5":0.5604270697,"6":0.562017262,"7":0.5567923784,"8":0.5589504838,"9":0.5664470792,"10":0.5584961176,"11":0.5654247999,"12":0.5539527535,"13":0.5666742325,"14":0.5556564927,"15":0.5608814359,"16":0.568718791,"17":0.5641753674,"18":0.5550885797,"19":0.5666742325,"20":0.5672421455,"21":0.5581553578,"22":0.5676965117,"23":0.571331203,"24":0.5680372715,"25":0.5611085892,"26":0.5706496835,"27":0.5657655597,"28":0.5699682236,"29":0.5720127225,"30":0.5629259348,"31":0.5637210608,"32":0.5694002509,"33":0.5747387409,"34":0.5711040497,"35":0.5746251941,"36":0.567923665,"37":0.572694242,"38":0.5688323379,"39":0.5755338669,"40":0.5705361366,"41":0.5640617609,"42":0.5728077888,"43":0.571899116,"44":0.568718791,"45":0.5751931071,"46":0.5754202604,"47":0.5721263289,"48":0.5782598853,"49":0.578032732,"50":0.5786006451,"51":0.5650840402,"52":0.5755338669,"53":0.5757610202,"54":0.5791685581,"55":0.5681508183,"56":0.5709904432,"57":0.5799636245,"58":0.5805315971,"59":0.5762153864,"60":0.5776919723,"61":0.5761017799,"62":0.5904134512,"63":0.5711040497,"64":0.5791685581,"65":0.5828032494,"66":0.5872330666,"67":0.5839391351,"68":0.5774647593,"69":0.5775783658,"70":0.5848478079,"71":0.5856428742,"72":0.5770104527,"73":0.5838255286,"74":0.5853021145},"auc":{"0":0.5561372042,"1":0.5777215958,"2":0.5813112259,"3":0.5741604567,"4":0.5912876129,"5":0.5840163231,"6":0.5869117379,"7":0.5836845636,"8":0.587710917,"9":0.5872322321,"10":0.586435616,"11":0.5861161351,"12":0.5808617473,"13":0.5999969244,"14":0.5817271471,"15":0.5872647762,"16":0.5971150398,"17":0.594804287,"18":0.5874477029,"19":0.5979616642,"20":0.5972182751,"21":0.5902899504,"22":0.5977345705,"23":0.6011222601,"24":0.5999242067,"25":0.5900942683,"26":0.6030464172,"27":0.5997644663,"28":0.6043277979,"29":0.5941669345,"30":0.5986890793,"31":0.5984305143,"32":0.6004515886,"33":0.6096278429,"34":0.600504756,"35":0.6058340669,"36":0.601133883,"37":0.6075636148,"38":0.6042123437,"39":0.6066913605,"40":0.6011283994,"41":0.5998746157,"42":0.6089303493,"43":0.606091857,"44":0.604870677,"45":0.6065923572,"46":0.6087616682,"47":0.6092433929,"48":0.6140202284,"49":0.6109352112,"50":0.6151263714,"51":0.6010708213,"52":0.6128066778,"53":0.6091532707,"54":0.6128197908,"55":0.6021122932,"56":0.6081207991,"57":0.611164093,"58":0.616333127,"59":0.6172357202,"60":0.6146490574,"61":0.6106734276,"62":0.6260973215,"63":0.610650003,"64":0.6157467365,"65":0.6172891855,"66":0.6239148378,"67":0.6231018305,"68":0.610242486,"69":0.6152852774,"70":0.6261479855,"71":0.6217352152,"72":0.6160457134,"73":0.6221672893,"74":0.62198174},"val_loss":{"0":51.9700241089,"1":50.3687019348,"2":48.7909889221,"3":47.2499046326,"4":45.7031936646,"5":44.2482872009,"6":42.7397689819,"7":41.3521232605,"8":39.9806900024,"9":38.6544418335,"10":37.3775672913,"11":36.1196060181,"12":34.8723983765,"13":33.6634597778,"14":32.5026473999,"15":31.3755893707,"16":30.2677326202,"17":29.2039756775,"18":28.175151825,"19":27.1655254364,"20":26.1877365112,"21":25.2284317017,"22":24.3025531769,"23":23.3995666504,"24":22.5245761871,"25":21.6777591705,"26":20.8513431549,"27":20.0545825958,"28":19.2757835388,"29":18.5168304443,"30":17.7815551758,"31":17.071264267,"32":16.3857727051,"33":15.7104282379,"34":15.0639915466,"35":14.4386844635,"36":13.831694603,"37":13.2413015366,"38":12.6725292206,"39":12.1218223572,"40":11.5882606506,"41":11.075958252,"42":10.5771656036,"43":10.1035146713,"44":9.6360731125,"45":9.1854877472,"46":8.7551794052,"47":8.3338251114,"48":7.9327449799,"49":7.542804718,"50":7.1712598801,"51":6.8202433586,"52":6.4820766449,"53":6.1545915604,"54":5.8426747322,"55":5.5382575989,"56":5.2558598518,"57":4.97955513,"58":4.7231736183,"59":4.4789590836,"60":4.2455654144,"61":4.0300035477,"62":3.8127670288,"63":3.599714756,"64":3.3984000683,"65":3.2132937908,"66":3.030548811,"67":2.8670618534,"68":2.7148003578,"69":2.568539381,"70":2.4389224052,"71":2.3048171997,"72":2.1947712898,"73":2.0906147957,"74":1.9713284969},"val_acc":{"0":0.6244323254,"1":0.5322434306,"2":0.5009082556,"3":0.4963669479,"4":0.507720232,"5":0.5022706389,"6":0.5122615695,"7":0.509082675,"8":0.5131698251,"9":0.5122615695,"10":0.5136239529,"11":0.5113533139,"12":0.5118074417,"13":0.5227066278,"14":0.5227066278,"15":0.5227066278,"16":0.524523139,"17":0.5281562209,"18":0.5299727321,"19":0.5345140696,"20":0.541326046,"21":0.5622161627,"22":0.57493186,"23":0.5903723836,"24":0.6017256975,"25":0.6021798253,"26":0.608537674,"27":0.6035422087,"28":0.6058129072,"29":0.6103542447,"30":0.6130790114,"31":0.6135331392,"32":0.6080835462,"33":0.6198909879,"34":0.6130790114,"35":0.6080835462,"36":0.6071752906,"37":0.6076294184,"38":0.6026339531,"39":0.5999091864,"40":0.6003633142,"41":0.5876476169,"42":0.591734767,"43":0.5681198835,"44":0.5712988377,"45":0.5772025585,"46":0.5699363947,"47":0.581743896,"48":0.5849227905,"49":0.5903723836,"50":0.5862851739,"51":0.5658492446,"52":0.5617620349,"53":0.5540418029,"54":0.5517711043,"55":0.5540418029,"56":0.5467756391,"57":0.5490463376,"58":0.5304268599,"59":0.5286103487,"60":0.5190735459,"61":0.5199818611,"62":0.5158946514,"63":0.516802907,"64":0.5177111626,"65":0.5190735459,"66":0.5199818611,"67":0.5181652904,"68":0.5149863958,"69":0.5154405236,"70":0.5131698251,"71":0.5131698251,"72":0.5118074417,"73":0.5104450583,"74":0.5099909306},"val_auc":{"0":0.6688323021,"1":0.6693475842,"2":0.6705001593,"3":0.6708035469,"4":0.6709895134,"5":0.6709154844,"6":0.6711661816,"7":0.67137146,"8":0.6718232036,"9":0.6717807055,"10":0.6723674536,"11":0.6725087166,"12":0.6735851765,"13":0.6732506156,"14":0.6736181974,"15":0.6743164062,"16":0.6741199493,"17":0.674361527,"18":0.673666954,"19":0.6738308668,"20":0.6733630896,"21":0.6728956103,"22":0.673094213,"23":0.6737466455,"24":0.674115777,"25":0.6741405725,"26":0.6743177176,"27":0.6742929816,"28":0.6747835875,"29":0.6746600866,"30":0.6749731302,"31":0.6750004292,"32":0.6751878262,"33":0.674962759,"34":0.6755347252,"35":0.6752477884,"36":0.6756957769,"37":0.6754698157,"38":0.67580235,"39":0.6758654118,"40":0.6754909158,"41":0.675796032,"42":0.6760421991,"43":0.6764876842,"44":0.6766921878,"45":0.6767239571,"46":0.677225709,"47":0.6773495674,"48":0.6770947576,"49":0.6776542664,"50":0.6773990989,"51":0.6775527,"52":0.6781948805,"53":0.6779136062,"54":0.6786556244,"55":0.6786490679,"56":0.6786478162,"57":0.6786676645,"58":0.6786271334,"59":0.6784495711,"60":0.6780176163,"61":0.6782646179,"62":0.6786770821,"63":0.6786816716,"64":0.6794059873,"65":0.6794592142,"66":0.6795175076,"67":0.6797066331,