{"loss":{"0":52.3860969543,"1":50.6449317932,"2":48.9744567871,"3":47.3719329834,"4":45.8224182129,"5":44.3066978455,"6":42.8607254028,"7":41.4258499146,"8":40.0658378601,"9":38.7297058105,"10":37.4303321838,"11":36.1648712158,"12":34.9354858398,"13":33.7496643066,"14":32.589302063,"15":31.4747447968,"16":30.3712120056,"17":29.3104572296,"18":28.2808036804,"19":27.2570095062,"20":26.2912635803,"21":25.3476047516,"22":24.4195652008,"23":23.5256481171,"24":22.6616897583,"25":21.8069725037,"26":20.9960346222,"27":20.1914024353,"28":19.4138126373,"29":18.653553009,"30":17.9250984192,"31":17.2086334229,"32":16.5227546692,"33":15.8558416367,"34":15.2043800354,"35":14.5847806931,"36":13.9667854309,"37":13.3794746399,"38":12.8203601837,"39":12.2552614212,"40":11.728020668,"41":11.202750206,"42":10.6982336044,"43":10.215344429,"44":9.7548694611,"45":9.3045492172,"46":8.8834047318,"47":8.4574728012,"48":8.055188179,"49":7.6676006317,"50":7.3001360893,"51":6.9464187622,"52":6.5992827415,"53":6.2720012665,"54":5.9536142349,"55":5.6414756775,"56":5.3553848267,"57":5.0805983543,"58":4.8131575584,"59":4.5610289574,"60":4.3176655769,"61":4.0729966164,"62":3.8612601757,"63":3.6489870548,"64":3.4570972919,"65":3.2596049309,"66":3.0813498497,"67":2.9113385677,"68":2.7432000637,"69":2.5986077785,"70":2.45814991,"71":2.3228332996,"72":2.1863017082,"73":2.0716075897,"74":1.9584605694},"acc":{"0":0.528736949,"1":0.5480463505,"2":0.5534983873,"3":0.5559972525,"4":0.5536119938,"5":0.551340282,"6":0.553271234,"7":0.5583825707,"8":0.5536119938,"9":0.5590640903,"10":0.5581553578,"11":0.5590640903,"12":0.566560626,"13":0.5597455502,"14":0.5658791661,"15":0.5640617609,"16":0.5737165213,"17":0.5712176561,"18":0.5588368773,"19":0.5754202604,"20":0.5738300681,"21":0.5724670887,"22":0.5732621551,"23":0.5692867041,"24":0.5638346076,"25":0.5703089237,"26":0.5700817704,"27":0.5650840402,"28":0.5662199259,"29":0.5743979812,"30":0.5725806355,"31":0.5764425397,"32":0.5757610202,"33":0.5734893084,"34":0.5779191256,"35":0.5725806355,"36":0.5788277984,"37":0.5775783658,"38":0.5737165213,"39":0.5779191256,"40":0.5751931071,"41":0.5792821646,"42":0.5840526819,"43":0.5826897025,"44":0.5831440091,"45":0.580645144,"46":0.5728077888,"47":0.5792821646,"48":0.5762153864,"49":0.5743979812,"50":0.5761017799,"51":0.5786006451,"52":0.5822353363,"53":0.575306654,"54":0.5723534822,"55":0.5823489428,"56":0.5829168558,"57":0.578032732,"58":0.5743979812,"59":0.578032732,"60":0.5768968463,"61":0.5845070481,"62":0.5845070481,"63":0.5813266635,"64":0.5773512125,"65":0.580645144,"66":0.5839391351,"67":0.5739436746,"68":0.5905270576,"69":0.5860972404,"70":0.5822353363,"71":0.5854157209,"72":0.5875738263,"73":0.5902998447,"74":0.5842798948},"auc":{"0":0.5687880516,"1":0.5999113321,"2":0.6036638021,"3":0.6017304659,"4":0.5991665721,"5":0.5967280269,"6":0.5921865702,"7":0.5996497869,"8":0.5897536278,"9":0.5920116901,"10":0.5918413401,"11":0.5922133327,"12":0.5977723598,"13":0.5929940939,"14":0.597854495,"15":0.5983332396,"16":0.6009612083,"17":0.6028220057,"18":0.5926260948,"19":0.6104421616,"20":0.6045482755,"21":0.6030097604,"22":0.6057730913,"23":0.6007848978,"24":0.5933248997,"25":0.6043917537,"26":0.5943471193,"27":0.5967121124,"28":0.5968242884,"29":0.6076072454,"30":0.6016890407,"31":0.6106042266,"32":0.6052796841,"33":0.6077855825,"34":0.6100269556,"35":0.6043203473,"36":0.6108019352,"37":0.6141406298,"38":0.604297936,"39":0.6141068935,"40":0.6055425406,"41":0.6127523184,"42":0.6186531186,"43":0.617139101,"44":0.6136494875,"45":0.6143020391,"46":0.6062240005,"47":0.6145339608,"48":0.6148725748,"49":0.6131439805,"50":0.6114287376,"51":0.6135325432,"52":0.6154700518,"53":0.6107445359,"54":0.6101853251,"55":0.6183052063,"56":0.615167737,"57":0.6150546074,"58":0.6129486561,"59":0.616566658,"60":0.6126657724,"61":0.624548912,"62":0.6206741333,"63":0.620450139,"64":0.612383306,"65":0.622269392,"66":0.6234763861,"67":0.6167372465,"68":0.6303340197,"69":0.6225227714,"70":0.6190002561,"71":0.6230523586,"72":0.628043294,"73":0.6246855259,"74":0.6234894991},"val_loss":{"0":51.4374923706,"1":49.6777191162,"2":48.0295562744,"3":46.4371871948,"4":44.9003219604,"5":43.4176559448,"6":41.9945106506,"7":40.5882644653,"8":39.2319946289,"9":37.9226608276,"10":36.6297950745,"11":35.390209198,"12":34.186164856,"13":33.0214233398,"14":31.8850765228,"15":30.7732067108,"16":29.6940364838,"17":28.6477966309,"18":27.6354598999,"19":26.6449432373,"20":25.6844997406,"21":24.7481975555,"22":23.8391551971,"23":22.9572734833,"24":22.09923172,"25":21.264251709,"26":20.4538993835,"27":19.6674880981,"28":18.9041500092,"29":18.1627864838,"30":17.4430484772,"31":16.7450466156,"32":16.0673599243,"33":15.4102802277,"34":14.7738771439,"35":14.1565608978,"36":13.5588111877,"37":12.9798622131,"38":12.4212274551,"39":11.8792200089,"40":11.3545351028,"41":10.8480710983,"42":10.3593549728,"43":9.8880977631,"44":9.4306726456,"45":8.9938240051,"46":8.5704517365,"47":8.1620893478,"48":7.7701501846,"49":7.3903021812,"50":7.0259933472,"51":6.6777448654,"52":6.3404068947,"53":6.0197339058,"54":5.7119493484,"55":5.4191036224,"56":5.1378116608,"57":4.8697390556,"58":4.6071014404,"59":4.3597884178,"60":4.1259856224,"61":3.9041881561,"62":3.6926963329,"63":3.492115736,"64":3.2988259792,"65":3.1163928509,"66":2.9389150143,"67":2.7681694031,"68":2.6109156609,"69":2.4605174065,"70":2.3215751648,"71":2.1888988018,"72":2.0682060719,"73":1.9526103735,"74":1.8462272882},"val_acc":{"0":0.4945504069,"1":0.4945504069,"2":0.5213442445,"3":0.5490463376,"4":0.5613079071,"5":0.5653951168,"6":0.5626702905,"7":0.572661221,"8":0.5735694766,"9":0.5772025585,"10":0.5994550586,"11":0.6012715697,"12":0.6058129072,"13":0.6012715697,"14":0.6017256975,"15":0.6121707559,"16":0.6126248837,"17":0.6148955226,"18":0.6103542447,"19":0.6148955226,"20":0.6148955226,"21":0.6194368601,"22":0.6221616864,"23":0.6221616864,"24":0.6244323254,"25":0.6221616864,"26":0.6262488365,"27":0.6253405809,"28":0.6289736629,"29":0.6312443018,"30":0.6303360462,"31":0.6226158142,"32":0.6276112795,"33":0.6303360462,"34":0.6312443018,"35":0.6312443018,"36":0.6312443018,"37":0.630790174,"38":0.6280654073,"39":0.6280654073,"40":0.6276112795,"41":0.6294277906,"42":0.6303360462,"43":0.6298819184,"44":0.6312443018,"45":0.630790174,"46":0.6303360462,"47":0.6244323254,"48":0.6312443018,"49":0.6294277906,"50":0.630790174,"51":0.6271571517,"52":0.630790174,"53":0.6276112795,"54":0.6253405809,"55":0.61534971,"56":0.6117166281,"57":0.6089918017,"58":0.613987267,"59":0.6108083725,"60":0.6080835462,"61":0.6076294184,"62":0.6008174419,"63":0.5940054655,"64":0.5967302322,"65":0.5926430225,"66":0.5949137211,"67":0.6080835462,"68":0.608537674,"69":0.6176203489,"70":0.6121707559,"71":0.6198909879,"72":0.6117166281,"73":0.6135331392,"74":0.6094459295},"val_auc":{"0":0.6611574888,"1":0.6617440581,"2":0.6622493267,"3":0.6626991034,"4":0.6629692316,"5":0.6636197567,"6":0.6633999348,"7":0.6637587547,"8":0.6639052629,"9":0.6641168594,"10":0.6646184921,"11":0.6650723219,"12":0.6647796631,"13":0.6650544405,"14":0.6655470729,"15":0.6656844616,"16":0.6659501791,"17":0.6663464904,"18":0.6664838791,"19":0.6673638225,"20":0.6674784422,"21":0.6682012677,"22":0.66824615,"23":0.6680576801,"24":0.6688344479,"25":0.6689858437,"26":0.6692862511,"27":0.6692659855,"28":0.6693987846,"29":0.6690844893,"30":0.6698005795,"31":0.6701005101,"32":0.6705938578,"33":0.671223402,"34":0.6707882881,"35":0.6712344885,"36":0.6711627245,"37":0.672288537,"38":0.672216773,"39":0.6723220348,"40":0.6725282073,"41":0.6734056473,"42":0.6734958887,"43":0.6739550829,"44":0.6737620831,"45":0.6738226414,"46":0.6740961075,"47":0.6742120981,"48":0.6746576428,"49":0.6743676662,"50":0.6742030382,"51":0.6741143465,"52":0.6746928692,"53":0.6745676994,"54":0.6743243337,"55":0.6744068861,"56":0.6742821932,"57":0.6750420332,"58":0.6748456955,"59":0.6736514568,"60":0.6745384336,"61":0.6744043827,"62":0.6751584411,"63":0.6744624376,"64":0.6745041609,"65":0.6739118099,"66":0.6754880548,