{"loss":{"0":52.3469429016,"1":50.6434555054,"2":48.9957733154,"3":47.4093360901,"4":45.8640022278,"5":44.3495101929,"6":42.9239120483,"7":41.4927444458,"8":40.1286811829,"9":38.7953643799,"10":37.4975280762,"11":36.2448501587,"12":35.0155601501,"13":33.8345985413,"14":32.6709785461,"15":31.5536823273,"16":30.4534664154,"17":29.404132843,"18":28.3601570129,"19":27.3425197601,"20":26.3849067688,"21":25.4241638184,"22":24.4971084595,"23":23.5805854797,"24":22.7312164307,"25":21.8734741211,"26":21.058259964,"27":20.2577590942,"28":19.4781208038,"29":18.7066497803,"30":17.9704627991,"31":17.2692890167,"32":16.5669574738,"33":15.894112587,"34":15.254067421,"35":14.612660408,"36":14.0136327744,"37":13.4078006744,"38":12.8412103653,"39":12.2809686661,"40":11.7461223602,"41":11.2311401367,"42":10.7288532257,"43":10.2570743561,"44":9.7749242783,"45":9.3227558136,"46":8.8910140991,"47":8.4701080322,"48":8.0748748779,"49":7.6757564545,"50":7.304122448,"51":6.9477853775,"52":6.594083786,"53":6.2774977684,"54":5.9498176575,"55":5.6483664513,"56":5.3533830643,"57":5.0774765015,"58":4.8103919029,"59":4.5474872589,"60":4.317817688,"61":4.0803923607,"62":3.8525297642,"63":3.6382336617,"64":3.4539608955,"65":3.2624697685,"66":3.0822103024,"67":2.9083821774,"68":2.7455267906,"69":2.5961918831,"70":2.4578595161,"71":2.3217637539,"72":2.1956038475,"73":2.0737421513,"74":1.9597156048},"acc":{"0":0.5453203321,"1":0.5562244654,"2":0.5613357425,"3":0.5567923784,"4":0.5520218015,"5":0.5615629554,"6":0.5482735038,"7":0.5565652251,"8":0.5539527535,"9":0.566560626,"10":0.5628123283,"11":0.5647432804,"12":0.5644025207,"13":0.5678100586,"14":0.5662199259,"15":0.5692867041,"16":0.5642889738,"17":0.5611085892,"18":0.5670149922,"19":0.5733757615,"20":0.562585175,"21":0.5622444153,"22":0.5708768964,"23":0.5765560865,"24":0.567923665,"25":0.5705361366,"26":0.560654223,"27":0.5628123283,"28":0.5646297336,"29":0.5763289332,"30":0.5740572214,"31":0.5674693584,"32":0.5749659538,"33":0.5770104527,"34":0.5676965117,"35":0.5675829053,"36":0.5675829053,"37":0.5826897025,"38":0.5703089237,"39":0.5790549517,"40":0.5783734918,"41":0.5717855692,"42":0.5761017799,"43":0.5674693584,"44":0.5737165213,"45":0.580645144,"46":0.5771240592,"47":0.571899116,"48":0.5757610202,"49":0.5783734918,"50":0.5854157209,"51":0.5743979812,"52":0.5817810297,"53":0.5705361366,"54":0.5849613547,"55":0.5781462789,"56":0.5815538168,"57":0.5750795007,"58":0.578032732,"59":0.5870059133,"60":0.578032732,"61":0.5831440091,"62":0.585983634,"63":0.5965470076,"64":0.5855293274,"65":0.5808723569,"66":0.5822353363,"67":0.5845070481,"68":0.5872330666,"69":0.5822353363,"70":0.5846206546,"71":0.5808723569,"72":0.5916628838,"73":0.5842798948,"74":0.5883689523},"auc":{"0":0.5593127012,"1":0.5781508684,"2":0.5820089579,"3":0.580027163,"4":0.5798184276,"5":0.5911931992,"6":0.5744660497,"7":0.5849097967,"8":0.5836786032,"9":0.590238452,"10":0.5938355923,"11":0.5931333303,"12":0.5946567655,"13":0.5945739746,"14":0.5970326662,"15":0.5963087082,"16":0.5941594839,"17":0.58530581,"18":0.5929048061,"19":0.6030853391,"20":0.5867638588,"21":0.5959908962,"22":0.5967844725,"23":0.6101544499,"24":0.5942338705,"25":0.6013194919,"26":0.5933676958,"27":0.5918464661,"28":0.5951095819,"29":0.6049262285,"30":0.6099545956,"31":0.5979537368,"32":0.6050125957,"33":0.6088539362,"34":0.5970115662,"35":0.6064388156,"36":0.5988918543,"37":0.6128330827,"38":0.604088366,"39":0.6102163792,"40":0.6102025509,"41":0.6067894697,"42":0.6102745533,"43":0.6000568867,"44":0.6105103493,"45":0.6134507656,"46":0.6066561937,"47":0.6092475057,"48":0.606511116,"49":0.6161834002,"50":0.6185309887,"51":0.61057055,"52":0.6176320314,"53":0.6070929766,"54":0.6177142859,"55":0.6148216128,"56":0.6187608838,"57":0.6159322262,"58":0.6151379347,"59":0.6252731085,"60":0.6100181341,"61":0.6178196669,"62":0.6269462109,"63":0.6331831217,"64":0.6182916164,"65":0.6197960377,"66":0.6211271286,"67":0.6264927387,"68":0.6250200868,"69":0.6224657893,"70":0.6250618696,"71":0.622528553,"72":0.623935461,"73":0.625361383,"74":0.6278915405},"val_loss":{"0":51.3691482544,"1":49.6782417297,"2":48.0324058533,"3":46.4735679626,"4":44.9364776611,"5":43.4512252808,"6":42.0186233521,"7":40.6560668945,"8":39.3221626282,"9":38.0148162842,"10":36.7257270813,"11":35.4879341125,"12":34.2660980225,"13":33.1027488708,"14":31.9645996094,"15":30.855638504,"16":29.7800617218,"17":28.7290687561,"18":27.7140445709,"19":26.7236595154,"20":25.7569675446,"21":24.8244094849,"22":23.9093742371,"23":23.0233039856,"24":22.1616344452,"25":21.3231620789,"26":20.5124473572,"27":19.7252235413,"28":18.9586811066,"29":18.2126274109,"30":17.4882297516,"31":16.7914714813,"32":16.1106777191,"33":15.4486122131,"34":14.8101491928,"35":14.1904363632,"36":13.5913391113,"37":13.0095081329,"38":12.4454488754,"39":11.9012937546,"40":11.3761281967,"41":10.8668575287,"42":10.3753890991,"43":9.8995904922,"44":9.4430656433,"45":9.0033435822,"46":8.5811367035,"47":8.1705007553,"48":7.7768726349,"49":7.3980574608,"50":7.0301208496,"51":6.677880764,"52":6.3414998055,"53":6.0216016769,"54":5.7121152878,"55":5.4163937569,"56":5.140920639,"57":4.872733593,"58":4.6118235588,"59":4.3687634468,"60":4.1239356995,"61":3.8994827271,"62":3.6880233288,"63":3.4840910435,"64":3.2978641987,"65":3.1089155674,"66":2.9478120804,"67":2.7800884247,"68":2.6177294254,"69":2.4726550579,"70":2.3378381729,"71":2.2005171776,"72":2.0770568848,"73":1.9598910809,"74":1.8487449884},"val_acc":{"0":0.5826521516,"1":0.5944595933,"2":0.6035422087,"3":0.6030880809,"4":0.6071752906,"5":0.61534971,"6":0.6180744767,"7":0.6026339531,"8":0.5990009308,"9":0.59718436,"10":0.6039963961,"11":0.6039963961,"12":0.6198909879,"13":0.608537674,"14":0.6058129072,"15":0.6071752906,"16":0.6076294184,"17":0.61534971,"18":0.6112625003,"19":0.6112625003,"20":0.6158038378,"21":0.6126248837,"22":0.6144413948,"23":0.6148955226,"24":0.6167120934,"25":0.6198909879,"26":0.6148955226,"27":0.6144413948,"28":0.6144413948,"29":0.6162579656,"30":0.6198909879,"31":0.6148955226,"32":0.6162579656,"33":0.6198909879,"34":0.6226158142,"35":0.6198909879,"36":0.6162579656,"37":0.6171662211,"38":0.6207993031,"39":0.623069942,"40":0.6198909879,"41":0.6221616864,"42":0.6198909879,"43":0.6276112795,"44":0.6203451157,"45":0.6198909879,"46":0.6189827323,"47":0.6167120934,"48":0.6194368601,"49":0.6148955226,"50":0.6176203489,"51":0.6176203489,"52":0.6158038378,"53":0.6180744767,"54":0.6167120934,"55":0.6158038378,"56":0.613987267,"57":0.6058129072,"58":0.6117166281,"59":0.6067211628,"60":0.6117166281,"61":0.6130790114,"62":0.6080835462,"63":0.6094459295,"64":0.6053587794,"65":0.6117166281,"66":0.6058129072,"67":0.606267035,"68":0.6080835462,"69":0.608537674,"70":0.6067211628,"71":0.6103542447,"72":0.6099001169,"73":0.6112625003,"74":0.6148955226},"val_auc":{"0":0.6691202521,"1":0.6700351238,"2":0.6698744893,"3":0.6708880067,"4":0.6712760925,"5":0.6713416576,"6":0.671641767,"7":0.6717448831,"8":0.6710656285,"9":0.6703611612,"10":0.671025157,"11":0.6716330051,"12":0.6718968153,"13":0.6719301939,"14":0.671831131,"15":0.6718699336,"16":0.6725145578,"17":0.6733189225,"18":0.6736424565,"19":0.673792243,"20":0.6738083363,"21":0.6746786833,"22":0.675588727,"23":0.675789237,"24":0.6764053702,"25":0.6770215034,"26":0.6772117615,"27":0.677464366,"28":0.677849412,"29":0.6782739758,"30":0.6782621145,"31":0.6786599159,"32":0.6786168814,"33":0.6791415215,"34":0.679212451,"35":0.6796287894,"36":0.679702282,"37":0.6793259382,"38":0.679176569,"39":0.6791303158,"40":0.6789829731,"41":0.6793663502,"42":0.6795343161,"43":0.6791542768,"44":0.6786103249,"45":0.6793375015,"46":0.6793915629,"47":0.6789764166,"48":0.6792933345,"49":0.6799111366,"50":0.6786136031,"51":0.678725481,"52":0.6791291237,"53":0.6786556244,"54":0.6789442301,"55":0.6786471009,"56":0.6774923801,"57":0.6770714521,"58":0.6761074066,"59":0.6774045229,"60":0.6750802398,"61":0.6731694937,"62":0.6757925749,"63":0.6756137609,"64":0.675321579,"65":0.6753963232,"66":0.674269259,