{"loss":{"0":65.9726104736,"1":61.5711517334,"2":57.5083198547,"3":53.6797866821,"4":50.1222267151,"5":46.7427825928,"6":43.5699234009,"7":40.6306762695,"8":37.8431816101,"9":35.2412185669,"10":32.7499656677,"11":30.449596405,"12":28.2893428802,"13":26.2481307983,"14":24.3517341614,"15":22.5644302368,"16":20.8854961395,"17":19.3246269226,"18":17.8736286163,"19":16.5163211823,"20":15.255361557,"21":14.0609064102,"22":12.9508924484,"23":11.9245834351,"24":10.9579114914,"25":10.0580720901,"26":9.2167310715,"27":8.4587488174,"28":7.7536220551,"29":7.069372654,"30":6.4548363686,"31":5.8991770744,"32":5.363776207,"33":4.8875641823,"34":4.4368906021,"35":4.0276670456,"36":3.6446130276,"37":3.3096380234,"38":3.0016171932,"39":2.7017219067,"40":2.4423651695,"41":2.2080974579,"42":1.9799208641,"43":1.7822365761,"44":1.5928668976,"45":1.4500603676,"46":1.2967634201,"47":1.1566790342,"48":1.0339989662,"49":0.9222133756,"50":0.8403424621,"51":0.7443749905,"52":0.6775238514,"53":0.5998433828,"54":0.5320566893,"55":0.4860011339,"56":0.4415964782,"57":0.3866511583},"acc":{"0":0.5715909004,"1":0.5920454264,"2":0.6272727251,"3":0.6431818008,"4":0.6238636374,"5":0.6829545498,"6":0.7090908885,"7":0.7056818008,"8":0.7352272868,"9":0.739772737,"10":0.7863636613,"11":0.8011363745,"12":0.8068181872,"13":0.8261363506,"14":0.8352272511,"15":0.8500000238,"16":0.8784090877,"17":0.8943181634,"18":0.8943181634,"19":0.8965908885,"20":0.8977272511,"21":0.9204545617,"22":0.9170454741,"23":0.9215909243,"24":0.9227272868,"25":0.9375,"26":0.9511363506,"27":0.9431818128,"28":0.9397727251,"29":0.9568181634,"30":0.9624999762,"31":0.9647727013,"32":0.9693182111,"33":0.9659090638,"34":0.9693182111,"35":0.9727272987,"36":0.9806818366,"37":0.9784091115,"38":0.9681817889,"39":0.9738636613,"40":0.9715909362,"41":0.9761363864,"42":0.9795454741,"43":0.9829545617,"44":0.989772737,"45":0.9795454741,"46":0.9761363864,"47":0.9875000119,"48":0.989772737,"49":0.9875000119,"50":0.9875000119,"51":0.989772737,"52":0.9829545617,"53":0.9886363745,"54":0.9920454621,"55":0.9863636494,"56":0.9863636494,"57":0.9965909123},"auc":{"0":0.6330630779,"1":0.6767655015,"2":0.6964130998,"3":0.7239170074,"4":0.7139679193,"5":0.7591248155,"6":0.7929919958,"7":0.7911268473,"8":0.8120530844,"9":0.8214001656,"10":0.8707889318,"11":0.8817403316,"12":0.8926323652,"13":0.9138842225,"14":0.922270298,"15":0.9370789528,"16":0.9490120411,"17":0.9555276036,"18":0.9594080448,"19":0.9625031352,"20":0.9624462128,"21":0.9702612758,"22":0.9735914469,"23":0.9760044217,"24":0.9798099399,"25":0.9826259017,"26":0.9892060757,"27":0.9869766235,"28":0.9847857952,"29":0.9923605919,"30":0.9912651777,"31":0.9909008741,"32":0.9947838783,"33":0.9936471581,"34":0.9966363311,"35":0.9960446954,"36":0.9975275993,"37":0.9955279827,"38":0.9963960648,"39":0.9980934858,"40":0.9975793362,"41":0.9966905117,"42":0.9974862337,"43":0.9968636036,"44":0.9987908602,"45":0.9938331842,"46":0.9981863499,"47":0.9990415573,"48":0.9986152649,"49":0.9993618727,"50":0.9983362556,"51":0.9994522929,"52":0.9983439445,"53":0.999243021,"54":0.9998502135,"55":0.9991449118,"56":0.9985144138,"57":0.9993903637},"val_loss":{"0":63.6528320312,"1":59.5245742798,"2":55.6613235474,"3":52.0359382629,"4":48.5961990356,"5":45.5109939575,"6":42.4836540222,"7":39.5884819031,"8":36.9245643616,"9":34.3365516663,"10":32.1503181458,"11":29.8677120209,"12":27.8834629059,"13":25.9860191345,"14":23.9757919312,"15":22.658575058,"16":20.8910484314,"17":19.2303371429,"18":18.1114559174,"19":16.5860404968,"20":15.4828615189,"21":14.5255489349,"22":13.2513589859,"23":12.5566520691,"24":11.3090629578,"25":10.6889514923,"26":9.7201271057,"27":9.0747051239,"28":8.1871976852,"29":7.8288474083,"30":7.245446682,"31":6.6538648605,"32":6.1334700584,"33":5.525431633,"34":5.2717723846,"35":5.0112376213,"36":4.2855706215,"37":4.0357227325,"38":3.8871223927,"39":3.734007597,"40":3.49371171,"41":3.2176339626,"42":3.1761238575,"43":3.2964851856,"44":3.0046544075,"45":2.7147848606,"46":2.9930922985,"47":2.5925812721,"48":3.1113269329,"49":2.126816988,"50":2.3240790367,"51":2.0031738281,"52":2.2878553867,"53":2.1790409088,"54":1.8597308397,"55":2.1863896847,"56":2.0292944908,"57":1.939007163},"val_acc":{"0":0.5909090638,"1":0.5,"2":0.4818181694,"3":0.4909090996,"4":0.4818181694,"5":0.4818181694,"6":0.4818181694,"7":0.4954545498,"8":0.4863636494,"9":0.5136363506,"10":0.4818181694,"11":0.4863636494,"12":0.4863636494,"13":0.4863636494,"14":0.5227272511,"15":0.4863636494,"16":0.4954545498,"17":0.5090909004,"18":0.5090909004,"19":0.5272727013,"20":0.5318182111,"21":0.5136363506,"22":0.5409091115,"23":0.5045454502,"24":0.5681818128,"25":0.5454545617,"26":0.5954545736,"27":0.5363636613,"28":0.6227272749,"29":0.5454545617,"30":0.6045454741,"31":0.5818181634,"32":0.572727263,"33":0.6499999762,"34":0.6318181753,"35":0.6090909243,"36":0.6409090757,"37":0.6590909362,"38":0.6272727251,"39":0.5818181634,"40":0.5909090638,"41":0.5954545736,"42":0.5818181634,"43":0.5681818128,"44":0.5863636136,"45":0.6045454741,"46":0.5363636613,"47":0.5590909123,"48":0.5272727013,"49":0.6136363745,"50":0.5954545736,"51":0.6227272749,"52":0.6272727251,"53":0.5863636136,"54":0.6409090757,"55":0.6136363745,"56":0.6136363745,"57":0.6272727251},"val_auc":{"0":0.6596325636,"1":0.6040632129,"2":0.6019943953,"3":0.5703823566,"4":0.607952714,"5":0.5826712847,"6":0.5754303336,"7":0.6401026249,"8":0.641716361,"9":0.6738249063,"10":0.6443644762,"11":0.6928583384,"12":0.6731628776,"13":0.6792038679,"14":0.7190913558,"15":0.6381992102,"16":0.7135053873,"17":0.7091195583,"18":0.7224842906,"19":0.7213257551,"20":0.7453243732,"21":0.7317527533,"22":0.7576134205,"23":0.735394001,"24":0.754468739,"25":0.7333250642,"26":0.7534757257,"27":0.7474759817,"28":0.7576961517,"29":0.7449519634,"30":0.7387868166,"31":0.755461812,"32":0.7565788627,"33":0.7562478781,"34":0.7401522398,"35":0.7260013819,"36":0.7552134991,"37":0.7454898357,"38":0.7492552996,"39":0.7403591871,"40":0.7480967045,"41":0.7488828897,"42":0.7362628579,"43":0.7094918489,"44":0.7318354249,"45":0.7474760413,"46":0.7200430632,"47":0.7389109731,"48":0.6806106567,"49":0.7315045595,"50":0.7245531082,"51":0.7480552197,"52":0.7089954019,"53":0.721449852,"54":0.7449932694,"55":0.7103193998,"56":0.7140847445,"57":0.7232704163}}