{"loss":{"0":64.608001709,"1":60.2310638428,"2":56.2249298096,"3":52.4428749084,"4":48.912815094,"5":45.616065979,"6":42.5105285645,"7":39.6036262512,"8":36.9018363953,"9":34.3295097351,"10":31.9063129425,"11":29.6680374146,"12":27.5552825928,"13":25.5733242035,"14":23.6991157532,"15":21.9519882202,"16":20.3499660492,"17":18.7863063812,"18":17.3686008453,"19":16.0418949127,"20":14.8140516281,"21":13.644659996,"22":12.5598726273,"23":11.59329319,"24":10.6253547668,"25":9.7774295807,"26":8.9511098862,"27":8.2044734955,"28":7.5305914879,"29":6.857986927,"30":6.2880010605,"31":5.7214331627,"32":5.2181835175,"33":4.7407975197,"34":4.3081126213,"35":3.930711031,"36":3.5512938499,"37":3.2167785168,"38":2.9262640476,"39":2.6333639622,"40":2.3735127449,"41":2.1451416016,"42":1.9283102751,"43":1.751475811,"44":1.5646640062,"45":1.4074487686,"46":1.2704341412,"47":1.1446374655,"48":1.0304595232,"49":0.9254801869,"50":0.8212654591,"51":0.7347717881,"52":0.6558805108,"53":0.5947251916,"54":0.5339079499,"55":0.4790064692,"56":0.4229723513,"57":0.3975633085,"58":0.3408007324,"59":0.3207740784,"60":0.2931647301,"61":0.2699284256,"62":0.2512855828,"63":0.2244386375,"64":0.2211046368,"65":0.1987753361},"acc":{"0":0.5920454264,"1":0.6068181992,"2":0.6261363626,"3":0.6431818008,"4":0.6715909243,"5":0.6715909243,"6":0.6795454621,"7":0.7045454383,"8":0.6818181872,"9":0.7113636136,"10":0.7556818128,"11":0.7738636136,"12":0.7534090877,"13":0.7761363387,"14":0.8079545498,"15":0.8193181753,"16":0.8136363626,"17":0.8613636494,"18":0.8625000119,"19":0.8738636374,"20":0.8818181753,"21":0.8988636136,"22":0.9011363387,"23":0.8840909004,"24":0.9250000119,"25":0.9090909362,"26":0.9340909123,"27":0.927272737,"28":0.9215909243,"29":0.9420454502,"30":0.9238636494,"31":0.9499999881,"32":0.9465909004,"33":0.9556818008,"34":0.9590908885,"35":0.9443181753,"36":0.9624999762,"37":0.9602272511,"38":0.9534090757,"39":0.9590908885,"40":0.9590908885,"41":0.9681817889,"42":0.9681817889,"43":0.9590908885,"44":0.9727272987,"45":0.9693182111,"46":0.9659090638,"47":0.9659090638,"48":0.9613636136,"49":0.9624999762,"50":0.9784091115,"51":0.9772727489,"52":0.9840909243,"53":0.9795454741,"54":0.9840909243,"55":0.9818181992,"56":0.989772737,"57":0.9761363864,"58":0.9920454621,"59":0.9863636494,"60":0.9795454741,"61":0.9875000119,"62":0.9840909243,"63":0.9875000119,"64":0.9829545617,"65":0.9840909243},"auc":{"0":0.6270009279,"1":0.6921932697,"2":0.6846637726,"3":0.7207332253,"4":0.7435859442,"5":0.7431610227,"6":0.7600855231,"7":0.7731778622,"8":0.7665215731,"9":0.7903122902,"10":0.8311853409,"11":0.8308355808,"12":0.8394922018,"13":0.8589817286,"14":0.8789480925,"15":0.9031609893,"16":0.9002462029,"17":0.9344164133,"18":0.9387173653,"19":0.9450368881,"20":0.946490407,"21":0.9576809406,"22":0.9646431208,"23":0.9546314478,"24":0.9722450972,"25":0.969610095,"26":0.9784713387,"27":0.981269598,"28":0.9737608433,"29":0.9857649207,"30":0.9765669107,"31":0.9881124496,"32":0.9845808744,"33":0.9893509746,"34":0.9888093472,"35":0.9848580956,"36":0.9918746352,"37":0.9907034039,"38":0.9904702902,"39":0.9934965372,"40":0.9930793643,"41":0.9932193756,"42":0.9941546917,"43":0.9926492572,"44":0.9948387146,"45":0.9947686195,"46":0.9941779375,"47":0.9923539162,"48":0.9937323332,"49":0.9956884384,"50":0.9975591898,"51":0.9964683652,"52":0.9973545074,"53":0.9976629019,"54":0.998131752,"55":0.9979243875,"56":0.9986758828,"57":0.9975254536,"58":0.9996709824,"59":0.9975825548,"60":0.9984376431,"61":0.9989608526,"62":0.9990723133,"63":0.999168098,"64":0.9982846975,"65":0.9992044568},"val_loss":{"0":62.3064346313,"1":58.1469268799,"2":54.250831604,"3":50.6681137085,"4":47.2728385925,"5":44.1078338623,"6":41.1431999207,"7":38.3614044189,"8":35.7590560913,"9":33.3150672913,"10":31.0345973969,"11":28.8371944427,"12":26.887342453,"13":24.978931427,"14":23.1789512634,"15":21.4863166809,"16":19.8618526459,"17":18.4537506104,"18":17.0567722321,"19":15.8338756561,"20":14.6495227814,"21":13.5448722839,"22":12.4307613373,"23":11.4978017807,"24":10.6644001007,"25":9.8517551422,"26":9.0282993317,"27":8.3956069946,"28":7.6824159622,"29":7.0866641998,"30":6.5583219528,"31":6.0489840508,"32":5.4985494614,"33":5.1066951752,"34":4.7227582932,"35":4.3643708229,"36":4.0863342285,"37":3.820653677,"38":3.4905817509,"39":3.3277168274,"40":2.8877887726,"41":2.8105275631,"42":2.5339386463,"43":2.6226961613,"44":2.2202625275,"45":2.0675427914,"46":2.0097038746,"47":1.8676757812,"48":1.7668136358,"49":1.7840592861,"50":1.5746905804,"51":1.4843020439,"52":1.4984315634,"53":1.55095613,"54":1.4297357798,"55":1.3790521622,"56":1.2975565195,"57":1.231143713,"58":1.2645053864,"59":1.2995176315,"60":1.2032231092,"61":1.1409891844,"62":1.1212631464,"63":1.2612208128,"64":1.2402279377,"65":1.3522917032},"val_acc":{"0":0.5954545736,"1":0.6045454741,"2":0.6409090757,"3":0.5500000119,"4":0.5545454621,"5":0.5363636613,"6":0.5454545617,"7":0.5227272511,"8":0.5363636613,"9":0.5227272511,"10":0.5227272511,"11":0.5318182111,"12":0.5090909004,"13":0.5272727013,"14":0.5227272511,"15":0.5136363506,"16":0.5272727013,"17":0.5090909004,"18":0.5181818008,"19":0.5272727013,"20":0.5181818008,"21":0.5136363506,"22":0.6000000238,"23":0.5590909123,"24":0.5318182111,"25":0.5500000119,"26":0.6045454741,"27":0.5409091115,"28":0.5954545736,"29":0.5636363626,"30":0.5454545617,"31":0.5545454621,"32":0.572727263,"33":0.5818181634,"34":0.5272727013,"35":0.572727263,"36":0.5454545617,"37":0.5545454621,"38":0.5272727013,"39":0.5318182111,"40":0.6045454741,"41":0.5545454621,"42":0.5636363626,"43":0.5136363506,"44":0.5636363626,"45":0.5954545736,"46":0.5590909123,"47":0.5818181634,"48":0.5863636136,"49":0.5363636613,"50":0.5954545736,"51":0.5909090638,"52":0.5500000119,"53":0.5863636136,"54":0.572727263,"55":0.572727263,"56":0.6090909243,"57":0.5909090638,"58":0.5909090638,"59":0.5818181634,"60":0.5954545736,"61":0.6136363745,"62":0.6090909243,"63":0.5772727132,"64":0.5772727132,"65":0.5772727132},"val_auc":{"0":0.6331818104,"1":0.6305372715,"2":0.6818594933,"3":0.6845041513,"4":0.6846694946,"5":0.6929751635,"6":0.6950826645,"7":0.6790082455,"8":0.6775206923,"9":0.683884263,"10":0.6819421649,"11":0.6959091425,"12":0.6778512001,"13":0.6980991364,"14":0.692933917,"15":0.7131404877,"16":0.6814875603,"17":0.6758264303,"18":0.6880578399,"19":0.6637189984,"20":0.6867768764,"21":0.6695867777,"22":0.7057851553,"23":0.6914463043,"24":0.6812397242,"25":0.7005372047,"26":0.7132230997,"27":0.7116942406,"28":0.7169421315,"29":0.7147934437,"30":0.7085124254,"31":0.7018181682,"32":0.7164876461,"33":0.7167768478,"34":0.7158677578,"35":0.7313222885,"36":0.7331404686,"37":0.7266942263,"38":0.7073967457,"39":0.7150413394,"40":0.7222313881,"41":0.7229751945,"42":0.7259504199,"43":0.6971487999,"44":0.728181839,"45":0.7373554111,"46":0.7085950375,"47":0.7250826359,"48":0.7307024598,"49":0.7252479196,"50":0.7224380374,"51":0.7325619459,"52":0.7200826406,"53":0.7123553753,"54":0.7155785561,"55":0.7197107077,"56":0.7181817889,"57":0.7274793386,"58":0.721983552,"59":0.7193801403,"60":0.7328925729,"61":0.7376446128,"62":0.7328926325,"63":0.7275619507,"64":0.7281404734,"65":0.7247933745}}