{"loss":{"0":65.7242431641,"1":61.3380432129,"2":57.2685279846,"3":53.48072052,"4":49.8937110901,"5":46.5613365173,"6":43.4133644104,"7":40.4425735474,"8":37.6775779724,"9":35.0643768311,"10":32.6211891174,"11":30.2948036194,"12":28.1235599518,"13":26.1213970184,"14":24.2326393127,"15":22.4544372559,"16":20.8054332733,"17":19.2437896729,"18":17.7997970581,"19":16.4163970947,"20":15.1658601761,"21":13.9894285202,"22":12.9110860825,"23":11.8882513046,"24":10.9135694504,"25":10.0177345276,"26":9.1974868774,"27":8.4219741821,"28":7.7081799507,"29":7.0332798958,"30":6.4333014488,"31":5.8695678711,"32":5.3448786736,"33":4.871222496,"34":4.4245443344,"35":4.0393686295,"36":3.6213977337,"37":3.2875771523,"38":2.9645924568,"39":2.6906363964,"40":2.4246320724,"41":2.1926746368,"42":1.9551852942,"43":1.7497853041,"44":1.5777932405,"45":1.4157217741,"46":1.2660008669,"47":1.1471545696,"48":1.0220886469,"49":0.8924375772,"50":0.8095675111,"51":0.7311075926,"52":0.6580618024,"53":0.59152776,"54":0.5310750604,"55":0.4635560215,"56":0.4292060137,"57":0.392621398,"58":0.3457367718,"59":0.3037171066,"60":0.2758374512,"61":0.2480281889,"62":0.2367499769,"63":0.2350793183},"acc":{"0":0.6090909243,"1":0.6477272511,"2":0.6488636136,"3":0.6568182111,"4":0.7102272511,"5":0.6931818128,"6":0.7056818008,"7":0.7409090996,"8":0.7409090996,"9":0.7727272511,"10":0.7761363387,"11":0.8193181753,"12":0.8522727489,"13":0.8409090638,"14":0.8545454741,"15":0.8602272868,"16":0.885227263,"17":0.8829545379,"18":0.8886363506,"19":0.9102272987,"20":0.9125000238,"21":0.9102272987,"22":0.9102272987,"23":0.9034090638,"24":0.9284090996,"25":0.9295454621,"26":0.9306818247,"27":0.9431818128,"28":0.9488636255,"29":0.9522727132,"30":0.9511363506,"31":0.947727263,"32":0.9613636136,"33":0.947727263,"34":0.9602272511,"35":0.947727263,"36":0.9704545736,"37":0.9647727013,"38":0.9715909362,"39":0.9659090638,"40":0.9704545736,"41":0.9659090638,"42":0.9761363864,"43":0.9806818366,"44":0.9795454741,"45":0.9761363864,"46":0.9784091115,"47":0.9761363864,"48":0.9784091115,"49":0.989772737,"50":0.9863636494,"51":0.9806818366,"52":0.9784091115,"53":0.9772727489,"54":0.9818181992,"55":0.9863636494,"56":0.9806818366,"57":0.9806818366,"58":0.9829545617,"59":0.9909090996,"60":0.9863636494,"61":0.9920454621,"62":0.9840909243,"63":0.9772727489},"auc":{"0":0.6417363882,"1":0.6952351332,"2":0.7268320322,"3":0.7279018164,"4":0.769821763,"5":0.7692118883,"6":0.7892584205,"7":0.8212842941,"8":0.82863307,"9":0.8509483337,"10":0.8611317873,"11":0.8968062401,"12":0.9202222228,"13":0.9213306904,"14":0.9273849726,"15":0.938785553,"16":0.9422299862,"17":0.9532248974,"18":0.9550982714,"19":0.9712067842,"20":0.9701240063,"21":0.9695271254,"22":0.9653798342,"23":0.9667958617,"24":0.9760542512,"25":0.9808372259,"26":0.9806020856,"27":0.9850128889,"28":0.9852532148,"29":0.9912506342,"30":0.9893101454,"31":0.9892610312,"32":0.9899146557,"33":0.9910593629,"34":0.9924030304,"35":0.9860078096,"36":0.9978501201,"37":0.9955039024,"38":0.9954625368,"39":0.9934366941,"40":0.9958087206,"41":0.9937907457,"42":0.9978785515,"43":0.9982015491,"44":0.9976769686,"45":0.998093009,"46":0.9983333349,"47":0.9965478182,"48":0.9973487854,"49":0.9996097684,"50":0.9988062978,"51":0.9979535341,"52":0.9981576204,"53":0.9981654286,"54":0.9987131953,"55":0.9989017844,"56":0.998480618,"57":0.9984987378,"58":0.9988372326,"59":0.999537468,"60":0.9994677305,"61":0.9995605946,"62":0.9993230104,"63":0.997609973},"val_loss":{"0":63.4312400818,"1":59.2699203491,"2":55.3966293335,"3":51.7513389587,"4":48.300453186,"5":45.1087875366,"6":42.1017036438,"7":39.3391990662,"8":36.7609062195,"9":34.1826057434,"10":31.8020305634,"11":29.677230835,"12":27.6965999603,"13":25.6768302917,"14":23.8949432373,"15":22.1879425049,"16":20.6529998779,"17":19.1414432526,"18":17.7236442566,"19":16.4791412354,"20":15.2879838943,"21":14.2422771454,"22":13.0581941605,"23":12.2597980499,"24":11.0937681198,"25":10.3124008179,"26":9.5606622696,"27":8.9009523392,"28":8.0394620895,"29":7.5213484764,"30":7.0371103287,"31":6.6300702095,"32":5.981762886,"33":5.8893885612,"34":5.409386158,"35":4.8591604233,"36":4.3992204666,"37":4.1023011208,"38":4.0428032875,"39":3.6889095306,"40":3.3518061638,"41":3.1855351925,"42":2.9037015438,"43":2.9336571693,"44":2.6095592976,"45":2.3729991913,"46":2.3700561523,"47":2.2813909054,"48":2.1696112156,"49":1.9820592403,"50":1.9181945324,"51":1.6742459536,"52":1.701718688,"53":1.9793456793,"54":1.6394668818,"55":1.4640636444,"56":1.3821781874,"57":1.2723007202,"58":1.5217571259,"59":1.386053443,"60":1.227995038,"61":1.2916215658,"62":1.4015760422,"63":1.322471261},"val_acc":{"0":0.6045454741,"1":0.5954545736,"2":0.5227272511,"3":0.5045454502,"4":0.5863636136,"5":0.5500000119,"6":0.5045454502,"7":0.4818181694,"8":0.4818181694,"9":0.5045454502,"10":0.4954545498,"11":0.4954545498,"12":0.4909090996,"13":0.5045454502,"14":0.5,"15":0.5181818008,"16":0.5272727013,"17":0.5318182111,"18":0.5636363626,"19":0.5318182111,"20":0.5363636613,"21":0.5590909123,"22":0.5863636136,"23":0.5500000119,"24":0.6136363745,"25":0.6045454741,"26":0.6272727251,"27":0.5909090638,"28":0.6363636255,"29":0.6136363745,"30":0.5863636136,"31":0.5681818128,"32":0.6136363745,"33":0.5363636613,"34":0.5409091115,"35":0.572727263,"36":0.6136363745,"37":0.6318181753,"38":0.5545454621,"39":0.6000000238,"40":0.5909090638,"41":0.5681818128,"42":0.6045454741,"43":0.5636363626,"44":0.6090909243,"45":0.6454545259,"46":0.6090909243,"47":0.6409090757,"48":0.6545454264,"49":0.6409090757,"50":0.6499999762,"51":0.6681818366,"52":0.6363636255,"53":0.5863636136,"54":0.677272737,"55":0.6636363864,"56":0.6636363864,"57":0.6727272868,"58":0.6227272749,"59":0.6545454264,"60":0.6909090877,"61":0.677272737,"62":0.6636363864,"63":0.6590909362},"val_auc":{"0":0.6546673775,"1":0.6618669033,"2":0.652846694,"3":0.6412611604,"4":0.6619496346,"5":0.6656322479,"6":0.6678666472,"7":0.6677838564,"8":0.7069678307,"9":0.7049818039,"10":0.7296011448,"11":0.733407855,"12":0.7303045988,"13":0.7307183743,"14":0.7338629961,"15":0.708912611,"16":0.7278218865,"17":0.7218222618,"18":0.7331595421,"19":0.7268702984,"20":0.7334492207,"21":0.7210360765,"22":0.7321251631,"23":0.724470377,"24":0.7382488251,"25":0.7327457666,"26":0.7325388789,"27":0.728194356,"28":0.7376695871,"29":0.7375869751,"30":0.7308838367,"31":0.7275322676,"32":0.7356421947,"33":0.714953661,"34":0.7267460823,"35":0.7320423722,"36":0.7436279058,"37":0.7375041246,"38":0.725215137,"39":0.7230222225,"40":0.728649497,"41":0.7257530689,"42":0.7241393328,"43":0.7103193998,"44":0.7241806984,"45":0.737711072,"46":0.726166904,"47":0.7305940986,"48":0.7320837975,"49":0.7280701995,"50":0.7277805209,"51":0.7391592264,"52":0.7283183932,"53":0.7188844681,"54":0.7299320698,"55":0.727987349,"56":0.7286494374,"57":0.7209946513,"58":0.7171466947,"59":0.7380834222,"60":0.7375868559,"61":0.7261254787,"62":0.7189258337,"63":0.7276977897}}