{"loss":{"0":64.0815124512,"1":59.7450408936,"2":55.7638931274,"3":52.0118598938,"4":48.5220527649,"5":45.2254600525,"6":42.1257362366,"7":39.2511825562,"8":36.520565033,"9":33.976398468,"10":31.5891094208,"11":29.3581848145,"12":27.2613201141,"13":25.3155822754,"14":23.4651927948,"15":21.7300510406,"16":20.1389160156,"17":18.6014232635,"18":17.2000637054,"19":15.8832263947,"20":14.6664218903,"21":13.5248594284,"22":12.4495401382,"23":11.455739975,"24":10.5164461136,"25":9.673948288,"26":8.8785524368,"27":8.1218223572,"28":7.4266452789,"29":6.7906327248,"30":6.2025694847,"31":5.6785755157,"32":5.1627693176,"33":4.6980171204,"34":4.270740509,"35":3.8784668446,"36":3.4939272404,"37":3.1654355526,"38":2.9051887989,"39":2.606700182,"40":2.3436706066,"41":2.101903677,"42":1.9075484276,"43":1.7355815172,"44":1.5396287441,"45":1.4013493061,"46":1.2406443357,"47":1.1079090834,"48":1.0012562275,"49":0.8981255889,"50":0.7933653593,"51":0.7190963626,"52":0.6371931434,"53":0.5747889876,"54":0.510293901,"55":0.4475514889,"56":0.4182305038,"57":0.3692249954,"58":0.3546373248,"59":0.3169824481,"60":0.2871974707,"61":0.2662140131,"62":0.2257310152,"63":0.233138293,"64":0.2043386251,"65":0.1958819181},"acc":{"0":0.5806818008,"1":0.6113636494,"2":0.6465908885,"3":0.6477272511,"4":0.6636363864,"5":0.6727272868,"6":0.7113636136,"7":0.7090908885,"8":0.7306818366,"9":0.7329545617,"10":0.75,"11":0.7613636255,"12":0.7886363864,"13":0.7806817889,"14":0.8011363745,"15":0.8284090757,"16":0.8136363626,"17":0.8465909362,"18":0.8522727489,"19":0.8534091115,"20":0.8443182111,"21":0.8659090996,"22":0.8670454621,"23":0.8784090877,"24":0.8840909004,"25":0.8806818128,"26":0.8931818008,"27":0.8999999762,"28":0.9147727489,"29":0.9079545736,"30":0.9181818366,"31":0.9056817889,"32":0.9238636494,"33":0.9284090996,"34":0.9284090996,"35":0.9329545498,"36":0.9465909004,"37":0.9443181753,"38":0.9284090996,"39":0.9420454502,"40":0.9499999881,"41":0.9602272511,"42":0.9409090877,"43":0.9431818128,"44":0.9534090757,"45":0.9409090877,"46":0.9624999762,"47":0.9545454383,"48":0.9602272511,"49":0.9568181634,"50":0.9693182111,"51":0.9715909362,"52":0.9693182111,"53":0.9761363864,"54":0.9795454741,"55":0.9806818366,"56":0.9750000238,"57":0.9772727489,"58":0.9681817889,"59":0.9738636613,"60":0.9761363864,"61":0.9727272987,"62":0.9863636494,"63":0.9761363864,"64":0.9795454741,"65":0.9715909362},"auc":{"0":0.6224138737,"1":0.6835290194,"2":0.6837950945,"3":0.7130696774,"4":0.7222359776,"5":0.7494250536,"6":0.7821753025,"7":0.7854908705,"8":0.8158817887,"9":0.8268959522,"10":0.8468024731,"11":0.8531572819,"12":0.8687428832,"13":0.861581862,"14":0.8845869303,"15":0.9021831751,"16":0.8953297138,"17":0.9257439375,"18":0.9285193682,"19":0.9337240458,"20":0.9340134859,"21":0.9335430861,"22":0.9458726645,"23":0.9495112896,"24":0.9596778154,"25":0.9551062584,"26":0.9543282986,"27":0.9680714607,"28":0.9709141254,"29":0.9745761156,"30":0.9755502939,"31":0.9700924158,"32":0.9760206938,"33":0.9761679173,"34":0.9801141024,"35":0.9783543348,"36":0.9897973537,"37":0.9903348684,"38":0.978969276,"39":0.9827268124,"40":0.9890711904,"41":0.9925857186,"42":0.9894071221,"43":0.9828740954,"44":0.9923557639,"45":0.9895209074,"46":0.9921517372,"47":0.9942086339,"48":0.9914537668,"49":0.9934592247,"50":0.9928829074,"51":0.9941620827,"52":0.9953947663,"53":0.9951543808,"54":0.9961751699,"55":0.9978678226,"56":0.9962580204,"57":0.997325182,"58":0.9944797754,"59":0.9954619408,"60":0.9960536957,"61":0.9959038496,"62":0.9978963137,"63":0.994697094,"64":0.9962657094,"65":0.9969297647},"val_loss":{"0":61.7977638245,"1":57.6734962463,"2":53.8299407959,"3":50.2190818787,"4":46.843963623,"5":43.6846313477,"6":40.723449707,"7":37.9432449341,"8":35.3300552368,"9":32.8729438782,"10":30.5986766815,"11":28.4722251892,"12":26.4198913574,"13":24.5439910889,"14":22.8152828217,"15":21.1489391327,"16":19.6145401001,"17":18.1546783447,"18":16.8136024475,"19":15.5709695816,"20":14.404006958,"21":13.3513860703,"22":12.3022432327,"23":11.3642292023,"24":10.4588623047,"25":9.679274559,"26":8.8981361389,"27":8.2202482224,"28":7.5904140472,"29":7.0253505707,"30":6.4832835197,"31":5.908800602,"32":5.5039434433,"33":5.0391411781,"34":4.6473946571,"35":4.3821549416,"36":3.9216415882,"37":3.6982111931,"38":3.4161999226,"39":3.1634473801,"40":2.8481600285,"41":2.8216736317,"42":2.4992060661,"43":2.3194270134,"44":2.140362978,"45":2.0407412052,"46":1.8628427982,"47":1.7125102282,"48":1.664457798,"49":1.5169608593,"50":1.45487535,"51":1.3873221874,"52":1.2702006102,"53":1.2407668829,"54":1.2630887032,"55":1.2751778364,"56":1.1264879704,"57":1.1777429581,"58":1.166965723,"59":1.0991739035,"60":1.0738420486,"61":1.0845937729,"62":0.9964774251,"63":1.1300426722,"64":1.1894505024,"65":1.0613473654},"val_acc":{"0":0.6590909362,"1":0.6000000238,"2":0.6272727251,"3":0.6545454264,"4":0.6454545259,"5":0.6136363745,"6":0.6363636255,"7":0.6090909243,"8":0.6272727251,"9":0.6272727251,"10":0.6181818247,"11":0.5863636136,"12":0.6409090757,"13":0.6363636255,"14":0.6136363745,"15":0.6363636255,"16":0.6227272749,"17":0.6545454264,"18":0.6499999762,"19":0.6454545259,"20":0.6181818247,"21":0.6272727251,"22":0.6454545259,"23":0.6363636255,"24":0.6590909362,"25":0.6409090757,"26":0.6545454264,"27":0.6181818247,"28":0.6363636255,"29":0.6318181753,"30":0.6136363745,"31":0.6681818366,"32":0.6136363745,"33":0.6272727251,"34":0.6363636255,"35":0.6090909243,"36":0.6545454264,"37":0.6181818247,"38":0.6181818247,"39":0.6363636255,"40":0.6590909362,"41":0.6090909243,"42":0.6409090757,"43":0.6454545259,"44":0.6818181872,"45":0.6545454264,"46":0.6545454264,"47":0.6272727251,"48":0.6409090757,"49":0.6499999762,"50":0.6363636255,"51":0.6318181753,"52":0.6409090757,"53":0.6318181753,"54":0.6409090757,"55":0.5954545736,"56":0.6363636255,"57":0.6318181753,"58":0.5954545736,"59":0.6181818247,"60":0.6181818247,"61":0.6181818247,"62":0.6499999762,"63":0.6000000238,"64":0.5909090638,"65":0.6227272749},"val_auc":{"0":0.6985536814,"1":0.6814462543,"2":0.7008677721,"3":0.7008678913,"4":0.7026445866,"5":0.6947107315,"6":0.6889669895,"7":0.6946281195,"8":0.7058264017,"9":0.7177685499,"10":0.7104545832,"11":0.7067354918,"12":0.7153306007,"13":0.7166528702,"14":0.7065289021,"15":0.7122727633,"16":0.7044215202,"17":0.7139669657,"18":0.7075207233,"19":0.7055372596,"20":0.6973967552,"21":0.6819422245,"22":0.7019834518,"23":0.7006611824,"24":0.7136776447,"25":0.697314024,"26":0.722520709,"27":0.698553741,"28":0.7017768025,"29":0.6786776781,"30":0.676363647,"31":0.7084710598,"32":0.6642562151,"33":0.6861983538,"34":0.6878925562,"35":0.6638842821,"36":0.6965702772,"37":0.6750413179,"38":0.6568182111,"39":0.6568595171,"40":0.7015702724,"41":0.6392148733,"42":0.6831404567,"43":0.6902893186,"44":0.6893801689,"45":0.6664049625,"46":0.6751652956,"47":0.6980578899,"48":0.6766116023,"49":0.6873967648,"50":0.6933057904,"51":0.6804958582,"52":0.6988016367,"53":0.6833058596,"54":0.7085123658,"55":0.6556611657,"56":0.6740909815,"57":0.6647521257,"58":0.6484710574,"59":0.6594215035,"60":0.6601653099,"61":0.6717767715,"62":0.6917768717,"63":0.6517355442,"64":0.6351653337,"65":0.6649999619}}