{"loss":{"0":65.729309082,"1":61.3442459106,"2":57.2799186707,"3":53.464805603,"4":49.8860359192,"5":46.5192642212,"6":43.3749275208,"7":40.4305343628,"8":37.6663246155,"9":35.0693588257,"10":32.5881500244,"11":30.2876358032,"12":28.1213321686,"13":26.0934295654,"14":24.1999320984,"15":22.3978252411,"16":20.7918739319,"17":19.2168655396,"18":17.7925853729,"19":16.4113788605,"20":15.1584682465,"21":13.9656915665,"22":12.8728113174,"23":11.8805627823,"24":10.9184894562,"25":10.030755043,"26":9.2176523209,"27":8.4425706863,"28":7.7375102043,"29":7.0780467987,"30":6.4825034142,"31":5.9194655418,"32":5.39904356,"33":4.9177613258,"34":4.4804244041,"35":4.0725722313,"36":3.6935732365,"37":3.3632962704,"38":3.0423207283,"39":2.7670407295,"40":2.496171236,"41":2.252604723,"42":2.0454394817,"43":1.8487721682,"44":1.6699705124,"45":1.5215610266,"46":1.3809826374,"47":1.2230098248,"48":1.1099938154,"49":0.9876385927,"50":0.9050491452,"51":0.8167119622},"acc":{"0":0.510227263,"1":0.5284090638,"2":0.5238636136,"3":0.5443181992,"4":0.5943182111,"5":0.6068181992,"6":0.6397727132,"7":0.635227263,"8":0.6602272987,"9":0.6647727489,"10":0.7170454264,"11":0.7318181992,"12":0.7795454264,"13":0.7897727489,"14":0.8090909123,"15":0.8500000238,"16":0.822727263,"17":0.8659090996,"18":0.8625000119,"19":0.8818181753,"20":0.8988636136,"21":0.9227272868,"22":0.9181818366,"23":0.9034090638,"24":0.9261363745,"25":0.9340909123,"26":0.927272737,"27":0.9511363506,"28":0.9465909004,"29":0.9443181753,"30":0.9363636374,"31":0.9454545379,"32":0.9499999881,"33":0.9568181634,"34":0.9647727013,"35":0.9590908885,"36":0.9624999762,"37":0.9613636136,"38":0.9704545736,"39":0.9636363387,"40":0.9693182111,"41":0.9738636613,"42":0.9647727013,"43":0.9670454264,"44":0.9738636613,"45":0.9670454264,"46":0.9545454383,"47":0.9761363864,"48":0.9693182111,"49":0.9863636494,"50":0.9761363864,"51":0.9772727489},"auc":{"0":0.6135336161,"1":0.640444994,"2":0.6538282633,"3":0.6836708784,"4":0.7074881792,"5":0.7202852368,"6":0.7279737592,"7":0.7514449358,"8":0.761669755,"9":0.7679042816,"10":0.8330208659,"11":0.8532559872,"12":0.8777034283,"13":0.899785161,"14":0.9075227976,"15":0.9411721826,"16":0.924720645,"17":0.9501186013,"18":0.9404206276,"19":0.9618799686,"20":0.9638143778,"21":0.9779828191,"22":0.9796847105,"23":0.9698165059,"24":0.9789693952,"25":0.9819188714,"26":0.9799998999,"27":0.9863843918,"28":0.9871486425,"29":0.989287138,"30":0.9874379635,"31":0.9897081852,"32":0.9912267327,"33":0.9924250841,"34":0.9919240475,"35":0.9941916466,"36":0.9947596788,"37":0.992264986,"38":0.9958238602,"39":0.9930474162,"40":0.996389389,"41":0.9965677261,"42":0.9954468012,"43":0.9962422848,"44":0.995387435,"45":0.9925851822,"46":0.9936285019,"47":0.9972623587,"48":0.9964101315,"49":0.999245882,"50":0.9975414276,"51":0.9967097044},"val_loss":{"0":63.267539978,"1":59.2734565735,"2":55.380191803,"3":51.7002677917,"4":48.2965164185,"5":45.0753898621,"6":42.1344070435,"7":39.2851486206,"8":36.7830352783,"9":34.2861328125,"10":32.0731430054,"11":29.880563736,"12":27.8858623505,"13":26.2589244843,"14":24.4755821228,"15":23.2196769714,"16":21.7132167816,"17":21.1198005676,"18":20.2562561035,"19":19.4499473572,"20":19.1229934692,"21":18.0191822052,"22":17.6714630127,"23":16.8312072754,"24":16.0276584625,"25":14.9982919693,"26":14.9209957123,"27":13.7678136826,"28":13.0919513702,"29":11.7888774872,"30":11.4715185165,"31":11.0928249359,"32":10.3127565384,"33":10.1298875809,"34":9.2614145279,"35":8.1911392212,"36":8.1860370636,"37":8.2178010941,"38":7.2404875755,"39":7.3028860092,"40":6.7441911697,"41":6.1913633347,"42":6.200981617,"43":5.9616189003,"44":5.8517956734,"45":5.8088722229,"46":4.9611930847,"47":5.1786003113,"48":4.2832765579,"49":4.7673149109,"50":4.5243973732,"51":5.0689401627},"val_acc":{"0":0.5590909123,"1":0.5090909004,"2":0.5090909004,"3":0.5090909004,"4":0.5090909004,"5":0.5090909004,"6":0.5090909004,"7":0.5090909004,"8":0.5090909004,"9":0.5090909004,"10":0.5090909004,"11":0.5090909004,"12":0.5090909004,"13":0.5090909004,"14":0.5090909004,"15":0.5090909004,"16":0.5090909004,"17":0.5090909004,"18":0.5090909004,"19":0.5090909004,"20":0.5090909004,"21":0.5090909004,"22":0.5090909004,"23":0.5090909004,"24":0.5090909004,"25":0.5090909004,"26":0.5090909004,"27":0.5090909004,"28":0.5090909004,"29":0.5090909004,"30":0.5090909004,"31":0.5090909004,"32":0.5090909004,"33":0.5090909004,"34":0.5090909004,"35":0.5090909004,"36":0.5090909004,"37":0.5090909004,"38":0.5090909004,"39":0.5090909004,"40":0.5090909004,"41":0.5090909004,"42":0.5090909004,"43":0.5090909004,"44":0.5090909004,"45":0.5090909004,"46":0.5090909004,"47":0.5090909004,"48":0.5090909004,"49":0.5090909004,"50":0.5136363506,"51":0.5090909004},"val_auc":{"0":0.6758845448,"1":0.6520336866,"2":0.6704282761,"3":0.6665014029,"4":0.6455440521,"5":0.6485202312,"6":0.6593089104,"7":0.6661293507,"8":0.6457092762,"9":0.6748511791,"10":0.6591020823,"11":0.6956845522,"12":0.7010582089,"13":0.6872520447,"14":0.7255291343,"15":0.6972139478,"16":0.747685194,"17":0.5711392164,"18":0.5192625523,"19":0.5138888955,"20":0.5,"21":0.5,"22":0.5,"23":0.5,"24":0.5,"25":0.5,"26":0.5,"27":0.5,"28":0.5,"29":0.5,"30":0.5,"31":0.5,"32":0.5092592239,"33":0.5,"34":0.5138888955,"35":0.5328207016,"36":0.527777791,"37":0.5138888955,"38":0.5286045074,"39":0.527777791,"40":0.5283977985,"41":0.5385664701,"42":0.5288112164,"43":0.5295552015,"44":0.521122694,"45":0.5017774701,"46":0.5451388955,"47":0.5047123432,"48":0.6075975895,"49":0.5512979031,"50":0.5574569702,"51":0.5134341717}}