{"loss":{"0":50.763168335,"1":47.3125534058,"2":44.0927581787,"3":41.0701637268,"4":38.2495689392,"5":35.5776367188,"6":33.0631256104,"7":30.7075977325,"8":28.4815483093,"9":26.3826141357,"10":24.4053821564,"11":22.5513820648,"12":20.7992286682,"13":19.1590156555,"14":17.6059322357,"15":16.1555271149,"16":14.8053636551,"17":13.5230903625,"18":12.342959404,"19":11.2267427444,"20":10.2015657425,"21":9.231757164,"22":8.3453960419,"23":7.5201086998,"24":6.7539644241,"25":6.0641355515,"26":5.4215993881,"27":4.8298845291,"28":4.3027591705,"29":3.8089857101,"30":3.3794140816,"31":2.9911324978,"32":2.6325109005,"33":2.3235001564,"34":2.0528593063,"35":1.8038022518,"36":1.6006827354,"37":1.4136065245,"38":1.2586479187,"39":1.1159999371,"40":1.012814641,"41":0.9107099175,"42":0.841942668,"43":0.7722390294,"44":0.7260081172,"45":0.6863468289,"46":0.6564506292,"47":0.6340559125,"48":0.6216369271,"49":0.604844749,"50":0.5947721601,"51":0.5939780474,"52":0.5812861919,"53":0.5847845078,"54":0.5779264569,"55":0.5814029574,"56":0.5778771639,"57":0.576548636},"acc":{"0":0.4453772306,"1":0.4726209044,"2":0.5007853508,"3":0.5304663181,"4":0.5436819792,"5":0.5670259595,"6":0.5888533592,"7":0.6062394977,"8":0.6189676523,"9":0.6408492923,"10":0.6540648937,"11":0.6630558372,"12":0.6761089563,"13":0.6778963208,"14":0.6917619109,"15":0.6956616044,"16":0.6982071996,"17":0.7054649591,"18":0.701456964,"19":0.7102854252,"20":0.7101771235,"21":0.7133185267,"22":0.7184639573,"23":0.7189514041,"24":0.7238260508,"25":0.7243676782,"26":0.7245301604,"27":0.7274007201,"28":0.7306504846,"29":0.7334127426,"30":0.7321670651,"31":0.731842041,"32":0.7334127426,"33":0.7324920297,"34":0.7350376248,"35":0.7380707264,"36":0.7399663925,"37":0.7361208797,"38":0.7377999425,"39":0.7403997183,"40":0.7392622828,"41":0.7439744473,"42":0.741753757,"43":0.7461409569,"44":0.7451118231,"45":0.7485240698,"46":0.7456534505,"47":0.7485240698,"48":0.7453826666,"49":0.7503114343,"50":0.752261281,"51":0.75074476,"52":0.7564317584,"53":0.7496615052,"54":0.7519363165,"55":0.7522071004,"56":0.7518279552,"57":0.7525862455},"auc":{"0":0.5527437925,"1":0.565346837,"2":0.5712703466,"3":0.5759640932,"4":0.5573698282,"5":0.574293673,"6":0.5723962784,"7":0.5727834702,"8":0.5669047832,"9":0.5754462481,"10":0.5743999481,"11":0.5712795258,"12":0.5785586834,"13":0.5771618485,"14":0.586789906,"15":0.5879765749,"16":0.5814893246,"17":0.5936959386,"18":0.5856567025,"19":0.5957525373,"20":0.5867123008,"21":0.5972626209,"22":0.5920841098,"23":0.5949346423,"24":0.6028488278,"25":0.5951152444,"26":0.5988820195,"27":0.607986629,"28":0.6027186513,"29":0.6137769222,"30":0.604275465,"31":0.6073262691,"32":0.6150044203,"33":0.6143349409,"34":0.6059947014,"35":0.6122994423,"36":0.606362462,"37":0.6116631627,"38":0.6085598469,"39":0.6147567034,"40":0.6116228104,"41":0.6201765537,"42":0.6111570597,"43":0.6182979345,"44":0.6177099943,"45":0.6163973212,"46":0.6213949919,"47":0.6224671602,"48":0.6210321188,"49":0.6250831485,"50":0.6267617941,"51":0.6209973097,"52":0.6323418021,"53":0.6290076971,"54":0.6300382614,"55":0.628049612,"56":0.6299097538,"57":0.6310617328},"val_loss":{"0":48.9520797729,"1":45.7358627319,"2":42.5935287476,"3":39.5864753723,"4":36.8185577393,"5":34.188117981,"6":31.7636013031,"7":29.433965683,"8":27.2648849487,"9":25.2183914185,"10":23.3062267303,"11":21.5131835938,"12":19.8087692261,"13":18.2227745056,"14":16.7254962921,"15":15.3268146515,"16":14.0223016739,"17":12.7903022766,"18":11.6443977356,"19":10.5751619339,"20":9.5831546783,"21":8.6622753143,"22":7.8075046539,"23":7.0186839104,"24":6.2927889824,"25":5.6276798248,"26":5.0186281204,"27":4.4644737244,"28":3.957785368,"29":3.5008485317,"30":3.0917959213,"31":2.7213926315,"32":2.3931086063,"33":2.1012296677,"34":1.8436675072,"35":1.6206371784,"36":1.4250971079,"37":1.2570046186,"38":1.1135873795,"39":0.9930295944,"40":0.8934130669,"41":0.8135311604,"42":0.7397078872,"43":0.6894495487,"44":0.643941462,"45":0.6114091873,"46":0.587285161,"47":0.5701224208,"48":0.5604745746,"49":0.5478987694,"50":0.5440010428,"51":0.5418407321,"52":0.5571526289,"53":0.5366512537,"54":0.5339093208,"55":0.533829093,"56":0.5344460011,"57":0.5362603068},"val_acc":{"0":0.241551131,"1":0.241551131,"2":0.2432842255,"3":0.2705805898,"4":0.5071490407,"5":0.5866551399,"6":0.620233953,"7":0.6832755804,"8":0.7133882046,"9":0.7387348413,"10":0.7497833371,"11":0.7502166629,"12":0.7595320344,"13":0.7610485554,"14":0.7638648152,"15":0.7634315491,"16":0.7629982829,"17":0.7645147443,"18":0.7640814781,"19":0.7638648152,"20":0.7638648152,"21":0.7649480104,"22":0.7636481524,"23":0.7653812766,"24":0.7677642703,"25":0.7686308622,"26":0.7686308622,"27":0.7679809332,"28":0.7681975961,"29":0.7679809332,"30":0.7660312057,"31":0.7681975961,"32":0.7684141994,"33":0.7684141994,"34":0.7684141994,"35":0.7677642703,"36":0.7673310041,"37":0.767547667,"38":0.7671144009,"39":0.767547667,"40":0.767547667,"41":0.7688474655,"42":0.7679809332,"43":0.7681975961,"44":0.7688474655,"45":0.7684141994,"46":0.7688474655,"47":0.7705805898,"48":0.7697140574,"49":0.7684141994,"50":0.7684141994,"51":0.7692807913,"52":0.7677642703,"53":0.7688474655,"54":0.7684141994,"55":0.7701473236,"56":0.7705805898,"57":0.7707972527},"val_auc":{"0":0.6565903425,"1":0.6590351462,"2":0.6597886086,"3":0.6522075534,"4":0.6625164747,"5":0.6601017118,"6":0.6628285646,"7":0.6638739705,"8":0.6634144783,"9":0.6647654772,"10":0.6649386883,"11":0.6656186581,"12":0.6655060649,"13":0.6660900116,"14":0.666674614,"15":0.6673077345,"16":0.666915834,"17":0.6669315696,"18":0.6670305729,"19":0.6671875715,"20":0.6675390601,"21":0.6677749157,"22":0.6682823896,"23":0.6680828929,"24":0.6689116359,"25":0.6689711213,"26":0.6691408157,"27":0.6696474552,"28":0.6696563959,"29":0.6698282361,"30":0.6692692041,"31":0.6698009968,"32":0.6698081493,"33":0.6701039076,"34":0.6704846621,"35":0.669831872,"36":0.6700975895,"37":0.6703666449,"38":0.670615077,"39":0.6703929901,"40":0.6700879931,"41":0.6693712473,"42":0.6713833213,"43":0.6698763967,"44":0.6721431017,"45":0.6714334488,"46":0.6726526022,"47":0.6743879914,"48":0.6728020906,"49":0.6741604805,"50":0.6735311747,"51":0.6746632457,"52":0.6724182367,"53":0.6725472808,"54":0.6760265827,"55":0.6748404503,"56":0.6724544764,"57":0.6717817783}}