{"loss":{"0":52.2978782654,"1":48.7761611938,"2":45.485622406,"3":42.3886756897,"4":39.4853820801,"5":36.7452964783,"6":34.1663970947,"7":31.7404327393,"8":29.4442939758,"9":27.2887268066,"10":25.2606010437,"11":23.3489265442,"12":21.540140152,"13":19.8392887115,"14":18.2424259186,"15":16.7477931976,"16":15.3435268402,"17":14.0279436111,"18":12.7884044647,"19":11.6432962418,"20":10.5768985748,"21":9.5733747482,"22":8.6524324417,"23":7.7899837494,"24":7.0077185631,"25":6.2733750343,"26":5.6145730019,"27":5.0059819221,"28":4.4450411797,"29":3.9425873756,"30":3.4866034985,"31":3.0705337524,"32":2.7095165253,"33":2.3790442944,"34":2.0891282558,"35":1.8367067575,"36":1.61574018,"37":1.425413847,"38":1.2610994577,"39":1.1160794497,"40":1.0018556118,"41":0.8966776729,"42":0.8188452125,"43":0.7566572428,"44":0.7046592832,"45":0.6658676863,"46":0.6300042272,"47":0.608053863,"48":0.5916289091,"49":0.5806586146,"50":0.5656687617,"51":0.5637053847,"52":0.5594131947,"53":0.5590997338,"54":0.5551060438,"55":0.5570258498,"56":0.552392602,"57":0.5510754585,"58":0.5521600246,"59":0.5471416712,"60":0.5517171621,"61":0.5454870462,"62":0.5473164916,"63":0.5483397245,"64":0.5482607484},"acc":{"0":0.3700915277,"1":0.3964686096,"2":0.4272328317,"3":0.4614093006,"4":0.4915777445,"5":0.515896678,"6":0.5476357937,"7":0.5705465078,"8":0.5993608832,"9":0.6125764847,"10":0.6318582892,"11":0.6420950294,"12":0.6554731131,"13":0.6716135144,"14":0.6791420579,"15":0.6889454722,"16":0.6989113092,"17":0.7055733204,"18":0.7126144171,"19":0.7135351896,"20":0.7159724832,"21":0.7268049717,"22":0.7242593169,"23":0.7334127426,"24":0.7310296297,"25":0.7374207973,"26":0.7387748361,"27":0.7396956086,"28":0.7419162393,"29":0.7384498715,"30":0.7431078553,"31":0.745978415,"32":0.7451118231,"33":0.7477657795,"34":0.7479824424,"35":0.7514488697,"36":0.7503656149,"37":0.7480908036,"38":0.7531278729,"39":0.751611352,"40":0.7535611987,"41":0.7536695004,"42":0.7563234568,"43":0.7548610568,"44":0.7576774955,"45":0.7566484213,"46":0.756485939,"47":0.7561067939,"48":0.7578941584,"49":0.7564317584,"50":0.7609814405,"51":0.7589774132,"52":0.7612522244,"53":0.7624979615,"54":0.7637436986,"55":0.7608730793,"56":0.7629854083,"57":0.7638520002,"58":0.7646102905,"59":0.7632020712,"60":0.7641770244,"61":0.7667768002,"62":0.7651519179,"63":0.7654768825,"64":0.7677516937},"auc":{"0":0.5729826689,"1":0.5824546218,"2":0.5773347616,"3":0.5824686289,"4":0.5819257498,"5":0.5870696902,"6":0.5840523243,"7":0.5755338669,"8":0.5859972239,"9":0.5760514736,"10":0.5791717768,"11":0.5727488399,"12":0.5779237747,"13":0.5853273869,"14":0.5861731768,"15":0.5850982666,"16":0.5855967999,"17":0.5846915245,"18":0.5984078646,"19":0.5904229879,"20":0.5930840969,"21":0.5975024104,"22":0.5961108804,"23":0.6063907743,"24":0.6026462317,"25":0.6091393232,"26":0.6013447046,"27":0.6039861441,"28":0.6106980443,"29":0.6097798347,"30":0.6103638411,"31":0.6176986694,"32":0.613899231,"33":0.6141226292,"34":0.620451808,"35":0.6149513721,"36":0.6157167554,"37":0.6114506721,"38":0.6112517118,"39":0.6179051399,"40":0.6166988611,"41":0.6244602203,"42":0.6211577654,"43":0.6223469973,"44":0.6191827059,"45":0.6178517342,"46":0.6281136274,"47":0.6276705265,"48":0.6278674603,"49":0.6276308298,"50":0.6379446387,"51":0.6330475211,"52":0.636285305,"53":0.6278116107,"54":0.6331493855,"55":0.6282378435,"56":0.6364244223,"57":0.6355878115,"58":0.635712266,"59":0.642300427,"60":0.6337321997,"61":0.6399915218,"62":0.6351760626,"63":0.6361834407,"64":0.6304723024},"val_loss":{"0":50.9243774414,"1":47.6050720215,"2":44.5147361755,"3":41.5013961792,"4":38.6647911072,"5":35.8725090027,"6":33.2617645264,"7":30.7338809967,"8":28.4397907257,"9":26.2912750244,"10":24.2656764984,"11":22.3920631409,"12":20.625541687,"13":18.961648941,"14":17.4126243591,"15":15.9590854645,"16":14.5905666351,"17":13.3123855591,"18":12.1369380951,"19":11.0203237534,"20":9.9826507568,"21":9.0266885757,"22":8.1408319473,"23":7.3235630989,"24":6.5681171417,"25":5.8711071014,"26":5.2347698212,"27":4.6511673927,"28":4.1248130798,"29":3.638815403,"30":3.2091782093,"31":2.8197956085,"32":2.4767811298,"33":2.1680111885,"34":1.897639513,"35":1.6610168219,"36":1.4562853575,"37":1.2786915302,"38":1.1293709278,"39":1.0018917322,"40":0.8949220181,"41":0.8078628778,"42":0.735172987,"43":0.6790578961,"44":0.6338550448,"45":0.6012735963,"46":0.5739911795,"47":0.5564246178,"48":0.5420609713,"49":0.5333229303,"50":0.5269572735,"51":0.5230463147,"52":0.5205598474,"53":0.5203045607,"54":0.518132627,"55":0.5239270329,"56":0.5171316862,"57":0.516048491,"58":0.5223861933,"59":0.5173722506,"60":0.5158165693,"61":0.5149982572,"62":0.5184079409,"63":0.5161445141,"64":0.5152658224},"val_acc":{"0":0.2422010452,"1":0.2422010452,"2":0.2422010452,"3":0.2422010452,"4":0.2422010452,"5":0.2422010452,"6":0.2422010452,"7":0.2422010452,"8":0.2441507727,"9":0.3964471519,"10":0.6100519896,"11":0.676343143,"12":0.7175043225,"13":0.7400346398,"14":0.7443674207,"15":0.7510831952,"16":0.7560658455,"17":0.7666811347,"18":0.7554159164,"19":0.7658145428,"20":0.7660312057,"21":0.7658145428,"22":0.7634315491,"23":0.7571490407,"24":0.7625650167,"25":0.7662478089,"26":0.7673310041,"27":0.7677642703,"28":0.767547667,"29":0.7690641284,"30":0.7697140574,"31":0.7692807913,"32":0.7690641284,"33":0.7705805898,"34":0.7712305188,"35":0.7705805898,"36":0.7705805898,"37":0.7714471221,"38":0.7712305188,"39":0.7707972527,"40":0.7712305188,"41":0.7712305188,"42":0.772313714,"43":0.7718803883,"44":0.7720970511,"45":0.7707972527,"46":0.7712305188,"47":0.7733969092,"48":0.7725303173,"49":0.7714471221,"50":0.7712305188,"51":0.771663785,"52":0.7727469802,"53":0.7686308622,"54":0.7705805898,"55":0.7738301754,"56":0.7731802464,"57":0.771663785,"58":0.7727469802,"59":0.7718803883,"60":0.7725303173,"61":0.7738301754,"62":0.7699306607,"63":0.7731802464,"64":0.7733969092},"val_auc":{"0":0.6787854433,"1":0.672062397,"2":0.6637409925,"3":0.674693048,"4":0.6671122313,"5":0.6634349823,"6":0.671746254,"7":0.6708663702,"8":0.6662383676,"9":0.6723935604,"10":0.6711820364,"11":0.6783609986,"12":0.6787941456,"13":0.6788798571,"14":0.6794707775,"15":0.6797940135,"16":0.6822980642,"17":0.6820189953,"18":0.6831271648,"19":0.6830558181,"20":0.6827279329,"21":0.683032155,"22":0.6829621196,"23":0.683185339,"24":0.6831912994,"25":0.6841483116,"26":0.683939755,"27":0.6837525368,"28":0.6841453314,"29":0.684491992,"30":0.6845937371,"31":0.6845583916,"32":0.6843591928,"33":0.6843911409,"34":0.6850206256,"35":0.6851556301,"36":0.6848392487,"37":0.6862516403,"38":0.6860115528,"39":0.6857216358,"40":0.6861109734,"41":0.6860996485,"42":0.6867440343,"43":0.6868193746,"44":0.6872175932,"45":0.6862561703,"46":0.6878708601,"47":0.6878302097,"48":0.6886662245,"49":0.6892652512,"50":0.6897426844,"51":0.6895772219,"52":0.69059515,"53":0.690808773,"54":0.6902070045,"55":0.6899311543,"56":0.6926735044,"57":0.6931263208,"58":0.6911876202,"59":0.6925461292,"60":0.6911479235,"61":0.6925724149,"62":0.6920195222,"63":0.6954721212,"64":0.6954615116}}