,loss,acc,auc,val_loss,val_acc,val_auc
0,35.286415100097656,0.6949033141136169,0.6365677118301392,14.749008178710938,0.6969237327575684,0.7206987142562866
1,6.865161895751953,0.7801548838615417,0.712256908416748,2.464643716812134,0.6921576857566833,0.6989331245422363
2,1.124635934829712,0.7977576851844788,0.7607898712158203,0.7283700704574585,0.6854419708251953,0.7609227895736694
3,0.4776493310928345,0.8099983930587769,0.7914513349533081,0.5349025130271912,0.7424176931381226,0.7491333484649658
4,0.4345744252204895,0.8187184929847717,0.8104046583175659,0.7362112402915955,0.620233952999115,0.7895039916038513
5,0.4148227870464325,0.8242430686950684,0.8284338712692261,0.6505842804908752,0.6670277118682861,0.7993571758270264
6,0.3971215486526489,0.8315550088882446,0.8452202081680298,0.6388132572174072,0.6696273684501648,0.7944784164428711
