{"loss":{"0":35.6472396851,"1":6.9615015984,"2":1.1362342834,"3":0.477424562,"4":0.4301877022,"5":0.4127015471,"6":0.3985052109,"7":0.3827295005,"8":0.3667171896,"9":0.3540242612,"10":0.3412006199,"11":0.325473994,"12":0.313444674,"13":0.3016421497,"14":0.2919586897,"15":0.2806331813,"16":0.2648270428,"17":0.2548817396,"18":0.2492839098},"acc":{"0":0.6335373521,"1":0.7815089822,"2":0.8046904802,"3":0.8174727559,"4":0.8248930573,"5":0.8312300444,"6":0.8365920782,"7":0.8405459523,"8":0.8494285941,"9":0.8544656634,"10":0.8603693843,"11":0.8656772971,"12":0.872826755,"13":0.8769430518,"14":0.8808427453,"15":0.8854465485,"16":0.8934625983,"17":0.8989329934,"18":0.9007745385},"auc":{"0":0.6175712347,"1":0.7148643136,"2":0.7693885565,"3":0.799115181,"4":0.8168445826,"5":0.8287910223,"6":0.8417795897,"7":0.8560107946,"8":0.8697599173,"9":0.8785999417,"10":0.8879066706,"11":0.8987586498,"12":0.9064975977,"13":0.9150872231,"14":0.9199341536,"15":0.9273754358,"16":0.9355100393,"17":0.9405394197,"18":0.9434171915},"val_loss":{"0":14.8938865662,"1":2.6673350334,"2":2.0828378201,"3":2.208435297,"4":1.9468200207,"5":1.3154999018,"6":0.9507530928,"7":0.7380487323,"8":0.6399772167,"9":0.5465287566,"10":0.5756796002,"11":0.5855183601,"12":0.4841056764,"13":0.5336378813,"14":0.5038801432,"15":0.4820689261,"16":0.5554764867,"17":0.5250307322,"18":0.5050414205},"val_acc":{"0":0.7047227025,"1":0.5145147443,"2":0.2478336245,"3":0.2406845689,"4":0.2406845689,"5":0.3002599776,"6":0.4813691378,"7":0.6061525345,"8":0.7064558268,"9":0.7655979395,"10":0.7508665323,"11":0.7443674207,"12":0.797227025,"13":0.7692807913,"14":0.7846620679,"15":0.7937608361,"16":0.7725303173,"17":0.7744800448,"18":0.7900779843},"val_auc":{"0":0.6708930731,"1":0.6920981407,"2":0.731590867,"3":0.7847979665,"4":0.7659432888,"5":0.7869305015,"6":0.7841567397,"7":0.7852362394,"8":0.8002844453,"9":0.7952198982,"10":0.7991896868,"11":0.8061282635,"12":0.7936546206,"13":0.7891641259,"14":0.7884494066,"15":0.7959429026,"16":0.7928563356,"17":0.7937430143,"18":0.7897238731}}