{"loss":{"0":35.9289016724,"1":7.076066494,"2":1.1673629284,"3":0.4835287631,"4":0.433021307,"5":0.4088003635},"acc":{"0":0.6646265388,"1":0.774197042,"2":0.7892541885,"3":0.8095650673,"4":0.818664372,"5":0.8261387348},"auc":{"0":0.6182792187,"1":0.6937781572,"2":0.744525671,"3":0.7880199552,"4":0.8125590682,"5":0.833876729},"val_loss":{"0":15.0814437866,"1":2.5191016197,"2":0.8370947838,"3":1.161871314,"4":1.0596510172,"5":1.0014023781},"val_acc":{"0":0.7532495856,"1":0.7445840836,"2":0.6076689959,"3":0.3459705412,"4":0.3006932437,"5":0.4473570287},"val_auc":{"0":0.676748395,"1":0.7415198088,"2":0.7596016526,"3":0.7616899014,"4":0.7820395231,"5":0.7885251641}}