{"loss":{"0":35.476776123,"1":6.9397864342,"2":1.1445146799,"3":0.4853847325,"4":0.4381598532,"5":0.4222901762},"acc":{"0":0.5857661366,"1":0.7787466645,"2":0.7979743481,"3":0.808806777,"4":0.818718493,"5":0.8231056929},"auc":{"0":0.6163939834,"1":0.7131635547,"2":0.7631673813,"3":0.7900701165,"4":0.8109741807,"5":0.8241814971},"val_loss":{"0":15.1505784988,"1":2.7184274197,"2":0.9431089759,"3":1.1519109011,"4":1.0333462954,"5":1.0310025215},"val_acc":{"0":0.26278162,"1":0.3355719149,"2":0.4324090183,"3":0.2783795595,"4":0.331455797,"5":0.3529029489},"val_auc":{"0":0.642713666,"1":0.7226835489,"2":0.7585927248,"3":0.7594925165,"4":0.7795350552,"5":0.7787256837}}