,loss,acc,auc,val_loss,val_acc,val_auc
0,35.537200927734375,0.7265341281890869,0.6336327791213989,14.948025703430176,0.6759098768234253,0.7104464769363403
1,6.980377674102783,0.78578782081604,0.7354092597961426,2.495549201965332,0.7279029488563538,0.7369062900543213
2,1.1524646282196045,0.8022531270980835,0.772119402885437,0.610246479511261,0.7933275699615479,0.7706741094589233
3,0.48446381092071533,0.8114066123962402,0.7958484888076782,0.5206153392791748,0.7675476670265198,0.7645094394683838
4,0.43561214208602905,0.819639265537262,0.8180888891220093,0.508152186870575,0.773396909236908,0.7892211079597473
5,0.4141104519367218,0.8273303508758545,0.8331215381622314,0.4716501235961914,0.7902946472167969,0.7979733943939209
6,0.3958769142627716,0.8346964120864868,0.8469172716140747,0.5016594529151917,0.7640814781188965,0.7651655673980713
7,0.3742886483669281,0.8445539474487305,0.8640495538711548,0.5516591668128967,0.7372183799743652,0.7646068334579468
8,0.36313343048095703,0.8502951860427856,0.8729552030563354,0.47972145676612854,0.8061091899871826,0.789873480796814
