,loss,acc,auc,val_loss,val_acc,val_auc
0,35.476776123046875,0.5857661366462708,0.6163939833641052,15.150578498840332,0.26278162002563477,0.6427136659622192
1,6.939786434173584,0.7787466645240784,0.7131635546684265,2.7184274196624756,0.33557191491127014,0.7226835489273071
2,1.1445146799087524,0.7979743480682373,0.7631673812866211,0.9431089758872986,0.43240901827812195,0.7585927248001099
3,0.4853847324848175,0.8088067770004272,0.790070116519928,1.1519109010696411,0.27837955951690674,0.7594925165176392
4,0.43815985321998596,0.8187184929847717,0.8109741806983948,1.0333462953567505,0.331455796957016,0.7795350551605225
5,0.422290176153183,0.8231056928634644,0.8241814970970154,1.0310025215148926,0.35290294885635376,0.7787256836891174
