{"loss":{"0":35.5372009277,"1":6.9803776741,"2":1.1524646282,"3":0.4844638109,"4":0.4356121421,"5":0.4141104519,"6":0.3958769143,"7":0.3742886484,"8":0.3631334305},"acc":{"0":0.7265341282,"1":0.7857878208,"2":0.8022531271,"3":0.8114066124,"4":0.8196392655,"5":0.8273303509,"6":0.8346964121,"7":0.8445539474,"8":0.850295186},"auc":{"0":0.6336327791,"1":0.7354092598,"2":0.7721194029,"3":0.7958484888,"4":0.8180888891,"5":0.8331215382,"6":0.8469172716,"7":0.8640495539,"8":0.8729552031},"val_loss":{"0":14.9480257034,"1":2.495549202,"2":0.6102464795,"3":0.5206153393,"4":0.5081521869,"5":0.4716501236,"6":0.5016594529,"7":0.5516591668,"8":0.4797214568},"val_acc":{"0":0.6759098768,"1":0.7279029489,"2":0.79332757,"3":0.767547667,"4":0.7733969092,"5":0.7902946472,"6":0.7640814781,"7":0.73721838,"8":0.80610919},"val_auc":{"0":0.7104464769,"1":0.7369062901,"2":0.7706741095,"3":0.7645094395,"4":0.789221108,"5":0.7979733944,"6":0.7651655674,"7":0.7646068335,"8":0.7898734808}}