,loss,acc,auc,val_loss,val_acc,val_auc
0,35.92890167236328,0.6646265387535095,0.618279218673706,15.081443786621094,0.7532495856285095,0.6767483949661255
1,7.076066493988037,0.7741970419883728,0.6937781572341919,2.519101619720459,0.7445840835571289,0.7415198087692261
2,1.167362928390503,0.7892541885375977,0.744525671005249,0.837094783782959,0.6076689958572388,0.7596016526222229
3,0.4835287630558014,0.8095650672912598,0.7880199551582336,1.161871314048767,0.3459705412387848,0.7616899013519287
4,0.43302130699157715,0.8186643719673157,0.8125590682029724,1.0596510171890259,0.30069324374198914,0.7820395231246948
5,0.4088003635406494,0.8261387348175049,0.8338767290115356,1.0014023780822754,0.44735702872276306,0.7885251641273499
