{"loss":{"0":35.2864151001,"1":6.8651618958,"2":1.1246359348,"3":0.4776493311,"4":0.4345744252,"5":0.414822787,"6":0.3971215487},"acc":{"0":0.6949033141,"1":0.7801548839,"2":0.7977576852,"3":0.8099983931,"4":0.818718493,"5":0.8242430687,"6":0.8315550089},"auc":{"0":0.6365677118,"1":0.7122569084,"2":0.7607898712,"3":0.791451335,"4":0.8104046583,"5":0.8284338713,"6":0.8452202082},"val_loss":{"0":14.7490081787,"1":2.4646437168,"2":0.7283700705,"3":0.534902513,"4":0.7362112403,"5":0.6505842805,"6":0.6388132572},"val_acc":{"0":0.6969237328,"1":0.6921576858,"2":0.6854419708,"3":0.7424176931,"4":0.620233953,"5":0.6670277119,"6":0.6696273685},"val_auc":{"0":0.7206987143,"1":0.6989331245,"2":0.7609227896,"3":0.7491333485,"4":0.7895039916,"5":0.7993571758,"6":0.7944784164}}