{"loss":{"0":2.067309618,"1":1.4321818352,"2":1.0948513746,"3":0.9810572267,"4":0.8408372402,"5":0.7691106796,"6":0.7293999195,"7":0.6920701861,"8":0.6409657001,"9":0.6505558491,"10":0.6423271298,"11":0.6079939008,"12":0.5916162729,"13":0.5755604506,"14":0.571006,"15":0.5575922132,"16":0.5307483077,"17":0.5328990221,"18":0.514609158,"19":0.5138494968,"20":0.5015738606,"21":0.5049530268,"22":0.4940577149,"23":0.4800130129,"24":0.4716905057,"25":0.4460458755,"26":0.4389387369,"27":0.4319337308,"28":0.4180437922,"29":0.4158571661},"acc":{"0":0.4544962049,"1":0.51977247,"2":0.5736728311,"3":0.5807150602,"4":0.6264896989,"5":0.6443662047,"6":0.6627843976,"7":0.6830986142,"8":0.6966413856,"9":0.7028710842,"10":0.7193932533,"11":0.7299566865,"12":0.7464788556,"13":0.744312048,"14":0.7630010843,"15":0.7616468072,"16":0.7741062045,"17":0.7689599395,"18":0.7857529521,"19":0.7906283736,"20":0.7879198194,"21":0.7944203615,"22":0.7906283736,"23":0.7998374701,"24":0.8047128916,"25":0.819068253,"26":0.818526566,"27":0.8290899396,"28":0.8296316266,"29":0.8271939158},"auc":{"0":0.543197155,"1":0.5557070971,"2":0.5628925562,"3":0.5377005339,"4":0.561773181,"5":0.5676878691,"6":0.5674155354,"7":0.5846776962,"8":0.6196593046,"9":0.6128635406,"10":0.6036869884,"11":0.6297433376,"12":0.6419574618,"13":0.6533609629,"14":0.6553633213,"15":0.6719615459,"16":0.6937752962,"17":0.6922416091,"18":0.7088154554,"19":0.7122329473,"20":0.7328355908,"21":0.7251002192,"22":0.7274925709,"23":0.7435922623,"24":0.7558252215,"25":0.7802920341,"26":0.790574193,"27":0.7950131893,"28":0.814253211,"29":0.8125392199},"val_loss":{"0":0.5971429348,"1":0.4897042811,"2":0.4871772528,"3":0.4850059748,"4":0.4761276245,"5":0.4831592739,"6":0.4685593843,"7":0.4630063176,"8":0.4522812665,"9":0.4612002373,"10":0.4441848695,"11":0.4393197596,"12":0.4268525243,"13":0.4281829894,"14":0.4175905287,"15":0.4147201478,"16":0.418841809,"17":0.4067479372,"18":0.411999613,"19":0.4060576856,"20":0.4037374556,"21":0.3975033462,"22":0.3956160843,"23":0.3904763162,"24":0.3902444839,"25":0.3908171356,"26":0.3894000053,"27":0.3921761811,"28":0.4039385319,"29":0.3936057389},"val_acc":{"0":0.6807359457,"1":0.7835497856,"2":0.7694805264,"3":0.7738095522,"4":0.7738095522,"5":0.7748917937,"6":0.7792207599,"7":0.7835497856,"8":0.7867965102,"9":0.7846320271,"10":0.7878788114,"11":0.7965368032,"12":0.8084415793,"13":0.8073592782,"14":0.8160173297,"15":0.8181818128,"16":0.813852787,"17":0.8300865889,"18":0.8268398046,"19":0.8354978561,"20":0.8387445807,"21":0.8365800977,"22":0.844155848,"23":0.8474025726,"24":0.8495671153,"25":0.8517315984,"26":0.8474025726,"27":0.8506493568,"28":0.8495671153,"29":0.8463203311},"val_auc":{"0":0.6934047937,"1":0.7139568925,"2":0.722725749,"3":0.7313802242,"4":0.7520467043,"5":0.7609593868,"6":0.7800468206,"7":0.7871776819,"8":0.7975746989,"9":0.8013509512,"10":0.8112609386,"11":0.81517452,"12":0.8165051937,"13":0.8203794956,"14":0.8208078146,"15":0.8250352144,"16":0.82457757,"17":0.8275103569,"18":0.825842917,"19":0.8278568983,"20":0.8281216621,"21":0.8299395442,"22":0.8293935657,"23":0.8312506676,"24":0.8328003883,"25":0.8311885595,"26":0.8337877989,"27":0.8298251629,"28":0.8282884359,"29":0.8280268908}}