{"loss":{"0":1.4986573458,"1":1.1448529959,"2":0.9822507501,"3":0.8647449613,"4":0.789381206,"5":0.7538816333,"6":0.7343453765,"7":0.7003349662,"8":0.6774684191,"9":0.6567992568,"10":0.6257002354,"11":0.617302835,"12":0.604428947,"13":0.5930694342,"14":0.5786713958,"15":0.5609109402,"16":0.5481922626,"17":0.5461739302,"18":0.5255676508,"19":0.5197532773,"20":0.4969967902,"21":0.5063999295,"22":0.4876793027,"23":0.4951968789,"24":0.4676288366,"25":0.4654469192,"26":0.4546096921,"27":0.443469137,"28":0.4409248829,"29":0.4329721034,"30":0.4101480544,"31":0.4047167599,"32":0.3882235587},"acc":{"0":0.539003253,"1":0.5807150602,"2":0.6099674702,"3":0.6251354218,"4":0.6457204819,"5":0.6503250003,"6":0.6625135541,"7":0.6747020483,"8":0.6844528913,"9":0.6825568676,"10":0.7055796385,"11":0.7085590363,"12":0.7150595784,"13":0.7199349999,"14":0.7386240363,"15":0.7380823493,"16":0.7456663251,"17":0.7451245785,"18":0.7578548193,"19":0.7651679516,"20":0.7762730122,"21":0.7695016265,"22":0.7765438557,"23":0.7816901207,"24":0.7857529521,"25":0.7900866866,"26":0.7900866866,"27":0.7982123494,"28":0.7984831929,"29":0.8095883131,"30":0.8209642768,"31":0.8215059638,"32":0.8347778916},"auc":{"0":0.4790958762,"1":0.5016988516,"2":0.5270760059,"3":0.530741334,"4":0.5333198309,"5":0.5347043276,"6":0.5398964882,"7":0.5524297953,"8":0.5779816508,"9":0.5765248537,"10":0.6008816957,"11":0.598842144,"12":0.6118606329,"13":0.620757103,"14":0.6347032785,"15":0.653657198,"16":0.6639466882,"17":0.6709375381,"18":0.6915856004,"19":0.7033772469,"20":0.7275130749,"21":0.7245144844,"22":0.7441933155,"23":0.735678196,"24":0.7659043074,"25":0.7766956091,"26":0.7885658145,"27":0.7986867428,"28":0.8047703505,"29":0.813313365,"30":0.8357473612,"31":0.8383505344,"32":0.8566750884},"val_loss":{"0":0.5443704724,"1":0.533141613,"2":0.5255228877,"3":0.5227762461,"4":0.5153495073,"5":0.5064655542,"6":0.5074133873,"7":0.5000675321,"8":0.4940340519,"9":0.4877290726,"10":0.4839150012,"11":0.4781575799,"12":0.4747891128,"13":0.4698845148,"14":0.4648986459,"15":0.463195473,"16":0.4574152827,"17":0.450584203,"18":0.4459925294,"19":0.446087122,"20":0.4366241992,"21":0.4325436652,"22":0.430711925,"23":0.4293474257,"24":0.4260463417,"25":0.4220565557,"26":0.4209302068,"27":0.4203566611,"28":0.4197738171,"29":0.4196445942,"30":0.4195769131,"31":0.4234817922,"32":0.4290728569},"val_acc":{"0":0.7575757504,"1":0.7554112673,"2":0.7554112673,"3":0.7554112673,"4":0.7554112673,"5":0.7564935088,"6":0.7554112673,"7":0.7694805264,"8":0.7759740353,"9":0.7846320271,"10":0.7824675441,"11":0.7965368032,"12":0.7965368032,"13":0.800865829,"14":0.7997835279,"15":0.8041125536,"16":0.8030303121,"17":0.8106060624,"18":0.8095238209,"19":0.8127705455,"20":0.813852787,"21":0.8116883039,"22":0.813852787,"23":0.8225108385,"24":0.8203462958,"25":0.8246753216,"26":0.82359308,"27":0.821428597,"28":0.8203462958,"29":0.8268398046,"30":0.8181818128,"31":0.8225108385,"32":0.821428597},"val_auc":{"0":0.603500545,"1":0.65406847,"2":0.6769245863,"3":0.6804682016,"4":0.719153285,"5":0.73288095,"6":0.7402977943,"7":0.7452328801,"8":0.7475245595,"9":0.7497655153,"10":0.7573090792,"11":0.759546876,"12":0.766938448,"13":0.7745614052,"14":0.7832096219,"15":0.7861431241,"16":0.7920116186,"17":0.7970306873,"18":0.7980861664,"19":0.8017883301,"20":0.8058802485,"21":0.8093192577,"22":0.8115919828,"23":0.8145364523,"24":0.8149421811,"25":0.817271769,"26":0.8192908764,"27":0.8204414845,"28":0.8206379414,"29":0.8233226538,"30":0.8245619535,"31":0.8237663507,"32":0.8226919174}}