{"loss":{"0":1.6377921104,"1":1.2986197472,"2":1.0800784826,"3":0.9299147725,"4":0.828684628,"5":0.7668570876,"6":0.7392754555,"7":0.7471048236,"8":0.7031955719,"9":0.6874597073,"10":0.6793484688,"11":0.6279141307,"12":0.6339260936,"13":0.6117724776,"14":0.5982116461,"15":0.5741891861,"16":0.5714473128,"17":0.5580499768,"18":0.5424425006,"19":0.5393933058,"20":0.518930614,"21":0.5140243173,"22":0.500068903,"23":0.4932839572,"24":0.4544899166,"25":0.4523837566,"26":0.4386839569,"27":0.4327854216,"28":0.4093885124,"29":0.4160497785},"acc":{"0":0.5352112651,"1":0.5590465665,"2":0.5896533132,"3":0.6194474697,"4":0.6505959034,"5":0.6654929519,"6":0.6725352407,"7":0.6757854819,"8":0.6982665062,"9":0.7015168071,"10":0.7096424699,"11":0.7191224098,"12":0.720476687,"13":0.7326652408,"14":0.7372697592,"15":0.7421451807,"16":0.7361863256,"17":0.7497291565,"18":0.7529793978,"19":0.7532502413,"20":0.7611051202,"21":0.7657096386,"22":0.7741062045,"23":0.7778981328,"24":0.8009209037,"25":0.7944203615,"26":0.7987540364,"27":0.7979415059,"28":0.8109425902,"29":0.8109425902},"auc":{"0":0.4970624149,"1":0.4853103757,"2":0.4947034121,"3":0.5050609112,"4":0.5122765303,"5":0.5236445069,"6":0.5233637094,"7":0.5033609867,"8":0.5347544551,"9":0.5411962271,"10":0.5337420702,"11":0.5655999184,"12":0.5547308922,"13":0.5709816813,"14":0.5747280121,"15":0.6034240723,"16":0.6043409109,"17":0.6232036352,"18":0.6439205408,"19":0.6535944343,"20":0.6833630204,"21":0.6974411011,"22":0.7117419839,"23":0.7311295271,"24":0.774363637,"25":0.7787006497,"26":0.7951871157,"27":0.8017699718,"28":0.8304257393,"29":0.8236666918},"val_loss":{"0":0.5601578355,"1":0.5400864482,"2":0.5375893116,"3":0.5376084447,"4":0.5329772234,"5":0.5275658369,"6":0.5245218873,"7":0.5211361051,"8":0.5177544355,"9":0.5115934014,"10":0.5094929934,"11":0.5054653883,"12":0.5006798506,"13":0.4988398254,"14":0.5008344054,"15":0.4912949204,"16":0.4867306054,"17":0.4722443819,"18":0.46817559,"19":0.4507939816,"20":0.4451431632,"21":0.4381839037,"22":0.4342934489,"23":0.4297612906,"24":0.4283400476,"25":0.4237180054,"26":0.4113521576,"27":0.4208545089,"28":0.4214612246,"29":0.4270166159},"val_acc":{"0":0.7597402334,"1":0.7629870176,"2":0.7619047761,"3":0.7619047761,"4":0.7619047761,"5":0.7619047761,"6":0.7619047761,"7":0.7619047761,"8":0.7619047761,"9":0.7619047761,"10":0.7619047761,"11":0.7619047761,"12":0.7619047761,"13":0.7619047761,"14":0.7619047761,"15":0.7619047761,"16":0.7629870176,"17":0.7662337422,"18":0.7813853025,"19":0.7878788114,"20":0.8041125536,"21":0.8127705455,"22":0.8149350882,"23":0.821428597,"24":0.8279221058,"25":0.8279221058,"26":0.8268398046,"27":0.8333333135,"28":0.8365800977,"29":0.8322510719},"val_auc":{"0":0.5982825756,"1":0.6315566897,"2":0.6377388239,"3":0.6359083652,"4":0.6985086203,"5":0.7531734705,"6":0.7720751762,"7":0.7876388431,"8":0.7896370888,"9":0.7956353426,"10":0.7954286933,"11":0.798079133,"12":0.8029991388,"13":0.8049716353,"14":0.8057721853,"15":0.8091361523,"16":0.8103629351,"17":0.818059206,"18":0.8230210543,"19":0.8249870539,"20":0.8265560865,"21":0.8293646574,"22":0.8299780488,"23":0.8322604895,"24":0.8325026035,"25":0.8332676291,"26":0.8300361633,"27":0.8280637264,"28":0.8258199692,"29":0.8278797269}}