{"loss":{"0":1.5264699459,"1":1.3192764521,"2":1.0375978947,"3":0.9464429617,"4":0.8298742175,"5":0.7847002149,"6":0.7200633287,"7":0.7019017935,"8":0.6665842533,"9":0.6437512636,"10":0.6121227145,"11":0.5982893109,"12":0.590136826,"13":0.5846925974,"14":0.5595105886,"15":0.5525463223,"16":0.5508298874,"17":0.530634284,"18":0.5357251167,"19":0.5240752101,"20":0.5047964454,"21":0.5087079406,"22":0.4899451137,"23":0.484901756,"24":0.4770357013,"25":0.4727113545,"26":0.468410939,"27":0.4470015764,"28":0.4304428995,"29":0.4317417741,"30":0.4264749289,"31":0.4084550738,"32":0.3957501352,"33":0.3918458819,"34":0.3864894509,"35":0.3689250648},"acc":{"0":0.5490249395,"1":0.553629458,"2":0.5877572894,"3":0.608071506,"4":0.6335319877,"5":0.6454496384,"6":0.6703683734,"7":0.6717226505,"8":0.6885157228,"9":0.7001625299,"10":0.7169556022,"11":0.7218309641,"12":0.7356446385,"13":0.7299566865,"14":0.7418743372,"15":0.7445828915,"16":0.7405200601,"17":0.7611051202,"18":0.764084518,"19":0.7678765059,"20":0.7703142166,"21":0.7738353014,"22":0.7797941566,"23":0.7873781323,"24":0.7857529521,"25":0.7963163853,"26":0.7906283736,"27":0.8068797588,"28":0.8093174696,"29":0.818526566,"30":0.8147345781,"31":0.8290899396,"32":0.8263813853,"33":0.8293607831,"34":0.8364030123,"35":0.8434453011},"auc":{"0":0.5230573416,"1":0.4849394858,"2":0.5159670115,"3":0.5051774979,"4":0.5261637568,"5":0.5288327932,"6":0.5582828522,"7":0.5473525524,"8":0.5591554642,"9":0.5666889548,"10":0.5934861302,"11":0.6064397693,"12":0.601685524,"13":0.6161242127,"14":0.6394950151,"15":0.6470812559,"16":0.6537382603,"17":0.6794193983,"18":0.6739802361,"19":0.6830452681,"20":0.7112268806,"21":0.7112970948,"22":0.73376894,"23":0.7432637215,"24":0.7561001778,"25":0.7576202154,"26":0.7647557259,"27":0.7889469862,"28":0.8080877066,"29":0.8085390329,"30":0.8117114305,"31":0.8296998739,"32":0.8421987295,"33":0.8465719223,"34":0.8524366617,"35":0.8676373959},"val_loss":{"0":0.5517084599,"1":0.5456479192,"2":0.5297542214,"3":0.519179821,"4":0.5156580806,"5":0.5127386451,"6":0.5083698034,"7":0.501719892,"8":0.5014179945,"9":0.4983589351,"10":0.486518234,"11":0.4802863002,"12":0.4842159152,"13":0.466916889,"14":0.4642439783,"15":0.4730189145,"16":0.4580262303,"17":0.4490338862,"18":0.444118619,"19":0.4361849725,"20":0.4302380979,"21":0.4256058335,"22":0.4189802706,"23":0.423196137,"24":0.415342629,"25":0.4110496342,"26":0.4002909064,"27":0.4003002048,"28":0.393879205,"29":0.3960317075,"30":0.3941379488,"31":0.3927541375,"32":0.3919742703,"33":0.3955656588,"34":0.3932785094,"35":0.3991830349},"val_acc":{"0":0.770562768,"1":0.770562768,"2":0.770562768,"3":0.770562768,"4":0.770562768,"5":0.770562768,"6":0.770562768,"7":0.770562768,"8":0.7748917937,"9":0.7770562768,"10":0.7889610529,"11":0.7846320271,"12":0.800865829,"13":0.7965368032,"14":0.8051947951,"15":0.8106060624,"16":0.8127705455,"17":0.8192640543,"18":0.8203462958,"19":0.8225108385,"20":0.82359308,"21":0.8246753216,"22":0.8268398046,"23":0.8290043473,"24":0.8290043473,"25":0.8300865889,"26":0.8290043473,"27":0.8290043473,"28":0.8376623392,"29":0.8365800977,"30":0.8333333135,"31":0.8376623392,"32":0.8311688304,"33":0.8322510719,"34":0.8257575631,"35":0.8300865889},"val_auc":{"0":0.4447413385,"1":0.5012241602,"2":0.6089937091,"3":0.7081381083,"4":0.7047486305,"5":0.7086383104,"6":0.7098656893,"7":0.7159503698,"8":0.7294688225,"9":0.7400026321,"10":0.7577366829,"11":0.7699058652,"12":0.7713834643,"13":0.7823746204,"14":0.7881202698,"15":0.7947841883,"16":0.7979893684,"17":0.8018954992,"18":0.808072269,"19":0.8131037951,"20":0.8139561415,"21":0.8167171478,"22":0.8203040361,"23":0.8223640919,"24":0.8255659342,"25":0.8256581426,"26":0.8278070092,"27":0.8278827667,"28":0.8308247328,"29":0.8311898708,"30":0.8314532042,"31":0.8317461014,"32":0.8326476812,"33":0.8300414085,"34":0.831979692,"35":0.830508709}}