{"loss":{"0":1.4365060329,"1":1.1854501963,"2":0.9386536479,"3":0.8377274871,"4":0.8036109805,"5":0.7301156521,"6":0.707092762,"7":0.6618263721,"8":0.65175879,"9":0.6193503737,"10":0.6040204763,"11":0.5745892525,"12":0.5602657795,"13":0.5469731092,"14":0.5499800444,"15":0.5322136283,"16":0.5200956464,"17":0.5208057761,"18":0.5020307302,"19":0.4926783741,"20":0.4991007447,"21":0.4828213751,"22":0.4759686589,"23":0.4659328461,"24":0.4495691955,"25":0.4342503548,"26":0.43481493,"27":0.4390985966,"28":0.4110061228,"29":0.4055002928,"30":0.391083777,"31":0.3697906435},"acc":{"0":0.563921988,"1":0.5988624096,"2":0.6338028312,"3":0.6394907832,"4":0.622697711,"5":0.6568255424,"6":0.6682015061,"7":0.6844528913,"8":0.7042253613,"9":0.716143012,"10":0.7188515663,"11":0.7323943377,"12":0.7489165664,"13":0.7548754215,"14":0.744312048,"15":0.7602925301,"16":0.7667930722,"17":0.7616468072,"18":0.7730227709,"19":0.7797941566,"20":0.7800650001,"21":0.783856988,"22":0.7925243974,"23":0.7892740965,"24":0.8030877709,"25":0.8066088557,"26":0.8079631925,"27":0.808775723,"28":0.8174431324,"29":0.8236728311,"30":0.8301733732,"31":0.8355904818},"auc":{"0":0.493576467,"1":0.4917347431,"2":0.5331651568,"3":0.536847353,"4":0.5167275667,"5":0.5509384871,"6":0.5606195927,"7":0.5792946219,"8":0.5842860937,"9":0.6012724042,"10":0.6118352413,"11":0.637503624,"12":0.6515239477,"13":0.6629118919,"14":0.6548523903,"15":0.6844536066,"16":0.6927220821,"17":0.6911132336,"18":0.7085078955,"19":0.7227283716,"20":0.7214108706,"21":0.7367528677,"22":0.7448028922,"23":0.7592020035,"24":0.7785155773,"25":0.7953544855,"26":0.7985243797,"27":0.7926043272,"28":0.8232704401,"29":0.8266508579,"30":0.8444944024,"31":0.8616909981},"val_loss":{"0":0.5482661128,"1":0.540099144,"2":0.5242689252,"3":0.5006463528,"4":0.4894884229,"5":0.474267602,"6":0.4665156901,"7":0.4572768509,"8":0.4523514509,"9":0.4444415271,"10":0.4354555011,"11":0.4380365014,"12":0.4400981665,"13":0.4245682061,"14":0.4130814672,"15":0.4220558703,"16":0.405382514,"17":0.4105101824,"18":0.4023776948,"19":0.4094153047,"20":0.4003948867,"21":0.39721632,"22":0.3913060427,"23":0.3894611895,"24":0.3898266554,"25":0.3870939314,"26":0.3880823851,"27":0.3862830698,"28":0.3812310696,"29":0.3833239973,"30":0.3933546841,"31":0.3882980645},"val_acc":{"0":0.7813853025,"1":0.7813853025,"2":0.7813853025,"3":0.7813853025,"4":0.7824675441,"5":0.7867965102,"6":0.7987012863,"7":0.7943723202,"8":0.7987012863,"9":0.8095238209,"10":0.8160173297,"11":0.8170995712,"12":0.8225108385,"13":0.8257575631,"14":0.8290043473,"15":0.8257575631,"16":0.8257575631,"17":0.8290043473,"18":0.8311688304,"19":0.8322510719,"20":0.834415555,"21":0.834415555,"22":0.8354978561,"23":0.8376623392,"24":0.8365800977,"25":0.8387445807,"26":0.834415555,"27":0.8311688304,"28":0.8409090638,"29":0.8354978561,"30":0.82359308,"31":0.8365800977},"val_auc":{"0":0.5941802263,"1":0.5767270923,"2":0.5635236502,"3":0.6759426594,"4":0.7152763605,"5":0.7511256337,"6":0.7510709763,"7":0.7645682096,"8":0.7826055288,"9":0.7932161689,"10":0.7963317633,"11":0.802323699,"12":0.8115576506,"13":0.8124082088,"14":0.819237113,"15":0.8173376322,"16":0.8207573295,"17":0.8240128756,"18":0.828450501,"19":0.8272275329,"20":0.8295915127,"21":0.8329393268,"22":0.8355664015,"23":0.8310673237,"24":0.8299057484,"25":0.8332741261,"26":0.8347396851,"27":0.8358328342,"28":0.8364306688,"29":0.8360549212,"30":0.8331477046,"31":0.8356312513}}