{"loss":{"0":84.6050338745,"1":79.4719696045,"2":74.6518630981,"3":70.1055603027,"4":65.7846603394,"5":61.6729316711,"6":57.7424545288,"7":54.0090904236,"8":50.4473304749,"9":47.0461196899,"10":43.798084259,"11":40.7318611145,"12":37.7988624573,"13":35.0234031677,"14":32.3890113831,"15":29.8970108032,"16":27.534696579,"17":25.3128509521,"18":23.2170906067,"19":21.2314357758,"20":19.3789024353,"21":17.6431388855,"22":16.0165214539,"23":14.5034484863,"24":13.0925397873,"25":11.7760076523,"26":10.5643701553,"27":9.4422683716,"28":8.4012746811,"29":7.45165205,"30":6.5821838379,"31":5.7871417999,"32":5.0700240135,"33":4.4222064018,"34":3.8335855007,"35":3.3188536167,"36":2.8482391834,"37":2.4414141178,"38":2.0873651505,"39":1.773986578,"40":1.5010764599,"41":1.269056797,"42":1.0732775927,"43":0.9136416316,"44":0.7795447111,"45":0.6653921008,"46":0.5864202976,"47":0.5177813768,"48":0.4656898677,"49":0.4258742929,"50":0.399138689,"51":0.3812188804,"52":0.3622952998,"53":0.3541563749,"54":0.3395869136},"acc":{"0":0.551340282,"1":0.6244888902,"2":0.689345777,"3":0.7271694541,"4":0.7623807192,"5":0.7790777087,"6":0.80406636,"7":0.8245115876,"8":0.8432530761,"9":0.8571103811,"10":0.8801680803,"11":0.8888005614,"12":0.9008405209,"13":0.9099273086,"14":0.9183325768,"15":0.9254884124,"16":0.9321899414,"17":0.9361653924,"18":0.9446842074,"19":0.9483189583,"20":0.9516128898,"21":0.9518400431,"22":0.9561563134,"23":0.957405746,"24":0.9625170231,"25":0.9631985426,"26":0.9666060805,"27":0.9649023414,"28":0.9700136185,"29":0.9694457054,"30":0.972058177,"31":0.9723989367,"32":0.9728532434,"33":0.9734211564,"34":0.9754657149,"35":0.9761472344,"36":0.9759200215,"37":0.9758064747,"38":0.977396667,"39":0.9776238203,"40":0.9784188867,"41":0.9797819257,"42":0.9797819257,"43":0.9817128778,"44":0.9821671844,"45":0.9829623103,"46":0.9809177518,"47":0.9838709831,"48":0.9836437702,"49":0.9845525026,"50":0.9848932028,"51":0.9837573767,"52":0.986710608,"53":0.9847796559,"54":0.9861426353},"auc":{"0":0.5989783406,"1":0.7040985227,"2":0.7783694267,"3":0.8056490421,"4":0.8328278065,"5":0.8521143198,"6":0.8710204363,"7":0.8836513758,"8":0.8963128328,"9":0.9129244685,"10":0.9284496307,"11":0.9308613539,"12":0.942184329,"13":0.9450893402,"14":0.9522867203,"15":0.9551845789,"16":0.9619002342,"17":0.9627645016,"18":0.9641252756,"19":0.9707735777,"20":0.9724061489,"21":0.9740296602,"22":0.9770895243,"23":0.9770581722,"24":0.9789396524,"25":0.9804366231,"26":0.9792107344,"27":0.9809417725,"28":0.9833561182,"29":0.9835785627,"30":0.9857836366,"31":0.9869157076,"32":0.9869709015,"33":0.9871180058,"34":0.9883590937,"35":0.9880012274,"36":0.989788413,"37":0.989151597,"38":0.989512682,"39":0.9894801378,"40":0.9909024835,"41":0.9911253452,"42":0.991420269,"43":0.9915993214,"44":0.9924779534,"45":0.9944247007,"46":0.9932301044,"47":0.9941797256,"48":0.9930269122,"49":0.994882226,"50":0.9954538345,"51":0.994866848,"52":0.995818615,"53":0.9944713712,"54":0.9958398342},"val_loss":{"0":81.8793716431,"1":76.925163269,"2":72.2945175171,"3":67.8915328979,"4":63.7348442078,"5":59.7546043396,"6":55.9426498413,"7":52.3162879944,"8":48.8933296204,"9":45.5913467407,"10":42.460357666,"11":39.479598999,"12":36.6660614014,"13":34.0057563782,"14":31.4198665619,"15":29.0115795135,"16":26.7174892426,"17":24.5989112854,"18":22.5537719727,"19":20.6743946075,"20":18.8973999023,"21":17.2024879456,"22":15.6252889633,"23":14.2029428482,"24":12.9021759033,"25":11.552283287,"26":10.4106473923,"27":9.3422203064,"28":8.3606567383,"29":7.4474925995,"30":6.6413617134,"31":5.8859910965,"32":5.1914167404,"33":4.5784707069,"34":4.0432891846,"35":3.5714595318,"36":3.1334350109,"37":2.7734391689,"38":2.4887833595,"39":2.2046043873,"40":1.9606915712,"41":1.7021645308,"42":1.539016366,"43":1.3958580494,"44":1.2772763968,"45":1.1975386143,"46":1.1306273937,"47":1.0568448305,"48":0.9936433434,"49":0.9966788292,"50":0.9764335752,"51":0.9396921396,"52":1.0487948656,"53":0.9821386933,"54":0.9434210062},"val_acc":{"0":0.664395988,"1":0.7388737798,"2":0.7388737798,"3":0.7452316284,"4":0.7447775006,"5":0.7488646507,"6":0.7411444187,"7":0.7402361631,"8":0.7443233132,"9":0.7379654646,"10":0.746139884,"11":0.7443233132,"12":0.7406902909,"13":0.7479563951,"14":0.7497729063,"15":0.7397820354,"16":0.7429609299,"17":0.7479563951,"18":0.7375113368,"19":0.7420526743,"20":0.7393279076,"21":0.7334241867,"22":0.7316076159,"23":0.7456857562,"24":0.7366030812,"25":0.7270662785,"26":0.7402361631,"27":0.7411444187,"28":0.7379654646,"29":0.7402361631,"30":0.7343324423,"31":0.7379654646,"32":0.7375113368,"33":0.7329699993,"34":0.7411444187,"35":0.7361489534,"36":0.7397820354,"37":0.7366030812,"38":0.7361489534,"39":0.7325158715,"40":0.7356948256,"41":0.7329699993,"42":0.737057209,"43":0.7352406979,"44":0.7402361631,"45":0.7361489534,"46":0.7402361631,"47":0.7402361631,"48":0.7420526743,"49":0.7375113368,"50":0.7411444187,"51":0.7347865701,"52":0.7334241867,"53":0.7356948256,"54":0.7311534882},"val_auc":{"0":0.7141077518,"1":0.7963316441,"2":0.7908627987,"3":0.8081486225,"4":0.8049604893,"5":0.8127761483,"6":0.8071103096,"7":0.7988500595,"8":0.8154790401,"9":0.8008188009,"10":0.8026859164,"11":0.8045142889,"12":0.8041133881,"13":0.8013590574,"14":0.799121201,"15":0.8022166491,"16":0.7935160398,"17":0.7987977266,"18":0.7935631275,"19":0.7899364829,"20":0.7868686914,"21":0.7863652706,"22":0.7779588699,"23":0.7833412886,"24":0.7815286517,"25":0.7615883946,"26":0.7750162482,"27":0.7857218981,"28":0.7710727453,"29":0.7851151228,"30":0.7711636424,"31":0.7790668011,"32":0.7834312916,"33":0.7687335014,"34":0.7752259374,"35":0.7636742592,"36":0.7774900198,"37":0.767953217,"38":0.7762172222,"39":0.7575469613,"40":0.7716323733,"41":0.7598475218,"42":0.767006278,"43":0.7689475417,"44":0.7774240375,"45":0.7780789137,"46":0.7727611661,"47":0.7678048611,"48":0.7681502104,"49":0.7645918131,"50":0.7748904228,"51":0.7613350153,"52":0.7590233088,"53":0.7719283104,"54":0.7693594694}}