{"loss":{"0":84.8469085693,"1":79.7748565674,"2":74.9259262085,"3":70.357460022,"4":66.0267868042,"5":61.9038276672,"6":57.9735031128,"7":54.2299880981,"8":50.6539497375,"9":47.2541923523,"10":44.0033187866,"11":40.9207496643,"12":37.9870223999,"13":35.1977767944,"14":32.5627861023,"15":30.0571231842,"16":27.692445755,"17":25.4697990417,"18":23.3550777435,"19":21.3761844635,"20":19.5180778503,"21":17.7727470398,"22":16.1413993835,"23":14.6169195175,"24":13.1982393265,"25":11.8862438202,"26":10.6578817368,"27":9.5293569565,"28":8.488658905,"29":7.5331835747,"30":6.6599764824,"31":5.8630037308,"32":5.142686367,"33":4.4839549065,"34":3.894456625,"35":3.3702328205,"36":2.9035630226,"37":2.4925875664,"38":2.1266524792,"39":1.8163533211,"40":1.5469919443,"41":1.3150091171,"42":1.118301034,"43":0.9513894916,"44":0.8105262518,"45":0.7023353577,"46":0.6174433231,"47":0.5474518538,"48":0.4962023497,"49":0.4570516348,"50":0.4212605655,"51":0.4049437046},"acc":{"0":0.560654223,"1":0.5740572214,"2":0.6442525983,"3":0.7002499104,"4":0.7362562418,"5":0.7670376897,"6":0.7890731692,"7":0.8109949827,"8":0.8330304623,"9":0.8496137857,"10":0.8632439971,"11":0.8796001673,"12":0.8917537332,"13":0.9051567316,"14":0.9128804803,"15":0.9220808744,"16":0.9299182296,"17":0.9345752001,"18":0.9442299008,"19":0.9443435073,"20":0.9483189583,"21":0.9521808028,"22":0.956042707,"23":0.9602453709,"24":0.9593366385,"25":0.9604725242,"26":0.966719687,"27":0.9675147533,"28":0.9704679847,"29":0.972058177,"30":0.9717174172,"31":0.975238502,"32":0.9743298292,"33":0.9777373672,"34":0.9788732529,"35":0.9775102139,"36":0.9784188867,"37":0.9784188867,"38":0.9814856648,"39":0.9793275595,"40":0.9808042049,"41":0.9817128778,"42":0.9821671844,"43":0.9845525026,"44":0.9862562418,"45":0.9856883287,"46":0.9851204157,"47":0.9848932028,"48":0.9856883287,"49":0.9885279536,"50":0.9873920679,"51":0.985915482},"auc":{"0":0.6015943289,"1":0.6287341714,"2":0.7215533257,"3":0.7798834443,"4":0.8129556775,"5":0.8421961069,"6":0.8628469706,"7":0.87765944,"8":0.894113481,"9":0.9058994055,"10":0.9199076891,"11":0.9292832613,"12":0.9364665151,"13":0.9461978674,"14":0.9495543838,"15":0.9577832222,"16":0.9614336491,"17":0.9636018276,"18":0.970007062,"19":0.9722907543,"20":0.9742941856,"21":0.9758191109,"22":0.9783427715,"23":0.9810111523,"24":0.9814996123,"25":0.9815135002,"26":0.9844337702,"27":0.9853396416,"28":0.9859069586,"29":0.9861861467,"30":0.9877822399,"31":0.9881376028,"32":0.9891364574,"33":0.9897109866,"34":0.9910380244,"35":0.99115026,"36":0.9909570217,"37":0.991975069,"38":0.9923490882,"39":0.9912132025,"40":0.9926156998,"41":0.9925425053,"42":0.9929534197,"43":0.9936225414,"44":0.995401144,"45":0.9949874282,"46":0.994814992,"47":0.9954349995,"48":0.9949365854,"49":0.9951385856,"50":0.9961566925,"51":0.9955490828},"val_loss":{"0":82.1539306641,"1":77.1837615967,"2":72.5403594971,"3":68.1003036499,"4":63.9696235657,"5":59.9431495667,"6":56.1829910278,"7":52.5327606201,"8":49.1035003662,"9":45.8400344849,"10":42.6445960999,"11":39.7631416321,"12":36.8955497742,"13":34.2177886963,"14":31.6628742218,"15":29.3343257904,"16":27.0241260529,"17":24.8203449249,"18":22.8260803223,"19":20.9684200287,"20":19.1607646942,"21":17.4683513641,"22":15.9000167847,"23":14.436205864,"24":13.1528329849,"25":11.7722768784,"26":10.6412906647,"27":9.5550022125,"28":8.6154527664,"29":7.6749873161,"30":6.8732256889,"31":6.1195173264,"32":5.4178318977,"33":4.8777523041,"34":4.3875374794,"35":3.8459172249,"36":3.305450201,"37":3.0011649132,"38":2.6931755543,"39":2.3172168732,"40":2.1249394417,"41":1.8822089434,"42":1.7648246288,"43":1.5845472813,"44":1.4842339754,"45":1.3988280296,"46":1.3916556835,"47":1.2259179354,"48":1.1630023718,"49":1.2085301876,"50":1.1834899187,"51":1.1924177408},"val_acc":{"0":0.5976384878,"1":0.6771117449,"2":0.7020890117,"3":0.7334241867,"4":0.7238873839,"5":0.7329699993,"6":0.7397820354,"7":0.7397820354,"8":0.7361489534,"9":0.7334241867,"10":0.7393279076,"11":0.7470481396,"12":0.7429609299,"13":0.7434150577,"14":0.7388737798,"15":0.7325158715,"16":0.7434150577,"17":0.7375113368,"18":0.7379654646,"19":0.7356948256,"20":0.7366030812,"21":0.7306993604,"22":0.7393279076,"23":0.7397820354,"24":0.7366030812,"25":0.7425068021,"26":0.7379654646,"27":0.7397820354,"28":0.7343324423,"29":0.7343324423,"30":0.7429609299,"31":0.7343324423,"32":0.7384195924,"33":0.737057209,"34":0.7379654646,"35":0.7402361631,"36":0.7311534882,"37":0.737057209,"38":0.737057209,"39":0.7306993604,"40":0.7361489534,"41":0.7347865701,"42":0.7347865701,"43":0.7270662785,"44":0.7334241867,"45":0.7388737798,"46":0.7420526743,"47":0.7347865701,"48":0.729336977,"49":0.7343324423,"50":0.7325158715,"51":0.7325158715},"val_auc":{"0":0.6482485533,"1":0.7305811644,"2":0.7833609581,"3":0.7975109816,"4":0.7846834064,"5":0.8104873896,"6":0.8107843995,"7":0.8048423529,"8":0.8088308573,"9":0.806301713,"10":0.7999043465,"11":0.8062143326,"12":0.7978479862,"13":0.7952899933,"14":0.8024390936,"15":0.7982059121,"16":0.7981841564,"17":0.799280107,"18":0.8001481295,"19":0.7954816818,"20":0.7897137403,"21":0.7880016565,"22":0.7917288542,"23":0.7946189642,"24":0.7896640301,"25":0.7910012603,"26":0.787974,"27":0.7959273458,"28":0.7817955613,"29":0.7864435911,"30":0.7880647779,"31":0.7861642838,"32":0.7807638645,"33":0.78589046,"34":0.7841389775,"35":0.7828794718,"36":0.7833670378,"37":0.7795367837,"38":0.7820183039,"39":0.7716513872,"40":0.7794294357,"41":0.7689085603,"42":0.7739695907,"43":0.7654283047,"44":0.7766492367,"45":0.7790107131,"46":0.7600540519,"47":0.780197084,"48":0.7710598707,"49":0.7731648088,"50":0.7679338455,"51":0.7710134983}}