,precision_mean,precision_std,precision_sem,recall_mean,recall_std,recall_sem,f1-score_mean,f1-score_std,f1-score_sem,occurences_mean,occurences_std,occurences_sem
argument,0.7299511204997108,0.031122481630815987,0.013918396910998611,0.7734866765470837,0.05705837554200659,0.025517281279527626,0.7491279390603969,0.014365565479351139,0.006424476189410699,1373.4,35.767303504737406,15.995624401691861
other,0.7621436345345003,0.03348229798156951,0.014973738865938684,0.7118251534155116,0.05946551641631608,0.026593787404802487,0.7337764746602449,0.017210466125009493,0.007696754435995724,1378.6,35.767303504737406,15.995624401691861
accuracy,0.7423691860465116,0.005100170366140315,0.0022808655271039473,0.7423691860465116,0.005100170366140315,0.0022808655271039473,0.7423691860465116,0.005100170366140315,0.0022808655271039473,0.7423691860465116,0.005100170366140315,0.0022808655271039473
macro avg,0.7460473775171055,0.0046767926527568875,0.002091525257647194,0.7426559149812977,0.004322767811209008,0.0019332005353622638,0.7414522068603209,0.005208871335665644,0.002329478078519701,2752.0,0.0,0.0
weighted avg,0.7463859540954799,0.004109664457055269,0.0018378978181380695,0.7423691860465116,0.005100170366140315,0.0022808655271039473,0.7414798231652313,0.005397482209848843,0.0024138274257135594,2752.0,0.0,0.0
