{"loss":{"0":84.4278335571,"1":79.3136444092,"2":74.4993667603,"3":69.969367981,"4":65.6405639648,"5":61.5378112793,"6":57.6115646362,"7":53.8793258667,"8":50.314704895,"9":46.9283981323,"10":43.7009429932,"11":40.6222343445,"12":37.707649231,"13":34.9285621643,"14":32.3054046631,"15":29.8096790314,"16":27.4569149017,"17":25.2285346985,"18":23.1376514435,"19":21.1704826355,"20":19.313993454,"21":17.5827560425,"22":15.9632177353,"23":14.4449872971,"24":13.0361289978,"25":11.7237606049,"26":10.5081310272,"27":9.3936080933,"28":8.3569049835,"29":7.4045085907,"30":6.5439033508,"31":5.7450428009,"32":5.0266971588,"33":4.3806371689,"34":3.8004348278,"35":3.2809901237,"36":2.8129174709,"37":2.3998031616,"38":2.0438203812,"39":1.7312446833,"40":1.4628996849,"41":1.2361879349,"42":1.0442796946,"43":0.8838332891,"44":0.7485970855,"45":0.6434129477,"46":0.5580146313,"47":0.4860438406,"48":0.4387551546,"49":0.4037222564,"50":0.3673196435,"51":0.3525793552,"52":0.3329837918,"53":0.3159411848,"54":0.3047861159,"55":0.2991194129,"56":0.2884763479,"57":0.2768808603,"58":0.271864146,"59":0.2664276659},"acc":{"0":0.5569059253,"1":0.6290322542,"2":0.6926397085,"3":0.7253521085,"4":0.763289392,"5":0.7875965238,"6":0.8126987815,"7":0.8326897025,"8":0.8517719507,"9":0.870626986,"10":0.8860744834,"11":0.8976601362,"12":0.9093593955,"13":0.9185597301,"14":0.9234439135,"15":0.9327578545,"16":0.9390050173,"17":0.9478645921,"18":0.9487732649,"19":0.9562698603,"20":0.9611540437,"21":0.963312149,"22":0.9685370326,"23":0.9717174172,"24":0.9704679847,"25":0.9764879346,"26":0.9772830606,"27":0.9768286943,"28":0.9787596464,"29":0.9821671844,"30":0.9819400311,"31":0.98398453,"32":0.9856883287,"33":0.9838709831,"34":0.9837573767,"35":0.9830758572,"36":0.9847796559,"37":0.9878464341,"38":0.9880735874,"39":0.9886415005,"40":0.9870513678,"41":0.9881871939,"42":0.9881871939,"43":0.9881871939,"44":0.9900045395,"45":0.9884143472,"46":0.9887551069,"47":0.989890933,"48":0.9918218851,"49":0.9903452992,"50":0.9913675785,"51":0.9904589057,"52":0.9901181459,"53":0.9919354916,"54":0.9914811254,"55":0.990686059,"56":0.9917083383,"57":0.9907996655,"58":0.9913675785,"59":0.9911403656},"auc":{"0":0.5781167746,"1":0.6738978624,"2":0.7534155846,"3":0.7864098549,"4":0.8267294168,"5":0.8488572836,"6":0.8742961884,"7":0.8916422129,"8":0.9077118635,"9":0.9209365845,"10":0.9300676584,"11":0.9412493706,"12":0.9468819499,"13":0.9556299448,"14":0.9583389759,"15":0.9669024944,"16":0.970860064,"17":0.9761148691,"18":0.9785677791,"19":0.9805864096,"20":0.9843882322,"21":0.9853069186,"22":0.9860150814,"23":0.9888240099,"24":0.9883908033,"25":0.9895846248,"26":0.9921699166,"27":0.9908032417,"28":0.9922474623,"29":0.9934339523,"30":0.9924771786,"31":0.9946556687,"32":0.9952915907,"33":0.9946458936,"34":0.9944167733,"35":0.9945078492,"36":0.9951101542,"37":0.9962110519,"38":0.9956160784,"39":0.9955531359,"40":0.9958570004,"41":0.9951497316,"42":0.9956372976,"43":0.9956899881,"44":0.9968206882,"45":0.995749712,"46":0.9963327646,"47":0.9972276688,"48":0.9971670508,"49":0.9963693619,"50":0.9972056746,"51":0.9959679842,"52":0.9967648983,"53":0.9975866079,"54":0.9976970553,"55":0.9966871738,"56":0.996606946,"57":0.9973644018,"58":0.9970268011,"59":0.9963941574},"val_loss":{"0":81.708946228,"1":76.7328948975,"2":72.1081390381,"3":67.7167510986,"4":63.5456619263,"5":59.5938148499,"6":55.8215713501,"7":52.2019309998,"8":48.777923584,"9":45.5267105103,"10":42.4200592041,"11":39.4648857117,"12":36.6185874939,"13":33.9431533813,"14":31.4274272919,"15":29.0366458893,"16":26.7472076416,"17":24.688375473,"18":22.6327476501,"19":20.7634868622,"20":18.9489364624,"21":17.3196620941,"22":15.7368459702,"23":14.3655261993,"24":12.9553337097,"25":11.6834554672,"26":10.5395641327,"27":9.4518222809,"28":8.4554414749,"29":7.585392952,"30":6.8014554977,"31":5.9807720184,"32":5.3632683754,"33":4.7002086639,"34":4.1740961075,"35":3.7234647274,"36":3.2645947933,"37":2.881177187,"38":2.5563147068,"39":2.3324010372,"40":2.05128932,"41":1.8241835833,"42":1.6533064842,"43":1.5316323042,"44":1.426633358,"45":1.3432129622,"46":1.2632683516,"47":1.204195857,"48":1.1835207939,"49":1.1280599833,"50":1.1092988253,"51":1.0960226059,"52":1.0913467407,"53":1.0931590796,"54":1.0713882446,"55":1.1078151464,"56":1.0500385761,"57":1.0562366247,"58":1.07206738,"59":1.1060513258},"val_acc":{"0":0.6326067448,"1":0.7556766868,"2":0.7606720924,"3":0.7688465118,"4":0.7638510466,"5":0.7574931979,"6":0.7611262202,"7":0.7556766868,"8":0.7602179646,"9":0.7597638369,"10":0.7543142438,"11":0.7479563951,"12":0.7534059882,"13":0.7556766868,"14":0.7556766868,"15":0.7493187785,"16":0.7384195924,"17":0.7484105229,"18":0.7438691854,"19":0.7515894771,"20":0.7506812215,"21":0.7479563951,"22":0.7443233132,"23":0.7475022674,"24":0.7393279076,"25":0.7425068021,"26":0.7393279076,"27":0.7488646507,"28":0.7397820354,"29":0.7529518604,"30":0.7415985465,"31":0.7411444187,"32":0.7493187785,"33":0.7529518604,"34":0.7488646507,"35":0.7447775006,"36":0.7506812215,"37":0.746139884,"38":0.7484105229,"39":0.7452316284,"40":0.7547683716,"41":0.7429609299,"42":0.7479563951,"43":0.7484105229,"44":0.7484105229,"45":0.7484105229,"46":0.7465940118,"47":0.7502270937,"48":0.7511353493,"49":0.7511353493,"50":0.7484105229,"51":0.7520436049,"52":0.7497729063,"53":0.7470481396,"54":0.753860116,"55":0.7502270937,"56":0.7443233132,"57":0.7443233132,"58":0.746139884,"59":0.7415985465},"val_auc":{"0":0.6711232662,"1":0.8107640743,"2":0.8197585344,"3":0.8250578642,"4":0.8228369951,"5":0.8178920746,"6":0.8152042627,"7":0.8170255423,"8":0.8130167127,"9":0.8088722229,"10":0.8118083477,"11":0.8079258204,"12":0.8078135252,"13":0.8090856075,"14":0.8093026876,"15":0.807523787,"16":0.8073215485,"17":0.8049682379,"18":0.8001752496,"19":0.80439502,"20":0.8054090142,"21":0.7974451184,"22":0.7951633334,"23":0.7997800112,"24":0.7960138917,"25":0.798139751,"26":0.7976185083,"27":0.8022446632,"28":0.7882732153,"29":0.7990660071,"30":0.7932635546,"31":0.7828080654,"32":0.7910058498,"33":0.7952717543,"34":0.7887073755,"35":0.7907211781,"36":0.7935706377,"37":0.7936584949,"38":0.7942148447,"39":0.7909625769,"40":0.795134306,"41":0.7837284207,"42":0.7822471857,"43":0.7915449142,"44":0.7880789042,"45":0.7897925377,"46":0.7920715809,"47":0.7850643992,"48":0.7925927639,"49":0.7924029231,"50":0.7909476161,"51":0.7909188271,"52":0.7882102132,"53":0.7991204262,"54":0.7907367945,"55":0.7829418182,"56":0.7923270464,"57":0.7863590717,"58":0.7826054096,"59":0.7768577337}}