{"loss":{"0":84.1153411865,"1":79.0512084961,"2":74.2348861694,"3":69.7017822266,"4":65.3919067383,"5":61.2921600342,"6":57.4028625488,"7":53.677646637,"8":50.1189041138,"9":46.7506408691,"10":43.5276756287,"11":40.4653358459,"12":37.5490379333,"13":34.7987480164,"14":32.1844291687,"15":29.6996803284,"16":27.3596076965,"17":25.1482620239,"18":23.0768795013,"19":21.1207542419,"20":19.2629203796,"21":17.5512237549,"22":15.9311389923,"23":14.4241285324,"24":13.0236930847,"25":11.7244615555,"26":10.5107765198,"27":9.3993358612,"28":8.3652133942,"29":7.4267401695,"30":6.5626783371,"31":5.7720794678,"32":5.0601539612,"33":4.414457798,"34":3.8352169991,"35":3.3162322044,"36":2.853564024,"37":2.4470744133,"38":2.0889322758,"39":1.7762610912,"40":1.5126082897,"41":1.2824003696,"42":1.0901045799,"43":0.9271191955,"44":0.7899928689,"45":0.6807844639,"46":0.5960162878,"47":0.5214548111,"48":0.4717228413,"49":0.4370637834,"50":0.4019281566,"51":0.3757261038,"52":0.3617152572,"53":0.3497289121,"54":0.3412847519,"55":0.3342012465,"56":0.3181086481,"57":0.3149625063,"58":0.3037781119,"59":0.2940059304,"60":0.2922145724},"acc":{"0":0.5613357425,"1":0.6010904312,"2":0.6859382391,"3":0.7230803967,"4":0.7540890574,"5":0.7862335443,"6":0.7972512245,"7":0.8267832994,"8":0.8547251225,"9":0.8611994386,"10":0.8810768127,"11":0.8935710788,"12":0.9014084339,"13":0.9146978855,"14":0.916628778,"15":0.9313948154,"16":0.9377555847,"17":0.9418446422,"18":0.9435483813,"19":0.9436619878,"20":0.9562698603,"21":0.9550204277,"22":0.9597910047,"23":0.9622898698,"24":0.9630849361,"25":0.9634256959,"26":0.9685370326,"27":0.9691049457,"28":0.9714902043,"29":0.9699000716,"30":0.9735347629,"31":0.9755792618,"32":0.9787596464,"33":0.9756928682,"34":0.9748978019,"35":0.9776238203,"36":0.9767151475,"37":0.9785324931,"38":0.9808042049,"39":0.9846660495,"40":0.9858019352,"41":0.9868241549,"42":0.9872785211,"43":0.9878464341,"44":0.9876192808,"45":0.9881871939,"46":0.9877328277,"47":0.9900045395,"48":0.98932302,"49":0.9887551069,"50":0.9903452992,"51":0.9925034046,"52":0.9900045395,"53":0.9914811254,"54":0.9903452992,"55":0.9897773862,"56":0.9915947318,"57":0.9902316928,"58":0.992049098,"59":0.9928441644,"60":0.9911403656},"auc":{"0":0.5875681639,"1":0.6425414085,"2":0.7435927391,"3":0.7883806229,"4":0.8247880936,"5":0.8546481729,"6":0.8691561222,"7":0.8910881877,"8":0.9104982615,"9":0.9202401638,"10":0.9335696101,"11":0.94371593,"12":0.9535001516,"13":0.9578465819,"14":0.9622872472,"15":0.9706779718,"16":0.9730969667,"17":0.977365315,"18":0.976798594,"19":0.9789762497,"20":0.9846291542,"21":0.9830319285,"22":0.986448288,"23":0.9883904457,"24":0.9887341261,"25":0.988702774,"26":0.9906651974,"27":0.9903115034,"28":0.9922422171,"29":0.9921799898,"30":0.9932353497,"31":0.9943226576,"32":0.9939578772,"33":0.9942396879,"34":0.9947990775,"35":0.9945580959,"36":0.9955103993,"37":0.9956198931,"38":0.9952175617,"39":0.9957854748,"40":0.9950097799,"41":0.9957437515,"42":0.9948196411,"43":0.9960136414,"44":0.9968165159,"45":0.9964439869,"46":0.9963391423,"47":0.9974474907,"48":0.9969096184,"49":0.9961364269,"50":0.9968333244,"51":0.997859478,"52":0.997631371,"53":0.9980365634,"54":0.9971635938,"55":0.9968746901,"56":0.9984258413,"57":0.9974876642,"58":0.9979032278,"59":0.9981671572,"60":0.9967140555},"val_loss":{"0":81.4221420288,"1":76.4634933472,"2":71.8556442261,"3":67.5288467407,"4":63.3198814392,"5":59.4371185303,"6":55.6335220337,"7":52.0695304871,"8":48.649684906,"9":45.3799514771,"10":42.3001174927,"11":39.3428344727,"12":36.6026000977,"13":33.9284439087,"14":31.4081630707,"15":29.0599002838,"16":26.7531738281,"17":24.603969574,"18":22.5871391296,"19":20.8239955902,"20":18.9554443359,"21":17.2996082306,"22":15.775677681,"23":14.266078949,"24":13.0115480423,"25":11.7618551254,"26":10.6160211563,"27":9.5415811539,"28":8.5206098557,"29":7.6795916557,"30":6.8304462433,"31":6.1240696907,"32":5.4540915489,"33":4.8186430931,"34":4.3171372414,"35":3.8163299561,"36":3.3667824268,"37":3.0556674004,"38":2.6482307911,"39":2.3682148457,"40":2.2560338974,"41":1.931781888,"42":1.7679388523,"43":1.6295473576,"44":1.5229943991,"45":1.4564779997,"46":1.3373533487,"47":1.3281700611,"48":1.2821838856,"49":1.2396459579,"50":1.2073112726,"51":1.2031326294,"52":1.2213969231,"53":1.1829459667,"54":1.1718525887,"55":1.1609861851,"56":1.1944915056,"57":1.1571542025,"58":1.1682728529,"59":1.2475756407,"60":1.1776152849},"val_acc":{"0":0.6189827323,"1":0.7157129645,"2":0.7475022674,"3":0.7084468603,"4":0.7497729063,"5":0.746139884,"6":0.7515894771,"7":0.7452316284,"8":0.7402361631,"9":0.7493187785,"10":0.7411444187,"11":0.7384195924,"12":0.7397820354,"13":0.7411444187,"14":0.7266121507,"15":0.7379654646,"16":0.7484105229,"17":0.7361489534,"18":0.7379654646,"19":0.7325158715,"20":0.7375113368,"21":0.7402361631,"22":0.7393279076,"23":0.7447775006,"24":0.737057209,"25":0.7306993604,"26":0.7366030812,"27":0.729336977,"28":0.7420526743,"29":0.7375113368,"30":0.737057209,"31":0.7243415117,"32":0.7384195924,"33":0.7338783145,"34":0.7311534882,"35":0.7266121507,"36":0.7352406979,"37":0.7284287214,"38":0.7384195924,"39":0.7420526743,"40":0.7379654646,"41":0.737057209,"42":0.7343324423,"43":0.7320617437,"44":0.7302452326,"45":0.729336977,"46":0.7343324423,"47":0.7311534882,"48":0.7311534882,"49":0.7306993604,"50":0.7366030812,"51":0.7338783145,"52":0.7393279076,"53":0.7393279076,"54":0.7393279076,"55":0.7397820354,"56":0.7356948256,"57":0.7434150577,"58":0.7347865701,"59":0.7375113368,"60":0.7415985465},"val_auc":{"0":0.6753919125,"1":0.7778795362,"2":0.7985955477,"3":0.7890808582,"4":0.8137464523,"5":0.8045170903,"6":0.8132150173,"7":0.8038488626,"8":0.8121739626,"9":0.8089501858,"10":0.8045114279,"11":0.8063530922,"12":0.7997250557,"13":0.7999086976,"14":0.7905462384,"15":0.7945333123,"16":0.796480298,"17":0.7918016911,"18":0.7942647934,"19":0.79018116,"20":0.7874164581,"21":0.7815250158,"22":0.7816368341,"23":0.7868710756,"24":0.7904415131,"25":0.7850190401,"26":0.7798045874,"27":0.7878034711,"28":0.7814099193,"29":0.784295857,"30":0.7902756333,"31":0.7710155249,"32":0.7969200015,"33":0.7846778631,"34":0.7773584127,"35":0.775758028,"36":0.7822861671,"37":0.7721984386,"38":0.7848936319,"39":0.789106369,"40":0.7786357403,"41":0.7792503834,"42":0.7769136429,"43":0.7783003449,"44":0.7751111984,"45":0.7740570307,"46":0.7871219516,"47":0.7833943367,"48":0.7668494582,"49":0.7723603845,"50":0.77984339,"51":0.7749696374,"52":0.7710538507,"53":0.7782979012,"54":0.7687855363,"55":0.7765938044,"56":0.7789186835,"57":0.769554615,"58":0.7742917538,"59":0.7848193049,"60":0.7834525108}}