{"loss":{"0":84.9295883179,"1":79.7623291016,"2":74.9233856201,"3":70.3748016357,"4":66.0612792969,"5":61.9450836182,"6":58.0159072876,"7":54.2911300659,"8":50.723865509,"9":47.3304443359,"10":44.0908050537,"11":41.0168151855,"12":38.0811538696,"13":35.2989501953,"14":32.6665763855,"15":30.1715869904,"16":27.8062610626,"17":25.5701885223,"18":23.4697952271,"19":21.4934024811,"20":19.6275100708,"21":17.8874950409,"22":16.2574672699,"23":14.7315149307,"24":13.3178339005,"25":11.9899206161,"26":10.7722396851,"27":9.6416893005,"28":8.5981740952,"29":7.6444911957,"30":6.7648062706,"31":5.9713892937,"32":5.2408623695,"33":4.5898637772,"34":3.9995877743,"35":3.4738783836,"36":3.0027058125,"37":2.5872995853,"38":2.2234301567,"39":1.908113718,"40":1.6370043755,"41":1.3975578547,"42":1.2023459673,"43":1.0364845991,"44":0.9052173495,"45":0.7901169062,"46":0.6986803412,"47":0.631046474,"48":0.579370141,"49":0.5401033759,"50":0.5064382553,"51":0.4771509469,"52":0.461666137,"53":0.4446917474,"54":0.4335532486},"acc":{"0":0.5462290049,"1":0.6094956994,"2":0.6805997491,"3":0.7149023414,"4":0.7418218851,"5":0.7643116713,"6":0.7977055907,"7":0.8020218015,"8":0.8216719627,"9":0.8316674232,"10":0.8479100466,"11":0.8533620834,"12":0.8714220524,"13":0.8811903596,"14":0.8842571378,"15":0.8884598017,"16":0.895388484,"17":0.9066333771,"18":0.9106088281,"19":0.9161744714,"20":0.9220808744,"21":0.9249204993,"22":0.9282144308,"23":0.9321899414,"24":0.9317355752,"25":0.9395729303,"26":0.9408223629,"27":0.9437755346,"28":0.9485461116,"29":0.9510449767,"30":0.9529759288,"31":0.9544525146,"32":0.9561563134,"33":0.9584279656,"34":0.9591094851,"35":0.9609268308,"36":0.9634256959,"37":0.9642208219,"38":0.9692185521,"39":0.9688777924,"40":0.9686506391,"41":0.9697864652,"42":0.9716038108,"43":0.97262609,"44":0.9736483693,"45":0.9736483693,"46":0.9761472344,"47":0.9750113487,"48":0.9776238203,"49":0.9785324931,"50":0.9786460996,"51":0.9797819257,"52":0.9814856648,"53":0.9827350974,"54":0.9817128778},"auc":{"0":0.6135902405,"1":0.718293786,"2":0.7798268199,"3":0.8012803793,"4":0.8200054169,"5":0.839292407,"6":0.8618943691,"7":0.8656533957,"8":0.8771780729,"9":0.8892787695,"10":0.8983027935,"11":0.9051359892,"12":0.9185578823,"13":0.9235065579,"14":0.9285469055,"15":0.9301496744,"16":0.9371597767,"17":0.9460533857,"18":0.9481438398,"19":0.9497075081,"20":0.9578983784,"21":0.9579178691,"22":0.9610911012,"23":0.961578846,"24":0.9646308422,"25":0.9686721563,"26":0.9704078436,"27":0.9722397327,"28":0.9734107852,"29":0.9751521349,"30":0.9779696465,"31":0.9772205353,"32":0.9801851511,"33":0.9802163839,"34":0.9815628529,"35":0.9829344749,"36":0.9845972657,"37":0.9855729342,"38":0.9869687557,"39":0.9867508411,"40":0.9869617224,"41":0.9882316589,"42":0.9879969358,"43":0.9897800088,"44":0.9879893064,"45":0.9896976948,"46":0.9900894165,"47":0.9899441004,"48":0.9909287691,"49":0.9903402328,"50":0.9925386906,"51":0.9937816262,"52":0.9936099052,"53":0.9939653873,"54":0.9931330681},"val_loss":{"0":82.1917419434,"1":77.2292480469,"2":72.595451355,"3":68.1699295044,"4":64.0114746094,"5":60.05834198,"6":56.2327384949,"7":52.6105384827,"8":49.1425971985,"9":45.8821105957,"10":42.8152313232,"11":39.7231903076,"12":36.9211654663,"13":34.2283401489,"14":31.6925163269,"15":29.250202179,"16":26.9570331573,"17":24.7489318848,"18":22.8228130341,"19":20.8672409058,"20":19.0746860504,"21":17.4525623322,"22":15.8375444412,"23":14.4193191528,"24":13.0414428711,"25":11.8153600693,"26":10.6260108948,"27":9.5268573761,"28":8.4959774017,"29":7.6400341988,"30":6.8526248932,"31":6.0410823822,"32":5.3419589996,"33":4.7649197578,"34":4.1667628288,"35":3.6777825356,"36":3.3140854836,"37":2.8827736378,"38":2.5450983047,"39":2.2541811466,"40":2.0193748474,"41":1.8873130083,"42":1.6071996689,"43":1.4941622019,"44":1.3887029886,"45":1.2610861063,"46":1.1875389814,"47":1.1114715338,"48":1.113894701,"49":1.0589208603,"50":1.0863004923,"51":0.9975904226,"52":1.0337761641,"53":1.006906867,"54":1.0442080498},"val_acc":{"0":0.5449591279,"1":0.6362397671,"2":0.7161670923,"3":0.7366030812,"4":0.7475022674,"5":0.7484105229,"6":0.7484105229,"7":0.7493187785,"8":0.7479563951,"9":0.7556766868,"10":0.7366030812,"11":0.7520436049,"12":0.7561308146,"13":0.7543142438,"14":0.7497729063,"15":0.7584014535,"16":0.7470481396,"17":0.7356948256,"18":0.7484105229,"19":0.7470481396,"20":0.7429609299,"21":0.7434150577,"22":0.7456857562,"23":0.7456857562,"24":0.7429609299,"25":0.7493187785,"26":0.7420526743,"27":0.7443233132,"28":0.7484105229,"29":0.7425068021,"30":0.7397820354,"31":0.7406902909,"32":0.737057209,"33":0.7420526743,"34":0.7497729063,"35":0.7402361631,"36":0.7420526743,"37":0.7447775006,"38":0.7479563951,"39":0.7479563951,"40":0.7475022674,"41":0.7493187785,"42":0.7506812215,"43":0.7429609299,"44":0.7420526743,"45":0.7438691854,"46":0.7438691854,"47":0.7470481396,"48":0.7434150577,"49":0.7429609299,"50":0.7520436049,"51":0.7456857562,"52":0.7556766868,"53":0.7502270937,"54":0.7475022674},"val_auc":{"0":0.7399254441,"1":0.7883468866,"2":0.7903474569,"3":0.8067677021,"4":0.8106945753,"5":0.8135185838,"6":0.8179916143,"7":0.8170118332,"8":0.8197142482,"9":0.8300660849,"10":0.8169718385,"11":0.8211045265,"12":0.8262270689,"13":0.8255220056,"14":0.8211863041,"15":0.828070879,"16":0.818351984,"17":0.8131432533,"18":0.8159689903,"19":0.8188386559,"20":0.8169425726,"21":0.8106248379,"22":0.8104239702,"23":0.8129323721,"24":0.8063354492,"25":0.8070580959,"26":0.8073664904,"27":0.7987115383,"28":0.812399745,"29":0.8057148457,"30":0.7949999571,"31":0.8089963794,"32":0.8045492172,"33":0.8011298776,"34":0.8059674501,"35":0.8067268133,"36":0.7994371653,"37":0.7955813408,"38":0.8039724231,"39":0.7967834473,"40":0.796972096,"41":0.7952648401,"42":0.7981948853,"43":0.7982023954,"44":0.8022769094,"45":0.8009260893,"46":0.8030537367,"47":0.803621769,"48":0.7947148085,"49":0.7903239131,"50":0.7940518856,"51":0.7987477183,"52":0.7940006256,"53":0.8038150072,"54":0.7960779667}}