{"loss":{"0":48.6454391479,"1":45.4739074707,"2":42.5153579712,"3":39.7255477905,"4":37.0990562439,"5":34.6248207092,"6":32.291103363,"7":30.0641422272,"8":27.9858932495,"9":26.0161495209,"10":24.1491470337,"11":22.3864421844,"12":20.7221393585,"13":19.1438713074,"14":17.6661167145,"15":16.2657032013,"16":14.9520120621,"17":13.7192869186,"18":12.5572185516,"19":11.4753847122,"20":10.4562988281,"21":9.5127820969,"22":8.6298484802,"23":7.8126549721,"24":7.0540204048,"25":6.3516216278,"26":5.7069673538,"27":5.1123199463,"28":4.5697393417,"29":4.071167469,"30":3.6218543053,"31":3.215744257,"32":2.8497037888,"33":2.517822504,"34":2.2243559361,"35":1.9692374468,"36":1.7376322746,"37":1.5359787941,"38":1.3632668257,"39":1.2099626064,"40":1.0824465752,"41":0.9734888077,"42":0.8844787478,"43":0.8092582822,"44":0.7459031343,"45":0.6973425746,"46":0.6621005535,"47":0.6312555671,"48":0.6108991504,"49":0.592361629,"50":0.578378737,"51":0.5707720518,"52":0.5666148067,"53":0.5584050417,"54":0.5594537854,"55":0.5549402833,"56":0.5553310513,"57":0.5515086055,"58":0.5556174517,"59":0.5536344051},"acc":{"0":0.561663866,"1":0.5987109542,"2":0.6144722104,"3":0.6361371279,"4":0.6541190743,"5":0.6670097113,"6":0.672588408,"7":0.6913827658,"8":0.7006986737,"9":0.6994529366,"10":0.71283108,"11":0.7174890041,"12":0.7200346589,"13":0.7272924185,"14":0.728213191,"15":0.7327628136,"16":0.7328711748,"17":0.736012578,"18":0.7378540635,"19":0.7366083264,"20":0.7434328198,"21":0.7434870005,"22":0.7450577021,"23":0.743811965,"24":0.7458159328,"25":0.7487407327,"26":0.747386694,"27":0.7480908036,"28":0.7475491762,"29":0.7507988811,"30":0.7538861632,"31":0.7529653907,"32":0.7517738342,"33":0.7538319826,"34":0.7571900487,"35":0.752261281,"36":0.7533987164,"37":0.753723681,"38":0.7545360923,"39":0.7583274841,"40":0.7569733858,"41":0.7587607503,"42":0.7582733035,"43":0.7590315938,"44":0.7594107389,"45":0.760656476,"46":0.7595190406,"47":0.762822926,"48":0.7621188164,"49":0.7638520002,"50":0.7635270357,"51":0.7643936276,"52":0.7633104324,"53":0.7675350904,"54":0.7628771067,"55":0.7635270357,"56":0.7658560276,"57":0.7668851018,"58":0.7653685808,"59":0.7666143179},"auc":{"0":0.5473166704,"1":0.5674706697,"2":0.5690703988,"3":0.5754429698,"4":0.5802718401,"5":0.5803117156,"6":0.5756585598,"7":0.5973187685,"8":0.5900199413,"9":0.5886416435,"10":0.5938653946,"11":0.5903893113,"12":0.591892004,"13":0.601791203,"14":0.5983408689,"15":0.603246212,"16":0.6044911146,"17":0.6045833826,"18":0.6053919792,"19":0.6029096842,"20":0.6088285446,"21":0.6099869013,"22":0.6089000106,"23":0.6113491058,"24":0.6111024618,"25":0.6162670851,"26":0.6114163399,"27":0.6144977808,"28":0.614687562,"29":0.6195779443,"30":0.6157519817,"31":0.6170603633,"32":0.6188176274,"33":0.6204112768,"34":0.618902564,"35":0.6161980033,"36":0.6170036793,"37":0.6206086874,"38":0.6185417175,"39":0.6213366985,"40":0.6268367767,"41":0.6254934072,"42":0.625036478,"43":0.6272984147,"44":0.6319532394,"45":0.6295422912,"46":0.6277420521,"47":0.6317265034,"48":0.6304735541,"49":0.6363968849,"50":0.6399050355,"51":0.636361897,"52":0.6364833117,"53":0.642898798,"54":0.6396414042,"55":0.6422256827,"56":0.6398745775,"57":0.6442859173,"58":0.6365178823,"59":0.6391359568},"val_loss":{"0":46.8573608398,"1":43.8113250732,"2":40.9612426758,"3":38.25989151,"4":35.7141685486,"5":33.3303146362,"6":31.0603027344,"7":28.9061012268,"8":26.8821983337,"9":24.9727077484,"10":23.163974762,"11":21.4536857605,"12":19.8366527557,"13":18.3121299744,"14":16.8751029968,"15":15.5213623047,"16":14.2477693558,"17":13.0534000397,"18":11.9340362549,"19":10.8864126205,"20":9.9084386826,"21":8.9972057343,"22":8.1488618851,"23":7.3623027802,"24":6.6350688934,"25":5.9629411697,"26":5.3462715149,"27":4.7794780731,"28":4.2615070343,"29":3.7921302319,"30":3.3650617599,"31":2.984120369,"32":2.636762619,"33":2.3306956291,"34":2.0615520477,"35":1.8254411221,"36":1.6241234541,"37":1.4434359074,"38":1.2898629904,"39":1.1604984999,"40":1.0364328623,"41":0.9322865009,"42":0.8690129519,"43":0.8013263941,"44":0.7408481836,"45":0.6987547874,"46":0.6881793141,"47":0.6673319936,"48":0.6393871307,"49":0.6309607625,"50":0.6203147769,"51":0.6117866635,"52":0.6100794673,"53":0.5978242159,"54":0.6125227809,"55":0.6056922078,"56":0.5873638988,"57":0.6129119992,"58":0.5907547474,"59":0.6128065586},"val_acc":{"0":0.7071056962,"1":0.7250866294,"2":0.7311525345,"3":0.7510831952,"4":0.7584488988,"5":0.7530329227,"6":0.7571490407,"7":0.7690641284,"8":0.7710138559,"9":0.7705805898,"10":0.7714471221,"11":0.771663785,"12":0.7714471221,"13":0.771663785,"14":0.7720970511,"15":0.7694973946,"16":0.7707972527,"17":0.7714471221,"18":0.7694973946,"19":0.7694973946,"20":0.7703639269,"21":0.7703639269,"22":0.7697140574,"23":0.7697140574,"24":0.7688474655,"25":0.7694973946,"26":0.7697140574,"27":0.7697140574,"28":0.7701473236,"29":0.7699306607,"30":0.7690641284,"31":0.7692807913,"32":0.7699306607,"33":0.7697140574,"34":0.7686308622,"35":0.7681975961,"36":0.767547667,"37":0.7666811347,"38":0.7662478089,"39":0.7647313476,"40":0.7649480104,"41":0.7651646733,"42":0.7647313476,"43":0.7634315491,"44":0.7645147443,"45":0.7632148862,"46":0.7619150877,"47":0.7634315491,"48":0.7636481524,"49":0.7632148862,"50":0.7636481524,"51":0.7638648152,"52":0.7634315491,"53":0.7653812766,"54":0.7638648152,"55":0.7625650167,"56":0.7638648152,"57":0.7634315491,"58":0.7660312057,"59":0.7647313476},"val_auc":{"0":0.6714893579,"1":0.6723796725,"2":0.6739732027,"3":0.6752283573,"4":0.6752752066,"5":0.6749333143,"6":0.6748078465,"7":0.674923718,"8":0.6746408939,"9":0.674952507,"10":0.6752130985,"11":0.6760693789,"12":0.6783536673,"13":0.678627491,"14":0.6794806719,"15":0.679833591,"16":0.6795037985,"17":0.6798335314,"18":0.6796438694,"19":0.6800475121,"20":0.6804677844,"21":0.6809965372,"22":0.6809353232,"23":0.6817680597,"24":0.6816974282,"25":0.6818358302,"26":0.6812865734,"27":0.6827936172,"28":0.6820291281,"29":0.6827141643,"30":0.6827421188,"31":0.6828077435,"32":0.683272779,"33":0.6827960014,"34":0.683447957,"35":0.6837260127,"36":0.68326056,"37":0.6843366027,"38":0.685148716,"39":0.684795022,"40":0.6843578815,"41":0.6856963634,"42":0.6821665764,"43":0.6839493513,"44":0.6837143898,"45":0.6840606928,"46":0.6838285923,"47":0.6845254302,"48":0.6845632195,"49":0.684907198,"50":0.6842727661,"51":0.6862989664,"52":0.6840665936,"53":0.6871418953,"54":0.6851980686,"55":0.6851593256,"56":0.6866617203,"57":0.6855553389,"58":0.6855310202,"59":0.6850470304}}