{"loss":{"0":47.5831108093,"1":44.4754600525,"2":41.5751075745,"3":38.837387085,"4":36.2652664185,"5":33.8380699158,"6":31.5594501495,"7":29.3992843628,"8":27.3605594635,"9":25.431142807,"10":23.5967903137,"11":21.8768081665,"12":20.2448368073,"13":18.7065467834,"14":17.2524471283,"15":15.8942871094,"16":14.6051445007,"17":13.3983240128,"18":12.2642498016,"19":11.2002439499,"20":10.2106075287,"21":9.2909088135,"22":8.4212017059,"23":7.6242723465,"24":6.8800234795,"25":6.2004122734,"26":5.5640807152,"27":4.9877672195,"28":4.452434063,"29":3.9803674221,"30":3.5381298065,"31":3.1434676647,"32":2.787427187,"33":2.4697668552,"34":2.1852784157,"35":1.9357331991,"36":1.7063981295,"37":1.5160280466,"38":1.3555911779,"39":1.2020782232,"40":1.0804103613,"41":0.9770751595,"42":0.8937702179,"43":0.824678719,"44":0.7629913688,"45":0.7183154225,"46":0.6820868254,"47":0.6481274962,"48":0.6289991736,"49":0.60880059,"50":0.6071256399,"51":0.5942996144,"52":0.5864287615,"53":0.584813118,"54":0.5839891434},"acc":{"0":0.55467695,"1":0.5890158415,"2":0.6032063961,"3":0.618209362,"4":0.6343497634,"5":0.6576937437,"6":0.6659264565,"7":0.6716676354,"8":0.6773546934,"9":0.6828250885,"10":0.6986405253,"11":0.6961490512,"12":0.7042192221,"13":0.710772872,"14":0.7135351896,"15":0.717055738,"16":0.7185722589,"17":0.7226886153,"18":0.7247467637,"19":0.7264258265,"20":0.7258841991,"21":0.7226344347,"22":0.7308129668,"23":0.7323295474,"24":0.7315712571,"25":0.7314629555,"26":0.7368791699,"27":0.7363917232,"28":0.7355251312,"29":0.7336294055,"30":0.7380165458,"31":0.7344959974,"32":0.7363375425,"33":0.738124907,"34":0.737474978,"35":0.7407788634,"36":0.7422953844,"37":0.7394248247,"38":0.7418621182,"39":0.7448952198,"40":0.743216157,"41":0.7468450665,"42":0.7455993295,"43":0.7485240698,"44":0.7466284037,"45":0.7447868586,"46":0.7463034391,"47":0.7470616698,"48":0.7509072423,"49":0.7551860213,"50":0.7477657795,"51":0.7500947714,"52":0.7508530617,"53":0.7524237633,"54":0.7557276487},"auc":{"0":0.5522955656,"1":0.567212224,"2":0.5717097521,"3":0.5746846199,"4":0.5737043619,"5":0.5850366354,"6":0.5754063129,"7":0.5795680285,"8":0.5793293715,"9":0.5790754557,"10":0.5929688215,"11":0.5885924697,"12":0.5927320123,"13":0.5976237059,"14":0.6016843319,"15":0.5971469879,"16":0.5990889072,"17":0.6013122797,"18":0.6037500501,"19":0.6035289168,"20":0.6036624312,"21":0.6001353264,"22":0.6142654419,"23":0.6059733629,"24":0.6134524345,"25":0.6106666923,"26":0.619170785,"27":0.6142954826,"28":0.6211248636,"29":0.612731576,"30":0.6160951853,"31":0.6141998172,"32":0.6176149845,"33":0.6164932251,"34":0.6177126765,"35":0.6131006479,"36":0.6265184879,"37":0.6212691069,"38":0.6158745289,"39":0.6268154383,"40":0.6275969744,"41":0.6234568357,"42":0.6232290268,"43":0.619735837,"44":0.6248469949,"45":0.6235511303,"46":0.6242523193,"47":0.6331552267,"48":0.6310965419,"49":0.6384574175,"50":0.626121819,"51":0.6320240498,"52":0.636372447,"53":0.6327121258,"54":0.6312766075},"val_loss":{"0":45.9513092041,"1":43.0102539062,"2":40.3003501892,"3":37.5858078003,"4":35.0670471191,"5":32.7584609985,"6":30.5167560577,"7":28.4555721283,"8":26.4595489502,"9":24.5803337097,"10":22.8182888031,"11":21.120223999,"12":19.5294551849,"13":18.0020847321,"14":16.5747833252,"15":15.2605104446,"16":14.00806427,"17":12.8303823471,"18":11.742723465,"19":10.7045240402,"20":9.7458572388,"21":8.8384389877,"22":8.0097942352,"23":7.2340126038,"24":6.5218381882,"25":5.8615202904,"26":5.2732291222,"27":4.7082214355,"28":4.2208099365,"29":3.7432706356,"30":3.3195688725,"31":2.9388976097,"32":2.5978517532,"33":2.3054666519,"34":2.0333168507,"35":1.7994987965,"36":1.6018761396,"37":1.4135469198,"38":1.2525572777,"39":1.1237397194,"40":1.0131143332,"41":0.9116159081,"42":0.8244044185,"43":0.765604496,"44":0.7170919776,"45":0.6725264192,"46":0.639139235,"47":0.6244677305,"48":0.5991542339,"49":0.5904145837,"50":0.5939656496,"51":0.5738238692,"52":0.5777437091,"53":0.5797719359,"54":0.5752079487},"val_acc":{"0":0.5077989697,"1":0.4549393356,"2":0.2538994849,"3":0.3988301456,"4":0.4904679358,"5":0.4035961926,"6":0.4798526764,"7":0.4261265099,"8":0.448006928,"9":0.4551559687,"10":0.4287261665,"11":0.4707539082,"12":0.4828856289,"13":0.5721403956,"14":0.6180675626,"15":0.6072357297,"16":0.6148180366,"17":0.6280329227,"18":0.6180675626,"19":0.6416811347,"20":0.6486135125,"21":0.6767764091,"22":0.6819757223,"23":0.6967071295,"24":0.6960572004,"25":0.7008232474,"26":0.6800259948,"27":0.7001733184,"28":0.6752599478,"29":0.7062391639,"30":0.7348353267,"31":0.7478336096,"32":0.749350071,"33":0.7497833371,"34":0.7536828518,"35":0.7461005449,"36":0.75,"37":0.7530329227,"38":0.7575823069,"39":0.758015573,"40":0.7567157745,"41":0.7614818215,"42":0.7645147443,"43":0.7651646733,"44":0.7653812766,"45":0.767547667,"46":0.7684141994,"47":0.7642980814,"48":0.7666811347,"49":0.7634315491,"50":0.7610485554,"51":0.7642980814,"52":0.7608318925,"53":0.7606152296,"54":0.7595320344},"val_auc":{"0":0.6585966349,"1":0.6590276957,"2":0.6554300189,"3":0.6608116627,"4":0.6609972715,"5":0.6600927114,"6":0.6603809595,"7":0.6597274542,"8":0.6600880027,"9":0.6604068279,"10":0.6597198248,"11":0.6601007581,"12":0.659573555,"13":0.6605867147,"14":0.6605744362,"15":0.6608842015,"16":0.661793828,"17":0.6625961065,"18":0.6628535986,"19":0.6642822623,"20":0.6653432846,"21":0.6658831835,"22":0.6659516692,"23":0.6671232581,"24":0.6666229367,"25":0.6668840647,"26":0.6669034958,"27":0.6679230332,"28":0.6671508551,"29":0.6675584316,"30":0.6672247648,"31":0.6669509411,"32":0.6676312685,"33":0.6662968993,"34":0.6666963696,"35":0.6683648825,"36":0.6663252115,"37":0.6686278582,"38":0.6686285734,"39":0.6678595543,"40":0.6677650213,"41":0.6683582067,"42":0.6687226892,"43":0.6668545008,"44":0.6665793061,"45":0.6669769883,"46":0.6672201157,"47":0.6653212309,"48":0.6678135395,"49":0.6676248908,"50":0.6666088104,"51":0.6676068306,"52":0.6677648425,"53":0.6677527428,"54":0.6676757336}}