{"loss":{"0":48.455280304,"1":45.2866477966,"2":42.3318634033,"3":39.5405082703,"4":36.9103393555,"5":34.454875946,"6":32.1161193848,"7":29.9145717621,"8":27.826385498,"9":25.8631763458,"10":23.9985046387,"11":22.245929718,"12":20.592300415,"13":19.0203208923,"14":17.5467262268,"15":16.1423873901,"16":14.8466072083,"17":13.613527298,"18":12.4647607803,"19":11.3887166977,"20":10.3728199005,"21":9.4257144928,"22":8.5543479919,"23":7.742816925,"24":6.9847617149,"25":6.2928290367,"26":5.6549215317,"27":5.0630655289,"28":4.5272517204,"29":4.0366168022,"30":3.582170248,"31":3.1808292866,"32":2.8245191574,"33":2.4958348274,"34":2.21022439,"35":1.9567712545,"36":1.7311037779,"37":1.5328662395,"38":1.3620115519,"39":1.2138926983,"40":1.0876885653,"41":0.9832677245,"42":0.8970698118,"43":0.8210997581,"44":0.7633770108,"45":0.7148435712,"46":0.6863356829,"47":0.651953578,"48":0.6256521344,"49":0.6166349649,"50":0.6052663326,"51":0.5933443904,"52":0.5903835297,"53":0.5804957747,"54":0.5813379884,"55":0.5819080472,"56":0.5741708875,"57":0.5698328614,"58":0.5727216005,"59":0.5690105557,"60":0.5718536377,"61":0.5678125024,"62":0.5666827559,"63":0.5649391413},"acc":{"0":0.5551102161,"1":0.5865244269,"2":0.6030980945,"3":0.6228131652,"4":0.6443698406,"5":0.6526566744,"6":0.6688511968,"7":0.6786546111,"8":0.6906244755,"9":0.6943616867,"10":0.7042734027,"11":0.7045983672,"12":0.7121810913,"13":0.7173265219,"14":0.7207929492,"15":0.7268049717,"16":0.7277798653,"17":0.7271841168,"18":0.7259383798,"19":0.7268049717,"20":0.7323295474,"21":0.7350918055,"22":0.7376374602,"23":0.737474978,"24":0.7376374602,"25":0.7393706441,"26":0.7355792522,"27":0.7405080199,"28":0.7379082441,"29":0.7431078553,"30":0.7447868586,"31":0.7451660037,"32":0.7420787811,"33":0.7435411215,"34":0.7454909682,"35":0.7457618117,"36":0.7442994118,"37":0.7473325133,"38":0.745924294,"39":0.7463575602,"40":0.7499322891,"41":0.751611352,"42":0.752857089,"43":0.7556193471,"44":0.7529653907,"45":0.7541569471,"46":0.7500406504,"47":0.7530195713,"48":0.7568650842,"49":0.7581650019,"50":0.7557818294,"51":0.7580566406,"52":0.7546444535,"53":0.7577858567,"54":0.7590857148,"55":0.7616313696,"56":0.7600064874,"57":0.7592481971,"58":0.7604398131,"59":0.7645561099,"60":0.7582733035,"61":0.7635812163,"62":0.7623896599,"63":0.7641770244},"auc":{"0":0.5485647917,"1":0.5740936995,"2":0.5649057627,"3":0.5739490986,"4":0.5856211185,"5":0.5658526421,"6":0.5816452503,"7":0.5832806826,"8":0.5920321941,"9":0.588552177,"10":0.5962218046,"11":0.5942863226,"12":0.5905815363,"13":0.5959088802,"14":0.5954854488,"15":0.6056504846,"16":0.5995172262,"17":0.6030009985,"18":0.6014046669,"19":0.5960432291,"20":0.6038138866,"21":0.6075792313,"22":0.6018534899,"23":0.6007597446,"24":0.6096473932,"25":0.6076216698,"26":0.6030724049,"27":0.6076541543,"28":0.6098743677,"29":0.6070445776,"30":0.6207854748,"31":0.6197017431,"32":0.6164171696,"33":0.6192227602,"34":0.6178408861,"35":0.6123719215,"36":0.6165745258,"37":0.6158584356,"38":0.6168578863,"39":0.6205294132,"40":0.6243737936,"41":0.6215672493,"42":0.6193137169,"43":0.627853632,"44":0.626778841,"45":0.6289978623,"46":0.617875576,"47":0.62779814,"48":0.6339445114,"49":0.6252841949,"50":0.6236243248,"51":0.6300276518,"52":0.6279736757,"53":0.6392774582,"54":0.6324498057,"55":0.6290235519,"56":0.6371725202,"57":0.6422647238,"58":0.6333837509,"59":0.6389499307,"60":0.6342941523,"61":0.6356962919,"62":0.6384310722,"63":0.6390816569},"val_loss":{"0":46.8598251343,"1":43.967300415,"2":41.0437049866,"3":38.2725753784,"4":35.7132606506,"5":33.3235931396,"6":31.0312538147,"7":28.8788223267,"8":26.8187427521,"9":24.8585300446,"10":23.0317974091,"11":21.3209857941,"12":19.7032566071,"13":18.177154541,"14":16.7430763245,"15":15.394780159,"16":14.128080368,"17":12.9399232864,"18":11.8259344101,"19":10.7843503952,"20":9.8121738434,"21":8.9069852829,"22":8.0670099258,"23":7.286696434,"24":6.5644659996,"25":5.8986339569,"26":5.2832279205,"27":4.7227325439,"28":4.2098851204,"29":3.7449407578,"30":3.3233795166,"31":2.9414889812,"32":2.5999698639,"33":2.2943527699,"34":2.0277252197,"35":1.7904139757,"36":1.5802241564,"37":1.3994376659,"38":1.2448849678,"39":1.1080985069,"40":0.9948335886,"41":0.897467494,"42":0.815209806,"43":0.7528094053,"44":0.6992875338,"45":0.6617751718,"46":0.629997611,"47":0.6058577299,"48":0.5939002037,"49":0.5826413035,"50":0.5752772689,"51":0.571827352,"52":0.5705893636,"53":0.5623960495,"54":0.5632764101,"55":0.5538973212,"56":0.5585517287,"57":0.5527075529,"58":0.5540319681,"59":0.5536286235,"60":0.5470343828,"61":0.5544077754,"62":0.5536703467,"63":0.5563822985},"val_acc":{"0":0.405112654,"1":0.2461005151,"2":0.3136914968,"3":0.4445407391,"4":0.4776863158,"5":0.4766031206,"6":0.5327122808,"7":0.5565424562,"8":0.6301993132,"9":0.7253032923,"10":0.7532495856,"11":0.7590987682,"12":0.7686308622,"13":0.7703639269,"14":0.772313714,"15":0.7699306607,"16":0.7703639269,"17":0.7701473236,"18":0.7699306607,"19":0.771663785,"20":0.7701473236,"21":0.7694973946,"22":0.7697140574,"23":0.7701473236,"24":0.7697140574,"25":0.7697140574,"26":0.7705805898,"27":0.7699306607,"28":0.7701473236,"29":0.7697140574,"30":0.7703639269,"31":0.7701473236,"32":0.7697140574,"33":0.7705805898,"34":0.7697140574,"35":0.7690641284,"36":0.7703639269,"37":0.7701473236,"38":0.7694973946,"39":0.7688474655,"40":0.7688474655,"41":0.7692807913,"42":0.7707972527,"43":0.7699306607,"44":0.7699306607,"45":0.7694973946,"46":0.7697140574,"47":0.7697140574,"48":0.7690641284,"49":0.7694973946,"50":0.7690641284,"51":0.7694973946,"52":0.7699306607,"53":0.7690641284,"54":0.7690641284,"55":0.7697140574,"56":0.7690641284,"57":0.7694973946,"58":0.7694973946,"59":0.7690641284,"60":0.7694973946,"61":0.7694973946,"62":0.7692807913,"63":0.7694973946},"val_auc":{"0":0.6653063297,"1":0.6669687033,"2":0.6670330763,"3":0.6675798297,"4":0.6673645377,"5":0.6674023867,"6":0.667991519,"7":0.6683097482,"8":0.6679785252,"9":0.6683365107,"10":0.668407321,"11":0.6680279374,"12":0.6682868004,"13":0.668272078,"14":0.6685167551,"15":0.6689203382,"16":0.6688987017,"17":0.6694742441,"18":0.6700193882,"19":0.6703772545,"20":0.6705259085,"21":0.6706825495,"22":0.6702136993,"23":0.6699180007,"24":0.6698215604,"25":0.6703618765,"26":0.6716612577,"27":0.6716544628,"28":0.6721869111,"29":0.6722284555,"30":0.6729297638,"31":0.6734106541,"32":0.6742421389,"33":0.6750708222,"34":0.6748999357,"35":0.6747502089,"36":0.6745920181,"37":0.6756988764,"38":0.675214529,"39":0.6759290695,"40":0.6746323109,"41":0.6755652428,"42":0.6771132946,"43":0.6777243614,"44":0.6781502962,"45":0.6769378185,"46":0.6786806583,"47":0.67810601,"48":0.6769993901,"49":0.6765325069,"50":0.677283287,"51":0.6784530282,"52":0.6785313487,"53":0.6772661209,"54":0.6775146127,"55":0.6777891517,"56":0.6767445803,"57":0.6764578819,"58":0.6785731316,"59":0.6779392958,"60":0.6782251596,"61":0.6776710749,"62":0.6783037186,"63":0.6770513058}}