,loss,acc,auc,val_loss,val_acc,val_auc
0,0.47780299186706543,0.7924609780311584,0.7276079654693604,0.47255411744117737,0.7898613810539246,0.7866898775100708
1,0.44909682869911194,0.8043760657310486,0.7672595977783203,0.4579133987426758,0.7976602911949158,0.7971326112747192
2,0.4324764013290405,0.8144497275352478,0.7869450449943542,0.45208215713500977,0.7993934154510498,0.8077561259269714
3,0.4180702865123749,0.8187825083732605,0.8049259185791016,0.42813587188720703,0.8145580291748047,0.818950891494751
4,0.4052918255329132,0.8297227025032043,0.8192335367202759,0.44223150610923767,0.8015598058700562,0.8192312717437744
5,0.3952989876270294,0.8331888914108276,0.8307157158851624,0.43317967653274536,0.8158578872680664,0.8192259669303894
6,0.3825623095035553,0.8387131690979004,0.8423643112182617,0.44009318947792053,0.8076256513595581,0.8225128650665283
