{"loss":{"0":0.4823951721,"1":0.4506842792,"2":0.4345285892,"3":0.4193535745,"4":0.4103911221,"5":0.3983783126,"6":0.3885957897,"7":0.3734758198,"8":0.3599639833},"acc":{"0":0.7910528779,"1":0.8054592609,"2":0.8127166629,"3":0.8191074729,"4":0.8231152296,"5":0.8286395073,"6":0.8337305188,"7":0.8433708549,"8":0.8491117954},"auc":{"0":0.7344722748,"1":0.7767161727,"2":0.7987622023,"3":0.8148884773,"4":0.8234723806,"5":0.8351000547,"6":0.8445799351,"7":0.8581866026,"8":0.8695979714},"val_loss":{"0":0.4794738293,"1":0.4551683962,"2":0.4347854555,"3":0.4314076602,"4":0.4338833392,"5":0.4296916127,"6":0.4346187115,"7":0.4621015191,"8":0.4380517006},"val_acc":{"0":0.7872617245,"1":0.8115251064,"2":0.8167244196,"3":0.8093587756,"4":0.8093587756,"5":0.8154246211,"6":0.81889081,"7":0.8201906681,"8":0.8154246211},"val_auc":{"0":0.7921030521,"1":0.8009822369,"2":0.8057556748,"3":0.8072496653,"4":0.8051604629,"5":0.8091117144,"6":0.8001756072,"7":0.7981001139,"8":0.7964208126}}