{"loss":{"0":0.4766642749,"1":0.4381654859,"2":0.4195901453,"3":0.4086401165,"4":0.3937757611,"5":0.3834359348,"6":0.3714800179},"acc":{"0":0.788561523,"1":0.8129332662,"2":0.8193240762,"3":0.8261481524,"4":0.8330805898,"5":0.8380632401,"6":0.8401213288},"auc":{"0":0.7350645065,"1":0.7858399153,"2":0.8069086075,"3":0.816141367,"4":0.8349604011,"5":0.8450011015,"6":0.8559631109},"val_loss":{"0":0.461227864,"1":0.443157047,"2":0.4536807835,"3":0.439817667,"4":0.4405660629,"5":0.5102046132,"6":0.4734974802},"val_acc":{"0":0.8028596044,"1":0.8058925271,"2":0.8093587756,"3":0.8093587756,"4":0.801993072,"5":0.8063258529,"6":0.7989601493},"val_auc":{"0":0.7685720921,"1":0.7809844017,"2":0.7814002037,"3":0.7853765488,"4":0.7899534106,"5":0.7794675827,"6":0.7813913822}}