{"loss":{"0":0.4778029919,"1":0.4490968287,"2":0.4324764013,"3":0.4180702865,"4":0.4052918255,"5":0.3952989876,"6":0.3825623095},"acc":{"0":0.792460978,"1":0.8043760657,"2":0.8144497275,"3":0.8187825084,"4":0.8297227025,"5":0.8331888914,"6":0.8387131691},"auc":{"0":0.7276079655,"1":0.7672595978,"2":0.786945045,"3":0.8049259186,"4":0.8192335367,"5":0.8307157159,"6":0.8423643112},"val_loss":{"0":0.4725541174,"1":0.4579133987,"2":0.4520821571,"3":0.4281358719,"4":0.4422315061,"5":0.4331796765,"6":0.4400931895},"val_acc":{"0":0.7898613811,"1":0.7976602912,"2":0.7993934155,"3":0.8145580292,"4":0.8015598059,"5":0.8158578873,"6":0.8076256514},"val_auc":{"0":0.7866898775,"1":0.7971326113,"2":0.8077561259,"3":0.8189508915,"4":0.8192312717,"5":0.8192259669,"6":0.8225128651}}