{"loss":{"0":0.4844079912,"1":0.4444144368,"2":0.4314677119,"3":0.4205013216,"4":0.4125264287,"5":0.4006911218,"6":0.3926798701,"7":0.3791345954,"8":0.3627090752,"9":0.3482891321,"10":0.3299176991},"acc":{"0":0.7879115939,"1":0.8089254498,"2":0.8168327808,"3":0.8195407391,"4":0.8260398507,"5":0.8337305188,"6":0.8366551399,"7":0.8436958194,"8":0.8538778424,"9":0.8610268831,"10":0.8694757223},"auc":{"0":0.727408886,"1":0.779840827,"2":0.7954136133,"3":0.8052774668,"4":0.813061595,"5":0.8256372213,"6":0.8325124979,"7":0.8467258215,"8":0.8609577417,"9":0.8724169135,"10":0.8860430717},"val_loss":{"0":0.4501404166,"1":0.4434116781,"2":0.4512218535,"3":0.4190804958,"4":0.4229054153,"5":0.4171799719,"6":0.4141196311,"7":0.4124369919,"8":0.422605902,"9":0.4171737731,"10":0.4513056278},"val_acc":{"0":0.8032928705,"1":0.8063258529,"2":0.806759119,"3":0.8180242777,"4":0.8162911534,"5":0.8184575438,"6":0.8214904666,"7":0.8245233893,"8":0.81889081,"9":0.8258232474,"10":0.8089254498},"val_auc":{"0":0.7938761711,"1":0.7997061014,"2":0.8011871576,"3":0.8193608522,"4":0.8080790043,"5":0.82107687,"6":0.8208646774,"7":0.8166319728,"8":0.8208851814,"9":0.8161308765,"10":0.8162819743}}