{"loss":{"0":0.4762191772,"1":0.4457565248,"2":0.4280290306,"3":0.4184194207,"4":0.4060305953,"5":0.3968748152,"6":0.3871723711,"7":0.3749247789},"acc":{"0":0.7926776409,"1":0.8092504144,"2":0.8139081597,"3":0.8222486973,"4":0.8286395073,"5":0.8306975961,"6":0.8371967077,"7":0.8448873758},"auc":{"0":0.7228118777,"1":0.7666909695,"2":0.7902466655,"3":0.8022156954,"4":0.8127907515,"5":0.8255950809,"6":0.8358653784,"7":0.8476660252},"val_loss":{"0":0.443202585,"1":0.4438192546,"2":0.4166390002,"3":0.4169651866,"4":0.4116126001,"5":0.416785121,"6":0.4147145748,"7":0.4244190156},"val_acc":{"0":0.7959272265,"1":0.8084921837,"2":0.8227902651,"3":0.8266897798,"4":0.8279895782,"5":0.8288561702,"6":0.8279895782,"7":0.8167244196},"val_auc":{"0":0.7967381477,"1":0.7988375425,"2":0.807664156,"3":0.8106108308,"4":0.8135006428,"5":0.8105100393,"6":0.8118801117,"7":0.8096439838}}