,loss,acc,auc,val_loss,val_acc,val_auc
0,0.4823951721191406,0.7910528779029846,0.7344722747802734,0.4794738292694092,0.7872617244720459,0.7921030521392822
1,0.4506842792034149,0.8054592609405518,0.7767161726951599,0.45516839623451233,0.8115251064300537,0.8009822368621826
2,0.4345285892486572,0.8127166628837585,0.7987622022628784,0.4347854554653168,0.816724419593811,0.8057556748390198
3,0.41935357451438904,0.8191074728965759,0.8148884773254395,0.4314076602458954,0.8093587756156921,0.8072496652603149
4,0.4103911221027374,0.8231152296066284,0.8234723806381226,0.43388333916664124,0.8093587756156921,0.8051604628562927
5,0.39837831258773804,0.8286395072937012,0.8351000547409058,0.4296916127204895,0.8154246211051941,0.8091117143630981
6,0.3885957896709442,0.8337305188179016,0.8445799350738525,0.4346187114715576,0.8188908100128174,0.8001756072044373
7,0.3734758198261261,0.8433708548545837,0.8581866025924683,0.4621015191078186,0.8201906681060791,0.7981001138687134
8,0.359963983297348,0.849111795425415,0.8695979714393616,0.438051700592041,0.8154246211051941,0.7964208126068115
