,loss,acc,auc,val_loss,val_acc,val_auc
0,0.476664274930954,0.7885615229606628,0.7350645065307617,0.4612278640270233,0.8028596043586731,0.7685720920562744
1,0.43816548585891724,0.8129332661628723,0.7858399152755737,0.44315704703330994,0.8058925271034241,0.7809844017028809
2,0.41959014534950256,0.8193240761756897,0.8069086074829102,0.45368078351020813,0.8093587756156921,0.781400203704834
3,0.4086401164531708,0.8261481523513794,0.8161413669586182,0.4398176670074463,0.8093587756156921,0.7853765487670898
4,0.3937757611274719,0.8330805897712708,0.834960401058197,0.4405660629272461,0.8019930720329285,0.7899534106254578
5,0.3834359347820282,0.8380632400512695,0.8450011014938354,0.5102046132087708,0.8063258528709412,0.7794675827026367
6,0.3714800179004669,0.840121328830719,0.8559631109237671,0.4734974801540375,0.7989601492881775,0.7813913822174072
