,loss,acc,auc,val_loss,val_acc,val_auc
0,0.47621917724609375,0.792677640914917,0.7228118777275085,0.44320258498191833,0.7959272265434265,0.7967381477355957
1,0.4457565248012543,0.8092504143714905,0.7666909694671631,0.4438192546367645,0.8084921836853027,0.7988375425338745
2,0.42802903056144714,0.8139081597328186,0.7902466654777527,0.4166390001773834,0.822790265083313,0.807664155960083
3,0.41841942071914673,0.8222486972808838,0.8022156953811646,0.41696518659591675,0.8266897797584534,0.810610830783844
4,0.4060305953025818,0.8286395072937012,0.8127907514572144,0.4116126000881195,0.8279895782470703,0.8135006427764893
5,0.3968748152256012,0.8306975960731506,0.8255950808525085,0.4167851209640503,0.8288561701774597,0.8105100393295288
6,0.3871723711490631,0.8371967077255249,0.8358653783798218,0.4147145748138428,0.8279895782470703,0.8118801116943359
7,0.37492477893829346,0.844887375831604,0.8476660251617432,0.42441901564598083,0.816724419593811,0.8096439838409424
