{"loss":{"0":43.3098297119,"1":40.5763664246,"2":38.008846283,"3":35.5866966248,"4":33.3073425293,"5":31.1616840363,"6":29.1134738922,"7":27.1829166412,"8":25.3547344208,"9":23.6280345917,"10":21.990398407,"11":20.4441356659,"12":18.9680309296,"13":17.5837478638,"14":16.2718334198,"15":15.0435647964,"16":13.8681116104,"17":12.7671785355,"18":11.7396411896,"19":10.7604570389,"20":9.8509197235,"21":8.9993581772,"22":8.2021446228,"23":7.4639787674,"24":6.7719860077,"25":6.129052639,"26":5.5370030403,"27":4.9920463562,"28":4.4950003624,"29":4.0335178375,"30":3.6078839302,"31":3.2321269512,"32":2.8792622089,"33":2.5711934566,"34":2.2854831219,"35":2.0302336216,"36":1.8086379766,"37":1.6075232029,"38":1.4430623055,"39":1.284129262,"40":1.1561099291,"41":1.0450956821,"42":0.9466256499,"43":0.8738398552,"44":0.8052248359,"45":0.7545936108,"46":0.7095819712,"47":0.6731305718,"48":0.6463082433,"49":0.6295289397,"50":0.6144816279,"51":0.6018160582,"52":0.5955964327,"53":0.5902061462,"54":0.5827707052,"55":0.582721293,"56":0.5762076378,"57":0.5781988502,"58":0.5736013651,"59":0.5706335306,"60":0.5697358847,"61":0.5645990372,"62":0.5711191297,"63":0.5689448714},"acc":{"0":0.6311000586,"1":0.6491902471,"2":0.6643015742,"3":0.6730217338,"4":0.6853707433,"5":0.6889454722,"6":0.7013486624,"7":0.7024319172,"8":0.7067648768,"9":0.7076314688,"10":0.7142934799,"11":0.7149975896,"12":0.7187889218,"13":0.721280396,"14":0.7226344347,"15":0.7224178314,"16":0.7288631201,"17":0.7256675363,"18":0.726100862,"19":0.7278340459,"20":0.7272382379,"21":0.7288089991,"22":0.73541677,"23":0.7310296297,"24":0.7365542054,"25":0.7359583974,"26":0.7383956909,"27":0.7368249893,"28":0.7369874716,"29":0.7372041345,"30":0.7406705022,"31":0.7422412634,"32":0.7347126603,"33":0.7390998006,"34":0.7410496473,"35":0.7439202666,"36":0.745978415,"37":0.746574223,"38":0.7446785569,"39":0.7471158504,"40":0.7474949956,"41":0.7461950779,"42":0.7493906617,"43":0.7489573956,"44":0.7476574779,"45":0.750148952,"46":0.7515571713,"47":0.7519363165,"48":0.7546444535,"49":0.755890131,"50":0.7547527552,"51":0.757352531,"52":0.7571900487,"53":0.7587607503,"54":0.7590315938,"55":0.7570817471,"56":0.7584357858,"57":0.7586524487,"58":0.7612522244,"59":0.7602773309,"60":0.7625521421,"61":0.7637436986,"62":0.7602231503,"63":0.7611980438},"auc":{"0":0.5480051041,"1":0.5657807589,"2":0.5773102045,"3":0.5833250284,"4":0.5845328569,"5":0.5792889595,"6":0.5934688449,"7":0.5962597728,"8":0.5973776579,"9":0.5976507664,"10":0.597568512,"11":0.5972687006,"12":0.604392767,"13":0.6002926826,"14":0.6050231457,"15":0.5940941572,"16":0.6038831472,"17":0.6028944254,"18":0.5982733965,"19":0.6057978868,"20":0.6097359061,"21":0.6084048152,"22":0.6122723818,"23":0.607047677,"24":0.6098805666,"25":0.6144058704,"26":0.6189979315,"27":0.6127614975,"28":0.6128600836,"29":0.616543889,"30":0.6211830378,"31":0.6117761135,"32":0.6185863614,"33":0.6138581038,"34":0.619911015,"35":0.6218692064,"36":0.6233361959,"37":0.6278902888,"38":0.6187062263,"39":0.6249529123,"40":0.6266402006,"41":0.6255422831,"42":0.6325830221,"43":0.6264025569,"44":0.6288114786,"45":0.625931859,"46":0.6293962002,"47":0.6373051405,"48":0.6360582113,"49":0.6329679489,"50":0.6325824261,"51":0.636400044,"52":0.6328039169,"53":0.633071959,"54":0.6415963769,"55":0.6380835772,"56":0.6414784789,"57":0.6405510902,"58":0.6409870386,"59":0.6455222368,"60":0.6412210464,"61":0.6498817205,"62":0.6386811733,"63":0.6443992853},"val_loss":{"0":41.7031860352,"1":39.0788612366,"2":36.6076965332,"3":34.2792930603,"4":32.076385498,"5":29.9862747192,"6":28.0094718933,"7":26.141702652,"8":24.3675994873,"9":22.6903305054,"10":21.0965747833,"11":19.5890235901,"12":18.1631698608,"13":16.8183784485,"14":15.5503902435,"15":14.3455677032,"16":13.2145090103,"17":12.1512298584,"18":11.1493520737,"19":10.2115516663,"20":9.3309736252,"21":8.5114021301,"22":7.7443766594,"23":7.0313491821,"24":6.3688926697,"25":5.755294323,"26":5.1869678497,"27":4.6667790413,"28":4.1884465218,"29":3.7490637302,"30":3.351546526,"31":2.9863264561,"32":2.6597464085,"33":2.3677484989,"34":2.0957355499,"35":1.8644958735,"36":1.6534932852,"37":1.4722560644,"38":1.3098018169,"39":1.1702723503,"40":1.0588296652,"41":0.9585278034,"42":0.8668299913,"43":0.8039135337,"44":0.7358650565,"45":0.6978175044,"46":0.6573066115,"47":0.623847723,"48":0.6104794741,"49":0.5868695378,"50":0.5823388696,"51":0.5786883831,"52":0.5520851612,"53":0.54949224,"54":0.5528550744,"55":0.5466824174,"56":0.5538272858,"57":0.5448912382,"58":0.547629118,"59":0.5404825211,"60":0.5383307934,"61":0.5384263396,"62":0.5580012798,"63":0.5414943099},"val_acc":{"0":0.7575823069,"1":0.7647313476,"2":0.7658145428,"3":0.7575823069,"4":0.7666811347,"5":0.7755632401,"6":0.7759965062,"7":0.7753466368,"8":0.7757799029,"9":0.7753466368,"10":0.7751299739,"11":0.7753466368,"12":0.7762131691,"13":0.7766464353,"14":0.7749133706,"15":0.7757799029,"16":0.7766464353,"17":0.776429832,"18":0.7762131691,"19":0.7768630981,"20":0.7768630981,"21":0.7768630981,"22":0.776429832,"23":0.7768630981,"24":0.7759965062,"25":0.7766464353,"26":0.7766464353,"27":0.7755632401,"28":0.7770797014,"29":0.776429832,"30":0.776429832,"31":0.7766464353,"32":0.7770797014,"33":0.7770797014,"34":0.7775130272,"35":0.7779462934,"36":0.7785961628,"37":0.7781628966,"38":0.7785961628,"39":0.7785961628,"40":0.7781628966,"41":0.7790294886,"42":0.7792460918,"43":0.7785961628,"44":0.7783795595,"45":0.7733969092,"46":0.7785961628,"47":0.7794627547,"48":0.7794627547,"49":0.779679358,"50":0.7783795595,"51":0.7779462934,"52":0.7772963643,"53":0.7783795595,"54":0.7798960209,"55":0.7801126242,"56":0.7801126242,"57":0.7792460918,"58":0.7803292871,"59":0.7790294886,"60":0.7790294886,"61":0.7788128257,"62":0.7792460918,"63":0.7814124823},"val_auc":{"0":0.6554348469,"1":0.6564953327,"2":0.6585203409,"3":0.6591175199,"4":0.6588935256,"5":0.6588158011,"6":0.6592905521,"7":0.6599190235,"8":0.660294652,"9":0.6603405476,"10":0.6608609557,"11":0.6610025764,"12":0.6618410349,"13":0.6626032591,"14":0.6631931663,"15":0.6635724306,"16":0.6628431678,"17":0.6637150645,"18":0.6637842655,"19":0.6640894413,"20":0.6641546488,"21":0.6635057926,"22":0.6641327143,"23":0.6642211676,"24":0.6643021107,"25":0.6640719175,"26":0.6642627716,"27":0.6644886732,"28":0.6653571725,"29":0.6654820442,"30":0.6649576426,"31":0.666000247,"32":0.6654099822,"33":0.6664153337,"34":0.6667223573,"35":0.6666880846,"36":0.6685714722,"37":0.6677376628,"38":0.6673735976,"39":0.6673861742,"40":0.6678934097,"41":0.6679037809,"42":0.6680817604,"43":0.6689471006,"44":0.6676257253,"45":0.6666557789,"46":0.6689711809,"47":0.6686963439,"48":0.6704856157,"49":0.6713396311,"50":0.6702677608,"51":0.6716639996,"52":0.6707323194,"53":0.6715223789,"54":0.6700782776,"55":0.6695802212,"56":0.6713200808,"57":0.671350956,"58":0.6729786396,"59":0.6734003425,"60":0.6733921766,"61":0.6687315106,"62":0.6706045866,"63":0.6715579033}}