{"loss":{"0":50.7196807861,"1":47.2548370361,"2":44.0398864746,"3":41.0243530273,"4":38.1921958923,"5":35.5354537964,"6":33.0141944885,"7":30.6635742188,"8":28.4330825806,"9":26.3392486572,"10":24.3588104248,"11":22.4992675781,"12":20.7447357178,"13":19.0891075134,"14":17.548707962,"15":16.085981369,"16":14.7225513458,"17":13.4443397522,"18":12.2526073456,"19":11.1314601898,"20":10.0957946777,"21":9.1370849609,"22":8.2422018051,"23":7.4196410179,"24":6.6567559242,"25":5.9591941833,"26":5.3187389374,"27":4.7350583076,"28":4.2023153305,"29":3.7232201099,"30":3.2896566391,"31":2.9034378529,"32":2.556760788,"33":2.2487027645,"34":1.9799641371,"35":1.7432361841,"36":1.5412875414,"37":1.3557313681,"38":1.2050977945,"39":1.0735044479,"40":0.9691812992,"41":0.8760320544,"42":0.8076249361,"43":0.7482368946,"44":0.7001960278,"45":0.6631714106,"46":0.6301341653,"47":0.6138268113,"48":0.59438169,"49":0.5815724134,"50":0.5774795413,"51":0.571549952,"52":0.5633801222,"53":0.5621438622,"54":0.5611717701,"55":0.5610014796,"56":0.5497452021,"57":0.5498880744,"58":0.5506383777,"59":0.5454961061,"60":0.5458137393,"61":0.5447868109,"62":0.5483916402},"acc":{"0":0.50874722,"1":0.5522937775,"2":0.5812706351,"3":0.6101933718,"4":0.6319124699,"5":0.6458863616,"6":0.6654931307,"7":0.6734008789,"8":0.687916398,"9":0.6931159496,"10":0.7087689042,"11":0.7074148059,"12":0.7180848122,"13":0.7257217169,"14":0.7235552073,"15":0.7314087749,"16":0.7355251312,"17":0.7356334329,"18":0.7373666167,"19":0.7394789457,"20":0.7398580909,"21":0.7394248247,"22":0.7433244586,"23":0.7450577021,"24":0.7469533682,"25":0.7485782504,"26":0.749499023,"27":0.7505822182,"28":0.7524779439,"29":0.7513946891,"30":0.7557276487,"31":0.7562151551,"32":0.7552943826,"33":0.7566484213,"34":0.7563234568,"35":0.7551319003,"36":0.7563776374,"37":0.7608730793,"38":0.7595732212,"39":0.7602773309,"40":0.7611439228,"41":0.7570817471,"42":0.7625521421,"43":0.760710597,"44":0.7614688873,"45":0.7619021535,"46":0.7639061809,"47":0.7645561099,"48":0.7644478083,"49":0.7662351727,"50":0.7634729147,"51":0.7654227614,"52":0.767860055,"53":0.7666143179,"54":0.766993463,"55":0.7654227614,"56":0.7670475841,"57":0.7668309808,"58":0.7695932388,"59":0.7729513049,"60":0.7693224549,"61":0.7695390582,"62":0.7686724663},"auc":{"0":0.5593765974,"1":0.5849321485,"2":0.585796237,"3":0.5934040546,"4":0.5969485044,"5":0.588830471,"6":0.6019463539,"7":0.5956707001,"8":0.5978657007,"9":0.5973723531,"10":0.6051197052,"11":0.6055570841,"12":0.6059871912,"13":0.615198195,"14":0.6040425897,"15":0.6143522859,"16":0.6114741564,"17":0.6173917055,"18":0.6116392016,"19":0.6196931601,"20":0.6217551231,"21":0.6185525656,"22":0.6196074486,"23":0.6191263199,"24":0.6232852936,"25":0.6222766638,"26":0.6264568567,"27":0.6265947819,"28":0.6299430132,"29":0.6299461126,"30":0.6306884289,"31":0.6295953989,"32":0.6296650171,"33":0.6316761971,"34":0.6310647726,"35":0.6328665614,"36":0.6250348091,"37":0.6381310225,"38":0.6338869333,"39":0.6408149004,"40":0.6319009066,"41":0.6400885582,"42":0.6323392987,"43":0.6357116699,"44":0.635176003,"45":0.6378512383,"46":0.64643085,"47":0.6390504837,"48":0.6453578472,"49":0.6471910477,"50":0.6432380676,"51":0.6457209587,"52":0.6518723965,"53":0.6462756395,"54":0.6469688416,"55":0.6442284584,"56":0.6615881324,"57":0.6599850655,"58":0.6577825546,"59":0.6632277966,"60":0.6625486612,"61":0.6632748246,"62":0.6555313468},"val_loss":{"0":48.7636680603,"1":45.5266685486,"2":42.3823776245,"3":39.4445838928,"4":36.6868476868,"5":34.1006278992,"6":31.67877388,"7":29.4003829956,"8":27.2496585846,"9":25.2232589722,"10":23.3134040833,"11":21.5117549896,"12":19.8160514832,"13":18.2229976654,"14":16.7261638641,"15":15.3192491531,"16":14.0006399155,"17":12.7678623199,"18":11.6201477051,"19":10.5452690125,"20":9.5484733582,"21":8.6220350266,"22":7.7667226791,"23":6.9764595032,"24":6.2501964569,"25":5.5831503868,"26":4.9733190536,"27":4.4184813499,"28":3.9158425331,"29":3.4608821869,"30":3.0522882938,"31":2.6870903969,"32":2.3618328571,"33":2.0747025013,"34":1.821274519,"35":1.601809144,"36":1.4103087187,"37":1.2455743551,"38":1.1104362011,"39":0.9920560122,"40":0.8949261308,"41":0.8126248717,"42":0.7478767633,"43":0.7002946138,"44":0.6551975608,"45":0.6256821156,"46":0.6055628657,"47":0.5796173215,"48":0.5687972307,"49":0.5611787438,"50":0.5540515184,"51":0.550362587,"52":0.5544933677,"53":0.546271503,"54":0.5424866676,"55":0.5391472578,"56":0.5402069092,"57":0.5342901945,"58":0.5320157409,"59":0.5309998393,"60":0.5469713211,"61":0.5381209254,"62":0.5353116989},"val_acc":{"0":0.6353986263,"1":0.5844887495,"2":0.6720104218,"3":0.7279029489,"4":0.7590987682,"5":0.7658145428,"6":0.7690641284,"7":0.7692807913,"8":0.7699306607,"9":0.7705805898,"10":0.7701473236,"11":0.7703639269,"12":0.7705805898,"13":0.7703639269,"14":0.7699306607,"15":0.7703639269,"16":0.7703639269,"17":0.7701473236,"18":0.7705805898,"19":0.7701473236,"20":0.7697140574,"21":0.7697140574,"22":0.7697140574,"23":0.7694973946,"24":0.7690641284,"25":0.7690641284,"26":0.7694973946,"27":0.7701473236,"28":0.7697140574,"29":0.7701473236,"30":0.7699306607,"31":0.7697140574,"32":0.7697140574,"33":0.7692807913,"34":0.7703639269,"35":0.7714471221,"36":0.7690641284,"37":0.7688474655,"38":0.7684141994,"39":0.7684141994,"40":0.7681975961,"41":0.7694973946,"42":0.7699306607,"43":0.7684141994,"44":0.7701473236,"45":0.7692807913,"46":0.7673310041,"47":0.7701473236,"48":0.7701473236,"49":0.7681975961,"50":0.7697140574,"51":0.7681975961,"52":0.766897738,"53":0.7679809332,"54":0.7694973946,"55":0.7701473236,"56":0.772313714,"57":0.7712305188,"58":0.7725303173,"59":0.7712305188,"60":0.7660312057,"61":0.7692807913,"62":0.7701473236},"val_auc":{"0":0.6608144045,"1":0.6619670987,"2":0.6636010408,"3":0.6649113894,"4":0.6666871309,"5":0.6677997112,"6":0.6678761244,"7":0.6694096327,"8":0.6700416803,"9":0.6697933674,"10":0.67056036,"11":0.6706978083,"12":0.6711229086,"13":0.6710121036,"14":0.6710987091,"15":0.6709275842,"16":0.6707974076,"17":0.6724795699,"18":0.671946764,"19":0.672403574,"20":0.6719143987,"21":0.6718995571,"22":0.671633482,"23":0.6718533039,"24":0.6717410684,"25":0.6723001003,"26":0.6720253825,"27":0.6722370982,"28":0.6721987724,"29":0.6719272137,"30":0.672704339,"31":0.6737750769,"32":0.6734934449,"33":0.6737378836,"34":0.6746708155,"35":0.6742465496,"36":0.6750559211,"37":0.6757946014,"38":0.6745101213,"39":0.6740224361,"40":0.6741710901,"41":0.6757695675,"42":0.6758214235,"43":0.6757305861,"44":0.6745467186,"45":0.6767100692,"46":0.6795361042,"47":0.6809589863,"48":0.6765090227,"49":0.6770256758,"50":0.6788629889,"51":0.6784765124,"52":0.6803513765,"53":0.68098104,"54":0.6808463335,"55":0.6843835711,"56":0.6852950454,"57":0.6906468868,"58":0.6935158968,"59":0.6934377551,"60":0.6954319477,"61":0.6794118881,"62":0.6824314594}}