{"loss":{"0":51.6513252258,"1":48.1548843384,"2":44.8923606873,"3":41.8331069946,"4":38.9651947021,"5":36.2506523132,"6":33.7113761902,"7":31.3199138641,"8":29.0645141602,"9":26.9327430725,"10":24.9274368286,"11":23.0423622131,"12":21.2560253143,"13":19.5870227814,"14":18.007610321,"15":16.5249557495,"16":15.1436100006,"17":13.8408222198,"18":12.6241493225,"19":11.4970817566,"20":10.434679985,"21":9.4471788406,"22":8.5397472382,"23":7.6993303299,"24":6.9136891365,"25":6.2005233765,"26":5.539847374,"27":4.9409308434,"28":4.3896303177,"29":3.8937439919,"30":3.4407200813,"31":3.0416343212,"32":2.6822314262,"33":2.3605773449,"34":2.074473381,"35":1.8225164413,"36":1.6014447212,"37":1.4168324471,"38":1.2593790293,"39":1.117880106,"40":1.0065606833,"41":0.9118259549,"42":0.8376755714,"43":0.7686432004,"44":0.7159262896,"45":0.6769881845,"46":0.6499671936,"47":0.6253708005,"48":0.6090548635,"49":0.5976455212,"50":0.5924476385,"51":0.5815003514,"52":0.5829511285,"53":0.5790649652,"54":0.5741710663},"acc":{"0":0.4914152622,"1":0.5351784825,"2":0.5639386773,"3":0.5776417851,"4":0.6036397219,"5":0.6275795102,"6":0.6392244101,"7":0.6525483131,"8":0.6670097113,"9":0.672588408,"10":0.6861290336,"11":0.690299511,"12":0.7004278898,"13":0.7040026188,"14":0.7081730962,"15":0.7131560445,"16":0.7142392993,"17":0.7243134975,"18":0.7256675363,"19":0.7244759798,"20":0.7294047475,"21":0.7367166877,"22":0.7336835861,"23":0.733900249,"24":0.7350918055,"25":0.7401830554,"26":0.7405080199,"27":0.7433786392,"28":0.7421870828,"29":0.7452201843,"30":0.7487407327,"31":0.7478199601,"32":0.7454368472,"33":0.7455993295,"34":0.7466284037,"35":0.7502031326,"36":0.7538319826,"37":0.7473325133,"38":0.7518821359,"39":0.7530195713,"40":0.7521529794,"41":0.7502572536,"42":0.751611352,"43":0.7511238456,"44":0.7529112101,"45":0.7563234568,"46":0.7565401196,"47":0.7560526729,"48":0.7575150132,"49":0.7596273422,"50":0.7593023777,"51":0.760710597,"52":0.7599523664,"53":0.7611980438,"54":0.7620646954},"auc":{"0":0.5458974838,"1":0.5730881691,"2":0.5819107294,"3":0.5798020959,"4":0.5827913284,"5":0.5970443487,"6":0.5900014043,"7":0.5907289982,"8":0.5913202763,"9":0.591332972,"10":0.5958675146,"11":0.5891673565,"12":0.6017378569,"13":0.5966631174,"14":0.6003224254,"15":0.6081277132,"16":0.5983067751,"17":0.6064039469,"18":0.6080588698,"19":0.5974996686,"20":0.6088048816,"21":0.6136186719,"22":0.6084362268,"23":0.6051855683,"24":0.6143871546,"25":0.6131584644,"26":0.6170802116,"27":0.6119865179,"28":0.6200250387,"29":0.6184402108,"30":0.6244423389,"31":0.6205732226,"32":0.6180641651,"33":0.6182992458,"34":0.6234800816,"35":0.6259326935,"36":0.629460454,"37":0.6267741919,"38":0.6209653616,"39":0.6293451786,"40":0.6241633296,"41":0.6287062764,"42":0.6229525805,"43":0.6335764527,"44":0.6347432137,"45":0.6361831427,"46":0.6354480982,"47":0.6396617889,"48":0.6426156759,"49":0.6446322203,"50":0.6418812871,"51":0.6473555565,"52":0.6427134871,"53":0.645000577,"54":0.6516723633},"val_loss":{"0":49.7107048035,"1":46.3479614258,"2":43.1583633423,"3":40.1894073486,"4":37.4202003479,"5":34.7902526855,"6":32.3225288391,"7":30.0025424957,"8":27.8232936859,"9":25.7684726715,"10":23.8317661285,"11":22.0071487427,"12":20.294549942,"13":18.675403595,"14":17.1549510956,"15":15.7285575867,"16":14.4035387039,"17":13.1452026367,"18":11.982334137,"19":10.8813228607,"20":9.8619661331,"21":8.9178972244,"22":8.0397806168,"23":7.2350301743,"24":6.4900012016,"25":5.7960791588,"26":5.1688814163,"27":4.6004714966,"28":4.0816488266,"29":3.6043708324,"30":3.1797659397,"31":2.7999892235,"32":2.4596347809,"33":2.1617307663,"34":1.89179492,"35":1.6682161093,"36":1.4711066484,"37":1.2963047028,"38":1.1569360495,"39":1.0323774815,"40":0.9284083247,"41":0.8596859574,"42":0.7869185209,"43":0.7335982323,"44":0.7057910562,"45":0.6515704393,"46":0.6229503155,"47":0.618748486,"48":0.6068981886,"49":0.617868185,"50":0.6007454991,"51":0.5845319033,"52":0.58956182,"53":0.5960376263,"54":0.587644577},"val_acc":{"0":0.5457105637,"1":0.6107019186,"2":0.6873916984,"3":0.7341854572,"4":0.7404679656,"5":0.7677642703,"6":0.7738301754,"7":0.772313714,"8":0.7725303173,"9":0.7731802464,"10":0.7729635835,"11":0.7731802464,"12":0.771663785,"13":0.7712305188,"14":0.7718803883,"15":0.7707972527,"16":0.7699306607,"17":0.7703639269,"18":0.7694973946,"19":0.7694973946,"20":0.7697140574,"21":0.7690641284,"22":0.7692807913,"23":0.7694973946,"24":0.7701473236,"25":0.7699306607,"26":0.7699306607,"27":0.7694973946,"28":0.7701473236,"29":0.7707972527,"30":0.7703639269,"31":0.7707972527,"32":0.7705805898,"33":0.7705805898,"34":0.7701473236,"35":0.7694973946,"36":0.7688474655,"37":0.7694973946,"38":0.7686308622,"39":0.7686308622,"40":0.7688474655,"41":0.7684141994,"42":0.7686308622,"43":0.7686308622,"44":0.7681975961,"45":0.7686308622,"46":0.7686308622,"47":0.7681975961,"48":0.7686308622,"49":0.7671144009,"50":0.767547667,"51":0.7686308622,"52":0.7677642703,"53":0.766897738,"54":0.7677642703},"val_auc":{"0":0.6755691767,"1":0.675417304,"2":0.6778832674,"3":0.6780433655,"4":0.6796985865,"5":0.6807774305,"6":0.6801216006,"7":0.6796681881,"8":0.6801849604,"9":0.6806167364,"10":0.6800488234,"11":0.6807512045,"12":0.681648612,"13":0.6822546721,"14":0.6825566292,"15":0.6826976538,"16":0.6834506392,"17":0.6829738617,"18":0.6825143099,"19":0.683645606,"20":0.6825990677,"21":0.683152318,"22":0.6834082007,"23":0.6836585402,"24":0.6845818758,"25":0.6842712164,"26":0.6844962835,"27":0.6852021217,"28":0.6852275133,"29":0.6856521368,"30":0.6843532324,"31":0.6854473948,"32":0.6851423383,"33":0.6852314472,"34":0.6859643459,"35":0.6860132813,"36":0.6860071421,"37":0.6867697835,"38":0.6873046756,"39":0.6878311634,"40":0.6899867058,"41":0.6897400618,"42":0.6897898912,"43":0.6912360787,"44":0.6888431311,"45":0.6901073456,"46":0.6898264885,"47":0.6931008101,"48":0.6929445267,"49":0.6925777197,"50":0.6917315722,"51":0.6908913851,"52":0.694159627,"53":0.696526289,"54":0.6970224977}}