{"loss":{"0":49.9564552307,"1":46.5554618835,"2":43.3867988586,"3":40.41198349,"4":37.6203575134,"5":34.9991149902,"6":32.5327529907,"7":30.2028617859,"8":28.0137329102,"9":25.9453830719,"10":23.9996509552,"11":22.1618080139,"12":20.4308509827,"13":18.8159236908,"14":17.2846622467,"15":15.8474416733,"16":14.5151109695,"17":13.2543087006,"18":12.0833721161,"19":10.9855327606,"20":9.9672889709,"21":9.0253047943,"22":8.1487855911,"23":7.335483551,"24":6.5910592079,"25":5.9015808105,"26":5.2705936432,"27":4.6968917847,"28":4.1711554527,"29":3.7017395496,"30":3.2711613178,"31":2.8908555508,"32":2.5490632057,"33":2.2440521717,"34":1.9720830917,"35":1.7346277237,"36":1.5287233591,"37":1.3537838459,"38":1.2024589777,"39":1.078312397,"40":0.9656444192,"41":0.8744422197,"42":0.8018477559,"43":0.7435602546,"44":0.6959319711,"45":0.65938586,"46":0.634929359,"47":0.6097021699,"48":0.5946444273,"49":0.5903835297,"50":0.5755548477,"51":0.5676277876,"52":0.5663875341,"53":0.5665647388,"54":0.5637354255,"55":0.5627182126,"56":0.5658295751,"57":0.5577321053,"58":0.5584489107,"59":0.5523497462,"60":0.5526004434},"acc":{"0":0.646427989,"1":0.6686887145,"2":0.6837458611,"3":0.699940443,"4":0.7125602365,"5":0.7139684558,"6":0.7219845057,"7":0.7258841991,"8":0.7274007201,"9":0.7341710329,"10":0.7364458442,"11":0.7384498715,"12":0.7388831973,"13":0.7397497892,"14":0.7436494827,"15":0.7461950779,"16":0.7468991876,"17":0.7470616698,"18":0.7476574779,"19":0.7499864697,"20":0.7491198778,"21":0.7500406504,"22":0.7511238456,"23":0.7530195713,"24":0.7498781085,"25":0.7502031326,"26":0.7536153197,"27":0.7553485632,"28":0.7589232326,"29":0.7562151551,"30":0.7581650019,"31":0.7577858567,"32":0.7591398954,"33":0.7587607503,"34":0.7584899664,"35":0.75946486,"36":0.7597898245,"37":0.7603314519,"38":0.7600064874,"39":0.7589774132,"40":0.7607647777,"41":0.7641228437,"42":0.7623354793,"43":0.7610897422,"44":0.7622812986,"45":0.7627146244,"46":0.7619563341,"47":0.7674809098,"48":0.7640686631,"49":0.7661809921,"50":0.7654227614,"51":0.7671017647,"52":0.7676433921,"53":0.768509984,"54":0.7673184276,"55":0.7693765759,"56":0.7655852437,"57":0.768509984,"58":0.7701348662,"59":0.7715972662,"60":0.7680767179},"auc":{"0":0.555098176,"1":0.5851635933,"2":0.5930219889,"3":0.6019566655,"4":0.6075123549,"5":0.6049947739,"6":0.6025747657,"7":0.6061614752,"8":0.6037522554,"9":0.6058063507,"10":0.6054910421,"11":0.6141345501,"12":0.6177297235,"13":0.6100744009,"14":0.6184744835,"15":0.6251981258,"16":0.612041831,"17":0.6198675632,"18":0.6168123484,"19":0.6186468005,"20":0.6227383614,"21":0.6174328923,"22":0.6173901558,"23":0.622729063,"24":0.6220607162,"25":0.6275366545,"26":0.6292691827,"27":0.6308894157,"28":0.6333054304,"29":0.6273518801,"30":0.6355716586,"31":0.630055666,"32":0.6280382872,"33":0.6296272278,"34":0.6344901323,"35":0.6392582655,"36":0.6406760216,"37":0.6363518238,"38":0.6393203735,"39":0.6293179989,"40":0.6381796598,"41":0.6433566213,"42":0.6412271261,"43":0.6398385167,"44":0.6433882713,"45":0.6434186697,"46":0.6408615112,"47":0.6475499868,"48":0.6483880281,"49":0.6379290223,"50":0.6513659954,"51":0.6545593739,"52":0.6508594155,"53":0.6491008997,"54":0.6494529843,"55":0.6477906704,"56":0.6439822912,"57":0.6534646749,"58":0.6514183283,"59":0.6611536145,"60":0.6576952934},"val_loss":{"0":48.0678825378,"1":44.8078308105,"2":41.7530822754,"3":38.8849029541,"4":36.1873092651,"5":33.6482467651,"6":31.2562618256,"7":29.0014419556,"8":26.876115799,"9":24.8728923798,"10":22.9855575562,"11":21.2083683014,"12":19.5362052917,"13":17.964138031,"14":16.487537384,"15":15.1025934219,"16":13.8054256439,"17":12.5922985077,"18":11.4597129822,"19":10.4052915573,"20":9.4249563217,"21":8.515712738,"22":7.6737656593,"23":6.8961000443,"24":6.1821455956,"25":5.5252380371,"26":4.9242601395,"27":4.3766021729,"28":3.8811280727,"29":3.4322140217,"30":3.0276045799,"31":2.6664466858,"32":2.3431091309,"33":2.0569958687,"34":1.806070447,"35":1.5867123604,"36":1.3967525959,"37":1.2326527834,"38":1.0926734209,"39":0.9755122066,"40":0.8770218492,"41":0.8065811992,"42":0.736710012,"43":0.6820811033,"44":0.6410891414,"45":0.6113095284,"46":0.5892899632,"47":0.5707839727,"48":0.5585197806,"49":0.5504111648,"50":0.5437738299,"51":0.5447614789,"52":0.5390523076,"53":0.540726006,"54":0.5332193971,"55":0.546841979,"56":0.5398674607,"57":0.5291205645,"58":0.5354562998,"59":0.5453158617,"60":0.530746758},"val_acc":{"0":0.7645147443,"1":0.7798960209,"2":0.7801126242,"3":0.7794627547,"4":0.779679358,"5":0.7792460918,"6":0.779679358,"7":0.7801126242,"8":0.779679358,"9":0.7790294886,"10":0.7794627547,"11":0.779679358,"12":0.7794627547,"13":0.7798960209,"14":0.7798960209,"15":0.7794627547,"16":0.7801126242,"17":0.7805459499,"18":0.7809792161,"19":0.7809792161,"20":0.7798960209,"21":0.7811958194,"22":0.7805459499,"23":0.7803292871,"24":0.7811958194,"25":0.7805459499,"26":0.7814124823,"27":0.7814124823,"28":0.7811958194,"29":0.7801126242,"30":0.7809792161,"31":0.7809792161,"32":0.7809792161,"33":0.7816291451,"34":0.7814124823,"35":0.7809792161,"36":0.7809792161,"37":0.7814124823,"38":0.7814124823,"39":0.7803292871,"40":0.7807625532,"41":0.7801126242,"42":0.7803292871,"43":0.7816291451,"44":0.7807625532,"45":0.7807625532,"46":0.7807625532,"47":0.7805459499,"48":0.7807625532,"49":0.7805459499,"50":0.7811958194,"51":0.7807625532,"52":0.7811958194,"53":0.7807625532,"54":0.7801126242,"55":0.7805459499,"56":0.7801126242,"57":0.7809792161,"58":0.7809792161,"59":0.7801126242,"60":0.7801126242},"val_auc":{"0":0.6621282101,"1":0.6644290686,"2":0.6648254395,"3":0.6652225256,"4":0.6661860943,"5":0.6667763591,"6":0.6673842669,"7":0.6674309969,"8":0.6684507132,"9":0.668458581,"10":0.6687089205,"11":0.6689893603,"12":0.6690627337,"13":0.669426918,"14":0.6697254181,"15":0.6703498363,"16":0.6709250212,"17":0.6717752218,"18":0.672996223,"19":0.673376143,"20":0.6739588976,"21":0.6744728088,"22":0.6749637127,"23":0.6755570173,"24":0.6767268181,"25":0.6767143011,"26":0.6774724126,"27":0.6789619327,"28":0.679228127,"29":0.6794065237,"30":0.6802512407,"31":0.6812754869,"32":0.681930542,"33":0.6826988459,"34":0.6829161644,"35":0.6845612526,"36":0.685541749,"37":0.6855219603,"38":0.6865609288,"39":0.6870951653,"40":0.6869286299,"41":0.6824942231,"42":0.6818857789,"43":0.6818170547,"44":0.6839629412,"45":0.6806069613,"46":0.6815714836,"47":0.6842398047,"48":0.6822746992,"49":0.685783267,"50":0.6887383461,"51":0.6856827736,"52":0.689155817,"53":0.6900321245,"54":0.6928447485,"55":0.6914669275,"56":0.684741497,"57":0.6964035034,"58":0.6959449053,"59":0.6916646361,"60":0.6984462142}}