,precision_mean,precision_std,precision_sem,recall_mean,recall_std,recall_sem,f1-score_mean,f1-score_std,f1-score_sem,occurences_mean,occurences_std,occurences_sem
argument,0.7805733037886787,0.005450350981733226,0.0024374710592776415,0.9858702816383513,0.007968235982222772,0.0035635034634019847,0.8712635816793766,0.003397459898522705,0.001519390256785261,4392.0,30.397368307141303,13.594116374373131
other,0.7399248822018529,0.07424288475046834,0.03320242742954594,0.11636957402697963,0.02994974388536787,0.013393932647278244,0.19885700202771364,0.043220887638961626,0.019328968561719714,1378.0,30.39736830714132,13.594116374373138
accuracy,0.7782668977469671,0.00473932964571789,0.0021194926511210396,0.7782668977469671,0.00473932964571789,0.0021194926511210396,0.7782668977469671,0.00473932964571789,0.0021194926511210396,0.7782668977469671,0.00473932964571789,0.0021194926511210396
macro avg,0.7602490929952659,0.03578901001751167,0.016005331849315404,0.5511199278326655,0.011404184694007542,0.0051001064407527,0.5350602918535451,0.02114441232050297,0.009456068658585741,5770.0,0.0,0.0
weighted avg,0.7708324166295898,0.016141438487129643,0.007218670742370649,0.7782668977469671,0.00473932964571789,0.0021194926511210396,0.7107534996501208,0.009927930458174151,0.004439905476073607,5770.0,0.0,0.0
