{"loss":{"0":52.1143264771,"1":48.5902328491,"2":45.2972717285,"3":42.2210426331,"4":39.3243598938,"5":36.5944442749,"6":34.022769928,"7":31.594997406,"8":29.3139686584,"9":27.1529331207,"10":25.1169624329,"11":23.2025680542,"12":21.3930339813,"13":19.695274353,"14":18.0940437317,"15":16.588218689,"16":15.181427002,"17":13.8591308594,"18":12.631778717,"19":11.4749097824,"20":10.4052972794,"21":9.4141387939,"22":8.4986572266,"23":7.6413435936,"24":6.8554821014,"25":6.1331877708,"26":5.4698228836,"27":4.8690905571,"28":4.3204851151,"29":3.8274006844,"30":3.3788132668,"31":2.9748942852,"32":2.6164314747,"33":2.3030171394,"34":2.0231363773,"35":1.7758669853,"36":1.5643047094,"37":1.3749564886,"38":1.2214899063,"39":1.0892727375,"40":0.9736021757,"41":0.8821123242,"42":0.8012800217,"43":0.7435715199,"44":0.6930239201,"45":0.6554927826,"46":0.6262073517,"47":0.6073660254,"48":0.5871171951,"49":0.5771715641,"50":0.5685377121,"51":0.5645183921,"52":0.5586527586,"53":0.5577822328,"54":0.555826664,"55":0.5492210388,"56":0.5524906516,"57":0.5509739518,"58":0.549877286,"59":0.5466579795},"acc":{"0":0.601906538,"1":0.6397118568,"2":0.6598060727,"3":0.6672263741,"4":0.6835291982,"5":0.6926826835,"6":0.7051399946,"7":0.711964488,"8":0.7148892283,"9":0.7179765105,"10":0.7283214927,"11":0.7279423475,"12":0.7319504023,"13":0.7291339636,"14":0.7389914989,"15":0.7377457619,"16":0.7379082441,"17":0.7427828908,"18":0.7376374602,"19":0.746574223,"20":0.7469533682,"21":0.7476032972,"22":0.7478741407,"23":0.748686552,"24":0.7519363165,"25":0.7499864697,"26":0.7519904971,"27":0.7518821359,"28":0.7531278729,"29":0.7491739988,"30":0.7565942407,"31":0.7583274841,"32":0.7584899664,"33":0.7562692761,"34":0.7576774955,"35":0.7582733035,"36":0.7587066293,"37":0.7617938519,"38":0.7583274841,"39":0.7610897422,"40":0.7610355616,"41":0.7608189583,"42":0.7634729147,"43":0.7605481148,"44":0.7619563341,"45":0.7639603615,"46":0.7663434744,"47":0.7652060986,"48":0.7679683566,"49":0.7645561099,"50":0.7684558034,"51":0.7688891292,"52":0.7676975727,"53":0.7691599131,"54":0.7672642469,"55":0.7707847953,"56":0.7682392001,"57":0.7688349485,"58":0.7697015405,"59":0.7711639404},"auc":{"0":0.5519570708,"1":0.5824257135,"2":0.5932731628,"3":0.589165926,"4":0.5887191892,"5":0.5940659046,"6":0.5936727524,"7":0.597771883,"8":0.5947008133,"9":0.6001853943,"10":0.605239749,"11":0.6048078537,"12":0.6074287891,"13":0.6032313108,"14":0.6094009876,"15":0.6127966642,"16":0.6132497787,"17":0.6153619289,"18":0.6102554798,"19":0.6234284639,"20":0.617036581,"21":0.6127593517,"22":0.6084311008,"23":0.6122732162,"24":0.6158251762,"25":0.6154574156,"26":0.6240940094,"27":0.6213728189,"28":0.6239535213,"29":0.6190726757,"30":0.6231405735,"31":0.6278356314,"32":0.6299158931,"33":0.6248728037,"34":0.6207304597,"35":0.6304811239,"36":0.6264243126,"37":0.6316022873,"38":0.6267764568,"39":0.6276180744,"40":0.6318255663,"41":0.6305406094,"42":0.6407667994,"43":0.635737896,"44":0.6413015127,"45":0.6409547329,"46":0.6426839828,"47":0.6406362057,"48":0.6521158218,"49":0.6496943235,"50":0.650488317,"51":0.6540725827,"52":0.6561704874,"53":0.6541643143,"54":0.6558871269,"55":0.6654190421,"56":0.6588730812,"57":0.6605576277,"58":0.6589587927,"59":0.6632471085},"val_loss":{"0":50.1143569946,"1":46.7433242798,"2":43.5806617737,"3":40.6067466736,"4":37.8062057495,"5":35.1662330627,"6":32.6773147583,"7":30.3289642334,"8":28.1161231995,"9":26.0278892517,"10":24.0564537048,"11":22.1960105896,"12":20.4455852509,"13":18.7978801727,"14":17.2511463165,"15":15.7987165451,"16":14.4383630753,"17":13.161860466,"18":11.9748954773,"19":10.8675889969,"20":9.8380746841,"21":8.8800115585,"22":7.9955816269,"23":7.1795926094,"24":6.4294977188,"25":5.7417836189,"26":5.1138076782,"27":4.5370635986,"28":4.0156898499,"29":3.5450553894,"30":3.1238377094,"31":2.7446806431,"32":2.4073865414,"33":2.1124596596,"34":1.8515595198,"35":1.6225199699,"36":1.423240304,"37":1.2532991171,"38":1.1124733686,"39":0.9925965667,"40":0.8869760036,"41":0.8022131324,"42":0.7362796664,"43":0.6779626012,"44":0.6368775368,"45":0.6070312262,"46":0.58421278,"47":0.5631875992,"48":0.5519028902,"49":0.5463677049,"50":0.5384191275,"51":0.5344468951,"52":0.5318698287,"53":0.5327032208,"54":0.528617084,"55":0.5394295454,"56":0.5264264941,"57":0.5273505449,"58":0.5268232822,"59":0.528555274},"val_acc":{"0":0.7751299739,"1":0.772313714,"2":0.7705805898,"3":0.7707972527,"4":0.7703639269,"5":0.7727469802,"6":0.7727469802,"7":0.7720970511,"8":0.7742634416,"9":0.7736135125,"10":0.7729635835,"11":0.7738301754,"12":0.7738301754,"13":0.7744800448,"14":0.7744800448,"15":0.7746967077,"16":0.7742634416,"17":0.7746967077,"18":0.7746967077,"19":0.7744800448,"20":0.7744800448,"21":0.7744800448,"22":0.7746967077,"23":0.7746967077,"24":0.7749133706,"25":0.7744800448,"26":0.7746967077,"27":0.7744800448,"28":0.7749133706,"29":0.7744800448,"30":0.7746967077,"31":0.7746967077,"32":0.7749133706,"33":0.7746967077,"34":0.7746967077,"35":0.7749133706,"36":0.7759965062,"37":0.7753466368,"38":0.7753466368,"39":0.7749133706,"40":0.7755632401,"41":0.7762131691,"42":0.7768630981,"43":0.7779462934,"44":0.7781628966,"45":0.7777296305,"46":0.7768630981,"47":0.7779462934,"48":0.7785961628,"49":0.7783795595,"50":0.7775130272,"51":0.7783795595,"52":0.7779462934,"53":0.7781628966,"54":0.7785961628,"55":0.7777296305,"56":0.7788128257,"57":0.7785961628,"58":0.7792460918,"59":0.7790294886},"val_auc":{"0":0.6723127961,"1":0.6741278172,"2":0.6735133529,"3":0.6731987,"4":0.6740475893,"5":0.6740252972,"6":0.6738977432,"7":0.6750861406,"8":0.6748749018,"9":0.6747196913,"10":0.6749206185,"11":0.6755347252,"12":0.6758158207,"13":0.6760097742,"14":0.6763452291,"15":0.6769425869,"16":0.6770031452,"17":0.6777523756,"18":0.6772867441,"19":0.6786638498,"20":0.678568244,"21":0.678878665,"22":0.6794040799,"23":0.6790351868,"24":0.679212749,"25":0.6802437305,"26":0.6805656552,"27":0.6802705526,"28":0.6800875664,"29":0.6809850931,"30":0.6801770926,"31":0.6804563403,"32":0.6805392504,"33":0.6806822419,"34":0.6815901995,"35":0.6808513999,"36":0.6812763214,"37":0.6819586754,"38":0.6807922125,"39":0.6814681292,"40":0.6819857955,"41":0.6843488216,"42":0.6840367317,"43":0.6845463514,"44":0.6851765513,"45":0.6853967905,"46":0.6873562336,"47":0.6825426817,"48":0.680953145,"49":0.6872372627,"50":0.6841042042,"51":0.6872342825,"52":0.6836198568,"53":0.688426733,"54":0.6858989,"55":0.6884824038,"56":0.6912436485,"57":0.6862187982,"58":0.6914880276,"59":0.6921156645}}