{"loss":{"0":51.6704330444,"1":48.1718406677,"2":44.9152107239,"3":41.8474082947,"4":38.9813957214,"5":36.2723007202,"6":33.7210006714,"7":31.3122463226,"8":29.049118042,"9":26.9041175842,"10":24.8860530853,"11":22.9910526276,"12":21.1939563751,"13":19.5225811005,"14":17.9304504395,"15":16.4457302094,"16":15.0463523865,"17":13.7410116196,"18":12.5130434036,"19":11.3758525848,"20":10.3165616989,"21":9.3273544312,"22":8.4151144028,"23":7.573694706,"24":6.7966346741,"25":6.0796532631,"26":5.4220347404,"27":4.8236932755,"28":4.2842845917,"29":3.7906835079,"30":3.3498375416,"31":2.9554438591,"32":2.59851408,"33":2.2821183205,"34":2.0083711147,"35":1.7667565346,"36":1.5534857512,"37":1.3658756018,"38":1.211180687,"39":1.0786317587,"40":0.96494627,"41":0.8759950995,"42":0.7982727289,"43":0.7351269722,"44":0.6857665181,"45":0.6512304544,"46":0.6208580732,"47":0.6023720503,"48":0.5886524916,"49":0.5703237057,"50":0.5655740499,"51":0.56415838,"52":0.5628436208,"53":0.5560139418,"54":0.5553864837,"55":0.5537447333,"56":0.5478762984,"57":0.5457798243,"58":0.5455608368,"59":0.547896862,"60":0.5461410284,"61":0.5459877849,"62":0.5390093327,"63":0.5410616994},"acc":{"0":0.6298543215,"1":0.6632183194,"2":0.6733466983,"3":0.6927368045,"4":0.6917619109,"5":0.700807035,"6":0.7139143348,"7":0.7181389928,"8":0.7214970589,"9":0.7295672297,"10":0.7319504023,"11":0.7350376248,"12":0.7380165458,"13":0.7344959974,"14":0.7353625894,"15":0.7380707264,"16":0.7414287925,"17":0.7432703376,"18":0.7450035214,"19":0.7439744473,"20":0.7466825247,"21":0.7464659214,"22":0.7463034391,"23":0.7491198778,"24":0.7458701134,"25":0.7533445358,"26":0.7514488697,"27":0.7548610568,"28":0.7525862455,"29":0.7534528375,"30":0.7526946068,"31":0.7544277906,"32":0.7554568648,"33":0.7597898245,"34":0.7585440874,"35":0.7529653907,"36":0.7583816051,"37":0.7584357858,"38":0.7593023777,"39":0.7596815228,"40":0.762768805,"41":0.7601689696,"42":0.7614147067,"43":0.7630937696,"44":0.7635270357,"45":0.7634729147,"46":0.763635397,"47":0.7632020712,"48":0.7646644711,"49":0.7655310631,"50":0.768509984,"51":0.7644478083,"52":0.7684016824,"53":0.7697015405,"54":0.7674809098,"55":0.7675350904,"56":0.7674809098,"57":0.7704598308,"58":0.7700265646,"59":0.7700806856,"60":0.7693224549,"61":0.7695932388,"62":0.7724638581,"63":0.7732221484},"auc":{"0":0.5570635796,"1":0.5920010805,"2":0.5902253389,"3":0.6017181873,"4":0.5917565823,"5":0.5949093103,"6":0.6016103029,"7":0.6033856869,"8":0.6009231806,"9":0.6124952435,"10":0.61705935,"11":0.6095904112,"12":0.617659688,"13":0.6057157516,"14":0.6137809753,"15":0.6114128828,"16":0.6162930727,"17":0.6157954931,"18":0.6225636005,"19":0.6211036444,"20":0.6225395203,"21":0.626026988,"22":0.6255917549,"23":0.6210722923,"24":0.6235490441,"25":0.6266178489,"26":0.631223619,"27":0.6321030855,"28":0.6270960569,"29":0.6327059269,"30":0.635342598,"31":0.6307263374,"32":0.6322572231,"33":0.637214303,"34":0.6338474751,"35":0.6299942732,"36":0.6322306395,"37":0.6361227036,"38":0.6366385221,"39":0.6380763054,"40":0.6409808397,"41":0.6409521699,"42":0.6415474415,"43":0.6466821432,"44":0.6463390589,"45":0.6464477181,"46":0.6509363651,"47":0.647148788,"48":0.6436776519,"49":0.6567043066,"50":0.6525808573,"51":0.6490888596,"52":0.64631778,"53":0.6540437937,"54":0.6547950506,"55":0.6518402696,"56":0.6618354321,"57":0.6616904736,"58":0.6617180109,"59":0.6592385769,"60":0.6618603468,"61":0.6622583866,"62":0.6700590849,"63":0.6673061848},"val_loss":{"0":49.7419166565,"1":46.3837966919,"2":43.2438735962,"3":40.2813873291,"4":37.5013084412,"5":34.8907241821,"6":32.4274635315,"7":30.0942840576,"8":27.9049987793,"9":25.8281135559,"10":23.8594818115,"11":22.0196323395,"12":20.2766857147,"13":18.6424655914,"14":17.1110286713,"15":15.6747369766,"16":14.3188991547,"17":13.0575933456,"18":11.8850250244,"19":10.7884817123,"20":9.7621030807,"21":8.8152008057,"22":7.9329667091,"23":7.1250777245,"24":6.3785538673,"25":5.7049455643,"26":5.0848574638,"27":4.5258126259,"28":4.0097556114,"29":3.5405614376,"30":3.1215977669,"31":2.738689661,"32":2.414293766,"33":2.1200826168,"34":1.8543362617,"35":1.6430314779,"36":1.4459015131,"37":1.2688251734,"38":1.1339328289,"39":1.0031028986,"40":0.9023452401,"41":0.8140202761,"42":0.7618598342,"43":0.6808173656,"44":0.6381193399,"45":0.6184673905,"46":0.5997399092,"47":0.5764647126,"48":0.5588364005,"49":0.5511239171,"50":0.5457437634,"51":0.5487043858,"52":0.522459507,"53":0.5263522863,"54":0.5249401331,"55":0.5203649402,"56":0.519362092,"57":0.5194779038,"58":0.5201212764,"59":0.5158283114,"60":0.5141941905,"61":0.5192522407,"62":0.514190793,"63":0.5194718838},"val_acc":{"0":0.7443674207,"1":0.7601819634,"2":0.7608318925,"3":0.7660312057,"4":0.7647313476,"5":0.7564991117,"6":0.7515164614,"7":0.7510831952,"8":0.7487002015,"9":0.7508665323,"10":0.7699306607,"11":0.7638648152,"12":0.7705805898,"13":0.7707972527,"14":0.7712305188,"15":0.7710138559,"16":0.7710138559,"17":0.7720970511,"18":0.7710138559,"19":0.7714471221,"20":0.7714471221,"21":0.771663785,"22":0.7731802464,"23":0.7740467787,"24":0.7731802464,"25":0.7720970511,"26":0.7725303173,"27":0.7679809332,"28":0.7673310041,"29":0.7692807913,"30":0.7703639269,"31":0.7733969092,"32":0.7697140574,"33":0.7684141994,"34":0.7725303173,"35":0.7684141994,"36":0.7692807913,"37":0.7701473236,"38":0.7662478089,"39":0.771663785,"40":0.7720970511,"41":0.7749133706,"42":0.7714471221,"43":0.7777296305,"44":0.7775130272,"45":0.7749133706,"46":0.7753466368,"47":0.7788128257,"48":0.7759965062,"49":0.7753466368,"50":0.7770797014,"51":0.7766464353,"52":0.7792460918,"53":0.7790294886,"54":0.7803292871,"55":0.7792460918,"56":0.7809792161,"57":0.7816291451,"58":0.7809792161,"59":0.7807625532,"60":0.7816291451,"61":0.7820624113,"62":0.7827122808,"63":0.7833622098},"val_auc":{"0":0.6579833627,"1":0.6594557166,"2":0.6598491669,"3":0.6608546376,"4":0.6611509323,"5":0.661116302,"6":0.6616897583,"7":0.6630827188,"8":0.6634259224,"9":0.6635354757,"10":0.6642472744,"11":0.6647626162,"12":0.6651124358,"13":0.6652464867,"14":0.6658543944,"15":0.6663424969,"16":0.6666229963,"17":0.6666482091,"18":0.6676521301,"19":0.6669675112,"20":0.6681935787,"21":0.6684108973,"22":0.6683890224,"23":0.6688531637,"24":0.6692870855,"25":0.6697648764,"26":0.6700341702,"27":0.6690968275,"28":0.6703191996,"29":0.672062099,"30":0.6736529469,"31":0.6746295691,"32":0.675319314,"33":0.6763548851,"34":0.6772893667,"35":0.6796797514,"36":0.6786564589,"37":0.6774199009,"38":0.6792234182,"39":0.6808239222,"40":0.6808968782,"41":0.6821118593,"42":0.6829220057,"43":0.6821104288,"44":0.6822904944,"45":0.6820958853,"46":0.6829559803,"47":0.6845861673,"48":0.6829266548,"49":0.6837694645,"50":0.6849452257,"51":0.683981359,"52":0.6848961115,"53":0.6851036549,"54":0.6874178052,"55":0.6847340465,"56":0.6848397255,"57":0.6872148514,"58":0.6853962541,"59":0.6881518364,"60":0.6912100315,"61":0.691945672,"62":0.6950335503,"63":0.6960366964}}