{"loss":{"0":54.0325584412,"1":53.2668762207,"2":52.5162582397,"3":51.7934837341,"4":51.0861625671,"5":50.3912315369,"6":49.6762924194,"7":48.9965744019,"8":48.3151359558,"9":47.6276321411,"10":46.9716873169,"11":46.3288040161,"12":45.6593589783,"13":45.0533256531,"14":44.4095687866,"15":43.7773933411,"16":43.1730270386,"17":42.5602035522,"18":41.9574813843,"19":41.3601264954,"20":40.8010520935,"21":40.2107200623,"22":39.6358642578,"23":39.0759544373,"24":38.5260238647,"25":37.9617385864,"26":37.4273109436,"27":36.9099731445,"28":36.3677902222,"29":35.833316803,"30":35.312587738,"31":34.8163032532,"32":34.3139686584,"33":33.7989845276,"34":33.3163642883,"35":32.8120918274,"36":32.342086792,"37":31.8690700531,"38":31.4028778076,"39":30.9341773987,"40":30.4704399109,"41":30.0241584778,"42":29.5580730438,"43":29.1151657104,"44":28.6948451996,"45":28.2490520477,"46":27.8293399811,"47":27.3977031708,"48":26.9691753387,"49":26.559179306,"50":26.1529655457,"51":25.7628364563,"52":25.346321106,"53":24.9574508667,"54":24.5848941803,"55":24.1825447083,"56":23.8148803711,"57":23.4339694977,"58":23.0645618439,"59":22.6842918396,"60":22.3411045074,"61":21.9730358124,"62":21.621931076,"63":21.2630195618,"64":20.9345417023,"65":20.5655422211,"66":20.2377758026,"67":19.9056491852,"68":19.5678768158,"69":19.252363205,"70":18.9362506866,"71":18.6057910919,"72":18.2880401611,"73":17.9816989899,"74":17.6985931396},"acc":{"0":0.4883531928,"1":0.4945828915,"2":0.51977247,"3":0.5335861444,"4":0.5289815664,"5":0.5379198194,"6":0.5465872288,"7":0.5425243974,"8":0.5517334938,"9":0.5720476508,"10":0.5771939158,"11":0.5788190961,"12":0.5975081325,"13":0.5807150602,"14":0.5942578316,"15":0.6132177711,"16":0.602383554,"17":0.612676084,"18":0.6189057231,"19":0.6340736747,"20":0.6202600002,"21":0.6319068074,"22":0.6375948191,"23":0.6362405419,"24":0.6403033733,"25":0.6538461447,"26":0.6500541568,"27":0.6481581926,"28":0.6543878913,"29":0.6565546989,"30":0.6641386747,"31":0.6695557833,"32":0.6687432528,"33":0.6733477712,"34":0.6741603613,"35":0.6806609035,"36":0.6790357232,"37":0.6849945784,"38":0.6793066263,"39":0.6830986142,"40":0.6920368075,"41":0.6952871084,"42":0.6887865663,"43":0.6936619878,"44":0.6882448792,"45":0.6974539757,"46":0.6982665062,"47":0.7023293376,"48":0.711538434,"49":0.7077465057,"50":0.7039545178,"51":0.7069339156,"52":0.7134344578,"53":0.7139761448,"54":0.7063922286,"55":0.7091007829,"56":0.7101841569,"57":0.7137053013,"58":0.7085590363,"59":0.7231852412,"60":0.7150595784,"61":0.7210184336,"62":0.720476687,"63":0.7218309641,"64":0.7172264457,"65":0.7267063856,"66":0.7277898192,"67":0.7288732529,"68":0.7342903614,"69":0.7348320484,"70":0.7153304219,"71":0.7348320484,"72":0.7418743372,"73":0.7416034937,"74":0.725081265},"auc":{"0":0.5299445391,"1":0.5525448322,"2":0.5702502728,"3":0.5790899992,"4":0.5577983856,"5":0.5582715273,"6":0.5722510219,"7":0.565177083,"8":0.573757112,"9":0.5991044641,"10":0.5850545764,"11":0.5708035231,"12":0.6095578671,"13":0.579406023,"14":0.5838112831,"15":0.6012867689,"16":0.5915168524,"17":0.5829087496,"18":0.5975242853,"19":0.6109853983,"20":0.5857102275,"21":0.5921707153,"22":0.59281528,"23":0.5920610428,"24":0.5943870544,"25":0.6046841145,"26":0.6041755676,"27":0.5819274187,"28":0.5963424444,"29":0.6043024063,"30":0.61133641,"31":0.6036006808,"32":0.5947666168,"33":0.6058905125,"34":0.5981196165,"35":0.6193470359,"36":0.6085839272,"37":0.6026089191,"38":0.601575017,"39":0.6065480709,"40":0.6082934737,"41":0.5988583565,"42":0.6185799837,"43":0.6166654825,"44":0.5972786546,"45":0.607935071,"46":0.6059660912,"47":0.6163739562,"48":0.6246054173,"49":0.6192367673,"50":0.6191905737,"51":0.6029701233,"52":0.6284536123,"53":0.617670536,"54":0.6042734385,"55":0.6102641225,"56":0.6025747657,"57":0.6080832481,"58":0.607198894,"59":0.6282171607,"60":0.6032387614,"61":0.6135373116,"62":0.6082308888,"63":0.6238563061,"64":0.6105471849,"65":0.6287780404,"66":0.626498878,"67":0.6213468909,"68":0.6390526295,"69":0.6216346622,"70":0.6190166473,"71":0.6316459775,"72":0.6448963881,"73":0.6387664676,"74":0.6152182817},"val_loss":{"0":53.3511161804,"1":52.7090606689,"2":52.0940628052,"3":51.4674682617,"4":50.8068733215,"5":50.1370162964,"6":49.4909896851,"7":48.8348960876,"8":48.1839790344,"9":47.551410675,"10":46.8785324097,"11":46.2499313354,"12":45.5796890259,"13":44.9288330078,"14":44.3283843994,"15":43.6912765503,"16":43.0597305298,"17":42.422164917,"18":41.8069267273,"19":41.1998672485,"20":40.6232872009,"21":40.0738601685,"22":39.5340156555,"23":38.9902305603,"24":38.4300384521,"25":37.8681335449,"26":37.3161430359,"27":36.8051185608,"28":36.3006362915,"29":35.7772941589,"30":35.2479705811,"31":34.7222747803,"32":34.2096366882,"33":33.7071342468,"34":33.2304229736,"35":32.7515487671,"36":32.2792053223,"37":31.7941246033,"38":31.3173484802,"39":30.8659324646,"40":30.4172286987,"41":29.964220047,"42":29.5194339752,"43":29.0803394318,"44":28.6424331665,"45":28.2278823853,"46":27.8034534454,"47":27.3799495697,"48":26.9551105499,"49":26.5198116302,"50":26.1075305939,"51":25.7019901276,"52":25.2994918823,"53":24.9071617126,"54":24.5185947418,"55":24.1270580292,"56":23.7385387421,"57":23.3498363495,"58":22.9735393524,"59":22.5978050232,"60":22.2285480499,"61":21.8742828369,"62":21.5199241638,"63":21.1636543274,"64":20.816444397,"65":20.4779644012,"66":20.1430988312,"67":19.8149032593,"68":19.4901561737,"69":19.1665000916,"70":18.8499526978,"71":18.5256271362,"72":18.2123012543,"73":17.9096698761,"74":17.6063156128},"val_acc":{"0":0.7121211886,"1":0.5779221058,"2":0.4329004288,"3":0.247835502,"4":0.2521645129,"5":0.2543289959,"6":0.2467532456,"7":0.2467532456,"8":0.2467532456,"9":0.2467532456,"10":0.2467532456,"11":0.2467532456,"12":0.2467532456,"13":0.2467532456,"14":0.2467532456,"15":0.247835502,"16":0.247835502,"17":0.2694805264,"18":0.2608225048,"19":0.2813852727,"20":0.2976190448,"21":0.2857142985,"22":0.2629870176,"23":0.2651515007,"24":0.2651515007,"25":0.2954545319,"26":0.3030303121,"27":0.2965368032,"28":0.270562768,"29":0.270562768,"30":0.2846320271,"31":0.3149350584,"32":0.3344155848,"33":0.3712121248,"34":0.3722943664,"35":0.364718616,"36":0.3333333433,"37":0.3560605943,"38":0.3841991425,"39":0.3766233623,"40":0.3495670855,"41":0.3701298833,"42":0.3614718616,"43":0.3528138399,"44":0.3820346296,"45":0.3658008575,"46":0.3614718616,"47":0.3777056336,"48":0.369047612,"49":0.4025973976,"50":0.422077924,"51":0.4318181872,"52":0.4383116961,"53":0.4361471832,"54":0.4383116961,"55":0.442640692,"56":0.4502164423,"57":0.4686147273,"58":0.4848484993,"59":0.5064935088,"60":0.5303030014,"61":0.520562768,"62":0.5367965102,"63":0.5649350882,"64":0.5887445807,"65":0.5746753216,"66":0.5800865889,"67":0.5746753216,"68":0.5703462958,"69":0.571428597,"70":0.5649350882,"71":0.6017315984,"72":0.614718616,"73":0.5952380896,"74":0.594155848},"val_auc":{"0":0.657730937,"1":0.6592717171,"2":0.6601885557,"3":0.6594134569,"4":0.6604027748,"5":0.6609195471,"6":0.6612440348,"7":0.6619970798,"8":0.6621483564,"9":0.6633771658,"10":0.6630841494,"11":0.6633079052,"12":0.6613007784,"13":0.6616536379,"14":0.6620286703,"15":0.6614457369,"16":0.6601791382,"17":0.6614267826,"18":0.6599175334,"19":0.6612094045,"20":0.6605634689,"21":0.6609132886,"22":0.6613827944,"23":0.6604437828,"24":0.6612851024,"25":0.6617135406,"26":0.6615402102,"27":0.6607682705,"28":0.6614773273,"29":0.6621357203,"30":0.6588746309,"31":0.6605446339,"32":0.6604752541,"33":0.6623280048,"34":0.6618679762,"35":0.6619182825,"36":0.660223186,"37":0.6609226465,"38":0.6611369848,"39":0.6621641517,"40":0.6614078283,"41":0.6603965759,"42":0.6608029008,"43":0.6600593328,"44":0.6609101295,"45":0.661452055,"46":0.6593063474,"47":0.6606106758,"48":0.6594796181,"49":0.6598418951,"50":0.6601759195,"51":0.6603397727,"52":0.6612693071,"53":0.6614835858,"54":0.6615149975,"55":0.6613669395,"56":0.6617922783,"57":0.6614677906,"58":0.6614961624,"59":0.6621168852,"60":0.6616536379,"61":0.6625769138,"62":0.6615371108,