{"loss":{"0":53.8761787415,"1":52.0098609924,"2":50.2222175598,"3":48.4908561707,"4":46.8180503845,"5":45.1938323975,"6":43.6380348206,"7":42.1157531738,"8":40.6420059204,"9":39.1902275085,"10":37.8065261841,"11":36.4640426636,"12":35.1431541443,"13":33.8738174438,"14":32.6458892822,"15":31.4416847229,"16":30.2827625275,"17":29.1623497009,"18":28.0634899139,"19":27.0225028992,"20":25.9775543213,"21":24.9858474731,"22":24.0171165466,"23":23.0786247253,"24":22.1524047852,"25":21.2828464508,"26":20.4096088409,"27":19.5719642639,"28":18.7671489716,"29":17.996761322,"30":17.2432880402,"31":16.5008773804,"32":15.7936162949,"33":15.0870962143,"34":14.4291467667,"35":13.7896757126,"36":13.1520147324,"37":12.5623893738,"38":11.9799413681,"39":11.4256019592,"40":10.8841867447,"41":10.3496637344,"42":9.85430336,"43":9.3682184219,"44":8.899433136,"45":8.4549160004,"46":8.014670372,"47":7.5971488953,"48":7.2084984779,"49":6.8246097565,"50":6.4663801193,"51":6.10734272,"52":5.772444725,"53":5.440639019,"54":5.1447100639,"55":4.8496804237,"56":4.5641722679,"57":4.3182911873,"58":4.0554285049,"59":3.8119151592,"60":3.592028141,"61":3.3583176136,"62":3.1752977371,"63":2.9685451984,"64":2.7876968384,"65":2.6183874607,"66":2.4520692825,"67":2.2997989655,"68":2.1494932175,"69":2.0252263546,"70":1.8875365257,"71":1.7765043974,"72":1.6642678976,"73":1.5541880131,"74":1.4675375223},"acc":{"0":0.3858736753,"1":0.4178312123,"2":0.4288809299,"3":0.4432889223,"4":0.4565052688,"5":0.4769797325,"6":0.4810962975,"7":0.5007041693,"8":0.5062289834,"9":0.5256202221,"10":0.5391615033,"11":0.5479363203,"12":0.5683024526,"13":0.5793522,"14":0.597010076,"15":0.6068681479,"16":0.6145596504,"17":0.6175928712,"18":0.6294009089,"19":0.6251760125,"20":0.6395840049,"21":0.6450005174,"22":0.6474921703,"23":0.6611418128,"24":0.6647167206,"25":0.6554002762,"26":0.6692665815,"27":0.6807496548,"28":0.6849745512,"29":0.6787996888,"30":0.6817246079,"31":0.6869245172,"32":0.6923410296,"33":0.6973242164,"34":0.6986241937,"35":0.699924171,"36":0.7101072669,"37":0.7080489397,"38":0.7085906267,"39":0.7059906721,"40":0.7038240433,"41":0.7199653387,"42":0.7138988376,"43":0.7160654068,"44":0.7201820016,"45":0.7198569775,"46":0.7194236517,"47":0.7227819562,"48":0.7254902124,"49":0.7248402238,"50":0.729498446,"51":0.7305817604,"52":0.7329649925,"53":0.7342649698,"54":0.7280901074,"55":0.7327483296,"56":0.7318816781,"57":0.7337233424,"58":0.7366482615,"59":0.7378398776,"60":0.7331816554,"61":0.7421731353,"62":0.7343733311,"63":0.7384898663,"64":0.735239923,"65":0.7382732034,"66":0.7380565405,"67":0.7402231693,"68":0.7391398549,"69":0.7409814596,"70":0.7427147627,"71":0.7409814596,"72":0.737731576,"73":0.7415231466,"74":0.7400065064},"auc":{"0":0.5344635844,"1":0.5711637735,"2":0.5679700375,"3":0.5653252602,"4":0.5691339374,"5":0.5750809908,"6":0.5691585541,"7":0.5622830391,"8":0.5631915331,"9":0.5752673149,"10":0.5723171234,"11":0.5694615841,"12":0.5779787302,"13":0.5778086185,"14":0.5787190199,"15":0.5775417686,"16":0.5840355754,"17":0.5693125725,"18":0.5809272528,"19":0.5593022108,"20":0.5790112019,"21":0.5768262148,"22":0.5767730474,"23":0.578055501,"24":0.5829398632,"25":0.5708789825,"26":0.5821660757,"27":0.5851897001,"28":0.5850830078,"29":0.5811315775,"30":0.5778235793,"31":0.5779877305,"32":0.5818166733,"33":0.5954580903,"34":0.591362834,"35":0.5920429826,"36":0.6049137115,"37":0.5936214328,"38":0.5938904285,"39":0.5894107819,"40":0.5914474726,"41":0.5979351401,"42":0.5937958956,"43":0.5958729386,"44":0.5969947577,"45":0.5967656374,"46":0.6044808626,"47":0.610725522,"48":0.5997796059,"49":0.6023541689,"50":0.5930788517,"51":0.6031001806,"52":0.6066632271,"53":0.6128988862,"54":0.6059991717,"55":0.5975931883,"56":0.6137183905,"57":0.5908250809,"58":0.6057800055,"59":0.6047677994,"60":0.5978474617,"61":0.6185218096,"62":0.5916633606,"63":0.6077940464,"64":0.6075281501,"65":0.6058115363,"66":0.6037329435,"67":0.6052590609,"68":0.6110002995,"69":0.5977118611,"70":0.612744391,"71":0.6094495058,"72":0.6128895879,"73":0.6176036596,"74":0.6058379412},"val_loss":{"0":52.6733894348,"1":51.3007164001,"2":49.6415100098,"3":47.9687652588,"4":46.3683738708,"5":44.8448829651,"6":43.3287467957,"7":41.7978286743,"8":40.285282135,"9":38.9209251404,"10":37.595905304,"11":36.2292633057,"12":34.8846206665,"13":33.4789047241,"14":32.2440261841,"15":31.0055484772,"16":29.8329524994,"17":28.7134094238,"18":27.6243991852,"19":26.5746917725,"20":25.5561141968,"21":24.5541820526,"22":23.6148071289,"23":22.6390247345,"24":21.7239360809,"25":20.8574771881,"26":20.0319194794,"27":19.2151279449,"28":18.3909015656,"29":17.6251487732,"30":16.8517589569,"31":16.1426563263,"32":15.4634428024,"33":14.7905158997,"34":14.1437721252,"35":13.5124759674,"36":12.9033260345,"37":12.3260030746,"38":11.7647275925,"39":11.2003641129,"40":10.6702270508,"41":10.1524591446,"42":9.6601610184,"43":9.1809844971,"44":8.7404594421,"45":8.3127593994,"46":7.9103574753,"47":7.4802503586,"48":7.0898447037,"49":6.6987533569,"50":6.354487896,"51":6.0153355598,"52":5.6788706779,"53":5.352063179,"54":5.0528855324,"55":4.7659807205,"56":4.5014505386,"57":4.242058754,"58":3.9857170582,"59":3.760338068,"60":3.5452094078,"61":3.3494479656,"62":3.1321392059,"63":2.9641797543,"64":2.7806844711,"65":2.6159608364,"66":2.4531109333,"67":2.306530714,"68":2.163495779,"69":2.0354192257,"70":1.9115364552,"71":1.7962002754,"72":1.6941808462,"73":1.5870226622,"74":1.4996253252},"val_acc":{"0":0.2512998283,"1":0.2495667189,"2":0.2495667189,"3":0.2495667189,"4":0.2495667189,"5":0.2495667189,"6":0.2495667189,"7":0.2495667189,"8":0.2495667189,"9":0.2495667189,"10":0.2495667189,"11":0.2495667189,"12":0.2495667189,"13":0.2495667189,"14":0.2495667189,"15":0.2495667189,"16":0.2512998283,"17":0.2751299739,"18":0.297227025,"19":0.3071923852,"20":0.3240901232,"21":0.4155112505,"22":0.4215771258,"23":0.4857019186,"24":0.5350953341,"25":0.5420277119,"26":0.5255632401,"27":0.5099653602,"28":0.5580589175,"29":0.5558925271,"30":0.5931542516,"31":0.5740901232,"32":0.5649913549,"33":0.5645580292,"34":0.5571923852,"35":0.5606585741,"36":0.5584921837,"37":0.5450606346,"38":0.5359618664,"39":0.5563258529,"40":0.5597920418,"41":0.5606585741,"42":0.5597920418,"43":0.5662911534,"44":0.5589254498,"45":0.5441941023,"46":0.5320624113,"47":0.547227025,"48":0.5506932139,"49":0.5701906681,"50":0.551993072,"51":0.5515598059,"52":0.5649913549,"53":0.5706239343,"54":0.5701906681,"55":0.5710572004,"56":0.5684575438,"57":0.5684575438,"58":0.5775563121,"59":0.5701906681,"60":0.5654246211,"61":0.548093617,"62":0.5658578873,"63":0.5476602912,"64":0.551993072,"65":0.551993072,"66":0.5580589175,"67":0.5628249645,"68":0.5662911534,"69":0.5649913549,"70":0.5675910115,"71":0.5658578873,"72":0.5610918403,"73":0.578422904,"74":0.5775563121},"val_auc":{"0":0.6489547491,"1":0.6474446654,"2":0.6484715939,"3":0.6481683254,"4":0.6466828585,"5":0.6427028775,"6":0.6455410719,"7":0.6477177739,"8":0.6486951113,"9":0.6505961418,"10":0.6472842693,"11":0.6466497779,"12":0.6490429044,"13":0.6432356834,"14":0.648195982,"15":0.6474752426,"16":0.6441327929,"17":0.6446925998,"18":0.643887639,"19":0.6435799599,"20":0.6437388659,"21":0.6452354193,"22":0.6459380984,"23":0.6450101733,"24":0.645165205,"25":0.6457852125,"26":0.6460673809,"27":0.6456233263,"28":0.6449717283,"29":0.6450729966,"30":0.645324111,"31":0.6454954743,"32":0.646686852,"33":0.6473679543,"34":0.6468611956,"35":0.6468356848,"36":0.6475388408,"37":0.6467710733,"38":0.6468577385,"39":0.6474812031,"40":0.6484190226,"41":0.6476631761,"42":0.6479820013,"43":0.6483838558,"44":0.648892045,"45":0.6486590505,"46":0.6485552192,"47":0.6483572721,"48":0.6491081119,"49":0.6486223936,"50":0.649130106,"51":0.6489456892,"52":0.6493936777,"53":0.649630785,"54":0.6491105556,"55":0.6491917372,"56":0.6486700177,"57":0.6489561796,"58":0.64882195,"59":0.6489782333,"60":0.6489727497,"61":0.6486885548,"62":0.6486278772,"63":0.6492033005,"64":0.6490449309,"65":0.6494919658,"66":0.6495320797,