{"loss":{"0":52.7315406799,"1":50.9113578796,"2":49.1552238464,"3":47.4780082703,"4":45.8360214233,"5":44.2437095642,"6":42.7146568298,"7":41.2145500183,"8":39.7799873352,"9":38.3886146545,"10":37.0328102112,"11":35.6958808899,"12":34.4338111877,"13":33.1957244873,"14":31.9902133942,"15":30.8236503601,"16":29.67329216,"17":28.5687026978,"18":27.5080947876,"19":26.4598388672,"20":25.4515266418,"21":24.4708976746,"22":23.5221862793,"23":22.5953006744,"24":21.6933116913,"25":20.8301696777,"26":19.9877510071,"27":19.1607151031,"28":18.3689441681,"29":17.6056919098,"30":16.8553600311,"31":16.1324119568,"32":15.42831707,"33":14.7590913773,"34":14.0992774963,"35":13.4757823944,"36":12.8575105667,"37":12.2758817673,"38":11.6958742142,"39":11.1598701477,"40":10.6188697815,"41":10.1135463715,"42":9.6182851791,"43":9.1367416382,"44":8.6837739944,"45":8.2485303879,"46":7.823050499,"47":7.4177670479,"48":7.0374708176,"49":6.6705813408,"50":6.3047180176,"51":5.9739565849,"52":5.6416120529,"53":5.3212242126,"54":5.0245785713,"55":4.7416315079,"56":4.4712972641,"57":4.2104568481,"58":3.9641883373,"59":3.7384741306,"60":3.5162620544,"61":3.2956867218,"62":3.1057696342,"63":2.9212393761,"64":2.7371499538,"65":2.5762112141,"66":2.4208118916,"67":2.2809288502,"68":2.1318910122,"69":2.000576973,"70":1.881367445,"71":1.77021873,"72":1.6591719389,"73":1.5584841967,"74":1.4659852982},"acc":{"0":0.6243094206,"1":0.634275794,"2":0.6532336473,"3":0.6526920199,"4":0.6588668823,"5":0.6751164794,"6":0.6678583026,"7":0.6849745512,"8":0.6875745058,"9":0.6864911914,"10":0.6888744235,"11":0.6994908452,"12":0.701115787,"13":0.7025241256,"14":0.7032824159,"15":0.7047990561,"16":0.7118405104,"17":0.7173653841,"18":0.7189903855,"19":0.721265316,"20":0.7205069661,"21":0.7231069207,"22":0.7186653614,"23":0.7184486985,"24":0.7288484573,"25":0.7206153274,"26":0.7285234332,"27":0.7262485027,"28":0.7209402919,"29":0.7265735269,"30":0.7285234332,"31":0.7296067476,"32":0.7335066795,"33":0.7276567817,"34":0.7356732488,"35":0.7261402011,"36":0.7322067022,"37":0.7307984233,"38":0.738923192,"39":0.7315567136,"40":0.7359982729,"41":0.7369732261,"42":0.7317733765,"43":0.7384898663,"44":0.7312316895,"45":0.7342649698,"46":0.7376232147,"47":0.7344816327,"48":0.73578161,"49":0.7351316214,"50":0.7387065291,"51":0.7351316214,"52":0.7331816554,"53":0.7407647967,"54":0.7427147627,"55":0.7402231693,"56":0.7407647967,"57":0.742606461,"58":0.7441230416,"59":0.7453147173,"60":0.7375149131,"61":0.7474812865,"62":0.7414147854,"63":0.7436897159,"64":0.7445563674,"65":0.7398981452,"66":0.745206356,"67":0.7366482615,"68":0.7444480658,"69":0.7476979494,"70":0.7450980544,"71":0.745206356,"72":0.7445563674,"73":0.7485646009,"74":0.74401474},"auc":{"0":0.5379710197,"1":0.5640456676,"2":0.5761737823,"3":0.5716600418,"4":0.5803179741,"5":0.5999518633,"6":0.5903459191,"7":0.606269002,"8":0.5977245569,"9":0.6008062959,"10":0.5953795314,"11":0.6161187887,"12":0.6025184393,"13":0.5974595547,"14":0.6015684009,"15":0.5987370014,"16":0.6149431467,"17":0.618999362,"18":0.6107341051,"19":0.6104537249,"20":0.6125826836,"21":0.6119536757,"22":0.6115816236,"23":0.6146534681,"24":0.6174718142,"25":0.6121599078,"26":0.6102664471,"27":0.6169288158,"28":0.6144914627,"29":0.6144014597,"30":0.6159197688,"31":0.6180347204,"32":0.6232027411,"33":0.6143468618,"34":0.6241474748,"35":0.6140056849,"36":0.6236370802,"37":0.6174768806,"38":0.628148675,"39":0.6165140867,"40":0.6225825548,"41":0.614402771,"42":0.619081974,"43":0.626081109,"44":0.6252704859,"45":0.6209154725,"46":0.6235218048,"47":0.6279662848,"48":0.6176455617,"49":0.6131868362,"50":0.6235619783,"51":0.6105017662,"52":0.6173511744,"53":0.6296834946,"54":0.6302899122,"55":0.6312276125,"56":0.6261839867,"57":0.6307915449,"58":0.6315883398,"59":0.6210133433,"60":0.6246091723,"61":0.6397126913,"62":0.6295164824,"63":0.6258070469,"64":0.6356564164,"65":0.6281151772,"66":0.6267750859,"67":0.6234269142,"68":0.6350258589,"69":0.633221209,"70":0.6321746707,"71":0.6304926872,"72":0.6338205338,"73":0.6392011642,"74":0.6431047916},"val_loss":{"0":51.6129646301,"1":49.9051246643,"2":48.1920509338,"3":46.563243866,"4":44.931438446,"5":43.3613471985,"6":41.8525123596,"7":40.3867912292,"8":38.9742851257,"9":37.6035919189,"10":36.2683525085,"11":34.9719161987,"12":33.7096557617,"13":32.4794692993,"14":31.2953681946,"15":30.1395587921,"16":29.0200424194,"17":27.9282913208,"18":26.8718776703,"19":25.8471984863,"20":24.8519630432,"21":23.8871459961,"22":22.9497890472,"23":22.040813446,"24":21.1584453583,"25":20.3032569885,"26":19.4718723297,"27":18.6665382385,"28":17.8869037628,"29":17.1308078766,"30":16.3988056183,"31":15.6890058517,"32":15.0026016235,"33":14.3386745453,"34":13.6960020065,"35":13.0753622055,"36":12.4761619568,"37":11.8967170715,"38":11.3378629684,"39":10.7984390259,"40":10.2786560059,"41":9.7776813507,"42":9.2954044342,"43":8.8312759399,"44":8.3844184875,"45":7.9554462433,"46":7.5437479019,"47":7.1478095055,"48":6.7680768967,"49":6.4046115875,"50":6.0566287041,"51":5.7239704132,"52":5.4067249298,"53":5.1015310287,"54":4.8117370605,"55":4.5352816582,"56":4.2714757919,"57":4.0202245712,"58":3.7818694115,"59":3.5559403896,"60":3.3451383114,"61":3.1425435543,"62":2.9511880875,"63":2.7698631287,"64":2.6003026962,"65":2.4412281513,"66":2.2955276966,"67":2.1508889198,"68":2.0156862736,"69":1.8901766539,"70":1.7719916105,"71":1.6630725861,"72":1.56029284,"73":1.4636809826,"74":1.3749290705},"val_acc":{"0":0.7677642703,"1":0.6802426577,"2":0.6893414259,"3":0.6741767526,"4":0.7006065845,"5":0.7287694812,"6":0.7305026054,"7":0.7400346398,"8":0.7400346398,"9":0.733102262,"10":0.7400346398,"11":0.7413344979,"12":0.7512997985,"13":0.7569324374,"14":0.7543327808,"15":0.7577989697,"16":0.7586655021,"17":0.7673310041,"18":0.7720970511,"19":0.7759965062,"20":0.7777296305,"21":0.7781628966,"22":0.7772963643,"23":0.7768630981,"24":0.7777296305,"25":0.7777296305,"26":0.7785961628,"27":0.7781628966,"28":0.7785961628,"29":0.7794627547,"30":0.7794627547,"31":0.7794627547,"32":0.7803292871,"33":0.7816291451,"34":0.7850953341,"35":0.7850953341,"36":0.7842287421,"37":0.7846620679,"38":0.7846620679,"39":0.7842287421,"40":0.7846620679,"41":0.7850953341,"42":0.7846620679,"43":0.7842287421,"44":0.783795476,"45":0.783795476,"46":0.7846620679,"47":0.7846620679,"48":0.783795476,"49":0.783795476,"50":0.7824956775,"51":0.7829289436,"52":0.7798960209,"53":0.7807625532,"54":0.7816291451,"55":0.7803292871,"56":0.7798960209,"57":0.7833622098,"58":0.7833622098,"59":0.7829289436,"60":0.7751299739,"61":0.7729635835,"62":0.7729635835,"63":0.7738301754,"64":0.7742634416,"65":0.7746967077,"66":0.7677642703,"67":0.7720970511,"68":0.7725303173,"69":0.7729635835,"70":0.771663785,"71":0.7703639269,"72":0.7725303173,"73":0.7755632401,"74":0.7790294886},"val_auc":{"0":0.6616454124,"1":0.6622501612,"2":0.662910223,"3":0.6627726555,"4":0.6628254652,"5":0.6633207798,"6":0.6627940536,"7":0.6628751755,"8":0.662938416,"9":0.6629374027,"10":0.6631141901,"11":0.6635869741,"12":0.6634604931,"13":0.6635200977,"14":0.6630572081,"15":0.6627380848,"16":0.6625351906,"17":0.6623243093,"18":0.6626648307,"19":0.6624206305,"20":0.6629693508,"21":0.6632244587,"22":0.6636413932,"23":0.6633338332,"24":0.6634646058,"25":0.6635665894,"26":0.6635775566,"27":0.663808763,"28":0.663441062,"29":0.663946867,"30":0.6641649604,"31":0.6638704538,"32":0.6637710929,"33":0.6636806726,"34":0.6641618013,"35":0.6639059782,"36":0.6641592383,"37":0.6641529799,"38":0.6644531488,"39":0.6648108959,"40":0.6657748818,"41":0.6652140617,"42":0.6654448509,"43":0.6655808687,"44":0.6655740738,"45":0.666077733,"46":0.6659092903,"47":0.665869534,"48":0.666043222,"49":0.6656985283,"50":0.6657570601,"51":0.6658543348,"52":0.6661023498,"53":0.6653998494,"54":0.6667487621,"55":0.6667776108,"56":0.6668595076,"57":0.6666107178,"58":0.666631639,"59":0.6664406657,"60":0.6657131314,"61":0.6661723852,"62":0.6660421491,"63":0.6652471423,"64":0.6661164761,"65":0.6652958393,"66":0.6647162437,