{"loss":{"0":42.5616149902,"1":39.8338546753,"2":37.2714576721,"3":34.8781166077,"4":32.6173782349,"5":30.4871330261,"6":28.4678268433,"7":26.562702179,"8":24.7626895905,"9":23.0658245087,"10":21.4575767517,"11":19.9426937103,"12":18.501537323,"13":17.1504268646,"14":15.8669805527,"15":14.6561737061,"16":13.5303192139,"17":12.4648704529,"18":11.4574737549,"19":10.5083341599,"20":9.6228990555,"21":8.7865076065,"22":8.0152664185,"23":7.3049545288,"24":6.6382460594,"25":6.0114812851,"26":5.4442543983,"27":4.9164876938,"28":4.4291796684,"29":3.9862668514,"30":3.5710196495,"31":3.2138769627,"32":2.8672266006,"33":2.5593953133,"34":2.2830340862,"35":2.0491745472,"36":1.8278605938,"37":1.6361062527,"38":1.4694156647,"39":1.323166132,"40":1.1857974529,"41":1.0847445726,"42":0.9904906154,"43":0.9109705091,"44":0.8430020809,"45":0.794654727,"46":0.7464647293,"47":0.7154372334,"48":0.6819095612,"49":0.6628682017,"50":0.6431796551,"51":0.6410307288,"52":0.6261036396,"53":0.6240953207,"54":0.6153758764,"55":0.6109080911,"56":0.6080628633,"57":0.6029434204,"58":0.6035682559,"59":0.6023330688,"60":0.5980641246,"61":0.5973445177},"acc":{"0":0.4153171182,"1":0.442127496,"2":0.4707793891,"3":0.4914152622,"4":0.5240210295,"5":0.5451443195,"6":0.570979774,"7":0.5915073156,"8":0.6041813493,"9":0.621784091,"10":0.6333206892,"11":0.64431566,"12":0.6574229598,"13":0.659101963,"14":0.6738883257,"15":0.6801711321,"16":0.6836375594,"17":0.6863456368,"18":0.6905161738,"19":0.697828114,"20":0.7034068108,"21":0.707144022,"22":0.712885201,"23":0.7109354138,"24":0.7126144171,"25":0.7163516283,"26":0.7153766751,"27":0.7187889218,"28":0.7236635685,"29":0.7205762863,"30":0.7265341282,"31":0.7199804783,"32":0.7259383798,"33":0.7306504846,"34":0.7334127426,"35":0.7345501781,"36":0.7328169942,"37":0.7348751426,"38":0.7342793941,"39":0.7331961393,"40":0.7387748361,"41":0.7410496473,"42":0.738124907,"43":0.7365542054,"44":0.7401289344,"45":0.736012578,"46":0.7414287925,"47":0.7405080199,"48":0.7437036037,"49":0.7458701134,"50":0.7464659214,"51":0.7409955263,"52":0.7469533682,"53":0.7445701957,"54":0.7480908036,"55":0.7467367053,"56":0.7483074069,"57":0.7524237633,"58":0.747386694,"59":0.7454368472,"60":0.7487949133,"61":0.7502572536},"auc":{"0":0.5550771952,"1":0.574652791,"2":0.5724710226,"3":0.5694133043,"4":0.5731570721,"5":0.5698703527,"6":0.5709000826,"7":0.5714510679,"8":0.5712349415,"9":0.5695365667,"10":0.57499367,"11":0.5700663328,"12":0.5778721571,"13":0.5715520382,"14":0.5837565064,"15":0.5846608877,"16":0.5756803155,"17":0.5749771595,"18":0.5839859247,"19":0.5909484625,"20":0.5933252573,"21":0.6004320383,"22":0.6020481586,"23":0.5965887904,"24":0.5966184139,"25":0.6027044058,"26":0.601860404,"27":0.5974897742,"28":0.6007361412,"29":0.6026551127,"30":0.6078175902,"31":0.6007863879,"32":0.6083819866,"33":0.6121811867,"34":0.6175534725,"35":0.6052587628,"36":0.6132210493,"37":0.6109120846,"38":0.6103725433,"39":0.6122561097,"40":0.6209998131,"41":0.6137462258,"42":0.614864707,"43":0.6161314845,"44":0.6206578016,"45":0.6122741699,"46":0.6195479631,"47":0.6144371033,"48":0.6235249043,"49":0.6170560122,"50":0.6263649464,"51":0.6151378155,"52":0.6230563521,"53":0.6158503294,"54":0.6263804436,"55":0.6247234941,"56":0.6228679419,"57":0.62967062,"58":0.6276848912,"59":0.6230937839,"60":0.6285707355,"61":0.6257073879},"val_loss":{"0":41.3754043579,"1":39.001335144,"2":36.4499855042,"3":34.0620155334,"4":31.8844852448,"5":29.6194763184,"6":27.5310955048,"7":25.5903320312,"8":23.8340015411,"9":22.1761894226,"10":20.5973682404,"11":19.1238460541,"12":17.7103900909,"13":16.3868694305,"14":15.1379022598,"15":13.974861145,"16":12.8777799606,"17":11.8399839401,"18":10.8573274612,"19":9.9396181107,"20":9.0865297318,"21":8.2897119522,"22":7.5538630486,"23":6.860162735,"24":6.2167115211,"25":5.6216511726,"26":5.0723929405,"27":4.5668549538,"28":4.1012620926,"29":3.6754612923,"30":3.2880592346,"31":2.9406101704,"32":2.6222777367,"33":2.3376634121,"34":2.0815908909,"35":1.8514415026,"36":1.6481369734,"37":1.4686294794,"38":1.3118095398,"39":1.1754407883,"40":1.0585585833,"41":0.9584963322,"42":0.8759129643,"43":0.8031135201,"44":0.7472864985,"45":0.7014971972,"46":0.6619270444,"47":0.6323263049,"48":0.6161231995,"49":0.5931522846,"50":0.5809120536,"51":0.5720719695,"52":0.5658327937,"53":0.5597313046,"54":0.5569652319,"55":0.556140542,"56":0.5538982153,"57":0.5528604984,"58":0.5497015119,"59":0.5520404577,"60":0.5610122681,"61":0.5500401258},"val_acc":{"0":0.2363518178,"1":0.2363518178,"2":0.2363518178,"3":0.2363518178,"4":0.2363518178,"5":0.2363518178,"6":0.2406845689,"7":0.4506065845,"8":0.5628249645,"9":0.6217504144,"10":0.6971403956,"11":0.6934575438,"12":0.7263864875,"13":0.7432842255,"14":0.7521663904,"15":0.7508665323,"16":0.7463171482,"17":0.7512997985,"18":0.7584488988,"19":0.7599653602,"20":0.7597486973,"21":0.758882165,"22":0.7608318925,"23":0.7597486973,"24":0.7586655021,"25":0.7584488988,"26":0.7586655021,"27":0.7584488988,"28":0.7612651587,"29":0.7645147443,"30":0.7647313476,"31":0.7632148862,"32":0.7638648152,"33":0.7645147443,"34":0.7632148862,"35":0.7651646733,"36":0.7658145428,"37":0.7662478089,"38":0.7664644718,"39":0.7681975961,"40":0.7681975961,"41":0.7690641284,"42":0.7697140574,"43":0.7686308622,"44":0.7673310041,"45":0.7686308622,"46":0.7707972527,"47":0.7694973946,"48":0.7714471221,"49":0.7710138559,"50":0.7725303173,"51":0.7705805898,"52":0.7694973946,"53":0.7710138559,"54":0.7718803883,"55":0.7729635835,"56":0.7729635835,"57":0.7727469802,"58":0.7725303173,"59":0.772313714,"60":0.7714471221,"61":0.7725303173},"val_auc":{"0":0.6448469162,"1":0.6450759768,"2":0.6446768045,"3":0.6438016891,"4":0.6339568496,"5":0.63660568,"6":0.6489365101,"7":0.6449707747,"8":0.645927906,"9":0.6554113626,"10":0.6521927118,"11":0.6553932428,"12":0.6564644575,"13":0.6577641368,"14":0.6571553349,"15":0.6577472687,"16":0.6588716507,"17":0.658900857,"18":0.6600595117,"19":0.6606245637,"20":0.6608449817,"21":0.6608250737,"22":0.6622542739,"23":0.6622117758,"24":0.6624244452,"25":0.6620310545,"26":0.661768198,"27":0.6618212461,"28":0.6620887518,"29":0.6622582674,"30":0.6624201536,"31":0.6620272994,"32":0.6619411707,"33":0.6615629792,"34":0.6628519297,"35":0.6629946828,"36":0.6623159051,"37":0.6622738838,"38":0.6619559526,"39":0.6624310017,"40":0.6622743011,"41":0.6621544361,"42":0.662145257,"43":0.6627941728,"44":0.6627572179,"45":0.6621872783,"46":0.6620277762,"47":0.6624122262,"48":0.6610484123,"49":0.6612102985,"50":0.6614558697,"51":0.6618230343,"52":0.6628279686,"53":0.6631587744,"54":0.6631341577,"55":0.6641207337,"56":0.6640882492,"57":0.6644501686,"58":0.6645869613,"59":0.6651200056,"60":0.6622790098,"61":0.6654913425}}