{"loss":{"0":43.3696670532,"1":40.6303100586,"2":38.0528488159,"3":35.6226768494,"4":33.3401908875,"5":31.1712989807,"6":29.1252002716,"7":27.1853313446,"8":25.3514080048,"9":23.6163845062,"10":21.9718551636,"11":20.4121761322,"12":18.9417476654,"13":17.5479106903,"14":16.2289085388,"15":14.9846010208,"16":13.8169765472,"17":12.7120199203,"18":11.6713018417,"19":10.6994457245,"20":9.7889184952,"21":8.9304170609,"22":8.1343746185,"23":7.3915653229,"24":6.7001919746,"25":6.0642127991,"26":5.4725790024,"27":4.9255180359,"28":4.4247603416,"29":3.9695637226,"30":3.5532696247,"31":3.164809227,"32":2.8220009804,"33":2.5149087906,"34":2.2410235405,"35":1.9867126942,"36":1.7662656307,"37":1.573589921,"38":1.4041918516,"39":1.2527197599,"40":1.1255851984,"41":1.0146205425,"42":0.9221199751,"43":0.8429674506,"44":0.7807560563,"45":0.7312895656,"46":0.6846673489,"47":0.6560941935,"48":0.621642828,"49":0.6075045466,"50":0.5907862186,"51":0.5773566961,"52":0.5759075284,"53":0.5638925433,"54":0.5639306307,"55":0.5615276098,"56":0.5593904257,"57":0.5569975972,"58":0.5531586409,"59":0.5536336303,"60":0.5538086891},"acc":{"0":0.6534149647,"1":0.6728050709,"2":0.6901912093,"3":0.7004278898,"4":0.7087147236,"5":0.7171099186,"6":0.724855125,"7":0.7271299362,"8":0.7357959151,"9":0.7356876135,"10":0.7375832796,"11":0.7426203489,"12":0.7420246005,"13":0.743866086,"14":0.7466284037,"15":0.7483615875,"16":0.7448952198,"17":0.7472241521,"18":0.7513946891,"19":0.7490656972,"20":0.7526404262,"21":0.753777802,"22":0.7483074069,"23":0.7535611987,"24":0.7496073246,"25":0.7544277906,"26":0.7542653084,"27":0.7581650019,"28":0.7572442293,"29":0.7551860213,"30":0.75583601,"31":0.7582191229,"32":0.7609272599,"33":0.7610897422,"34":0.7568109035,"35":0.7608189583,"36":0.7634187341,"37":0.7597898245,"38":0.7632562518,"39":0.7620646954,"40":0.763635397,"41":0.7623354793,"42":0.7624437809,"43":0.7650436163,"44":0.7666143179,"45":0.7629312873,"46":0.7650436163,"47":0.7653144002,"48":0.764285326,"49":0.7674809098,"50":0.7659102082,"51":0.7655310631,"52":0.7644478083,"53":0.7676975727,"54":0.7678058743,"55":0.7695390582,"56":0.7713264227,"57":0.7684558034,"58":0.7712723017,"59":0.768509984,"60":0.7675892115},"auc":{"0":0.5593931079,"1":0.573459506,"2":0.5820095539,"3":0.5891836882,"4":0.5853818655,"5":0.5973864794,"6":0.5979446173,"7":0.6064603925,"8":0.6086324453,"9":0.6050704122,"10":0.6076794863,"11":0.6095433831,"12":0.6096414924,"13":0.6102931499,"14":0.6134507656,"15":0.6142097712,"16":0.6094720364,"17":0.6113268137,"18":0.6172133088,"19":0.6115539074,"20":0.6114192009,"21":0.6142435074,"22":0.6174347401,"23":0.6168571711,"24":0.6247020364,"25":0.6162513494,"26":0.6207841635,"27":0.6240283847,"28":0.6282498837,"29":0.6233096123,"30":0.6194469929,"31":0.6301264763,"32":0.6314396858,"33":0.6281614304,"34":0.6224350929,"35":0.6307030916,"36":0.6304588318,"37":0.6267625093,"38":0.6244632006,"39":0.6291950941,"40":0.6298116446,"41":0.6346869469,"42":0.6351930499,"43":0.6361461282,"44":0.6349294186,"45":0.6311298609,"46":0.6386945248,"47":0.630369246,"48":0.6471467614,"49":0.6355887651,"50":0.6423596144,"51":0.6482475996,"52":0.6389631629,"53":0.6479762793,"54":0.6442474127,"55":0.6418275237,"56":0.644133687,"57":0.6447523832,"58":0.6474934816,"59":0.6480903029,"60":0.6466659307},"val_loss":{"0":41.8434829712,"1":39.2048530579,"2":36.7191162109,"3":34.3715820312,"4":32.1540031433,"5":30.0569591522,"6":28.0700759888,"7":26.1892738342,"8":24.4059314728,"9":22.7164859772,"10":21.1189670563,"11":19.6065654755,"12":18.1749706268,"13":16.822385788,"14":15.5444955826,"15":14.3382558823,"16":13.2041778564,"17":12.133482933,"18":11.1287565231,"19":10.1869859695,"20":9.3058853149,"21":8.4819030762,"22":7.7125182152,"23":6.9989752769,"24":6.3362092972,"25":5.721572876,"26":5.1557335854,"27":4.6333045959,"28":4.1550860405,"29":3.7179291248,"30":3.3200280666,"31":2.9593253136,"32":2.6338744164,"33":2.3398447037,"34":2.0773258209,"35":1.8435763121,"36":1.6374685764,"37":1.4555574656,"38":1.2973593473,"39":1.1607569456,"40":1.0440398455,"41":0.9441980124,"42":0.8585529327,"43":0.7897622585,"44":0.7316269875,"45":0.6844152212,"46":0.6473125219,"47":0.6182876229,"48":0.595795393,"49":0.5842321515,"50":0.569896102,"51":0.5592262149,"52":0.554971993,"53":0.5492872,"54":0.5468170047,"55":0.5435982347,"56":0.5426272154,"57":0.5417996049,"58":0.5467190742,"59":0.5432808995,"60":0.54758811},"val_acc":{"0":0.7603986263,"1":0.7603986263,"2":0.7684141994,"3":0.7688474655,"4":0.766897738,"5":0.7677642703,"6":0.7666811347,"7":0.7647313476,"8":0.7655979395,"9":0.7651646733,"10":0.7653812766,"11":0.7651646733,"12":0.7651646733,"13":0.7653812766,"14":0.7655979395,"15":0.7660312057,"16":0.7651646733,"17":0.7655979395,"18":0.7660312057,"19":0.7671144009,"20":0.7660312057,"21":0.7679809332,"22":0.7684141994,"23":0.767547667,"24":0.7677642703,"25":0.7679809332,"26":0.7677642703,"27":0.7679809332,"28":0.7679809332,"29":0.7690641284,"30":0.7690641284,"31":0.7681975961,"32":0.7681975961,"33":0.7690641284,"34":0.7681975961,"35":0.7686308622,"36":0.7681975961,"37":0.7681975961,"38":0.7686308622,"39":0.7686308622,"40":0.7681975961,"41":0.7677642703,"42":0.767547667,"43":0.7681975961,"44":0.7684141994,"45":0.7679809332,"46":0.7684141994,"47":0.7688474655,"48":0.7690641284,"49":0.7686308622,"50":0.7677642703,"51":0.7677642703,"52":0.7677642703,"53":0.7681975961,"54":0.7681975961,"55":0.7686308622,"56":0.7684141994,"57":0.7662478089,"58":0.7671144009,"59":0.7671144009,"60":0.766897738},"val_auc":{"0":0.6496244073,"1":0.6500806808,"2":0.6504020691,"3":0.6510682106,"4":0.6519889832,"5":0.6522539854,"6":0.6533412933,"7":0.6543696523,"8":0.6557517052,"9":0.6565030813,"10":0.6567578316,"11":0.6568471193,"12":0.6572675109,"13":0.6567729712,"14":0.6566331387,"15":0.6564347744,"16":0.6565616131,"17":0.656883955,"18":0.6571025848,"19":0.6568409801,"20":0.6573585868,"21":0.6578351855,"22":0.6587632895,"23":0.6591299772,"24":0.6592621803,"25":0.6608799696,"26":0.6611104012,"27":0.6617581844,"28":0.6620408297,"29":0.6624673605,"30":0.6624643803,"31":0.6626173854,"32":0.6626392603,"33":0.6642542481,"34":0.6634950638,"35":0.6640969515,"36":0.664247632,"37":0.6648961306,"38":0.6651981473,"39":0.6653395295,"40":0.6648334265,"41":0.6652238965,"42":0.6661214232,"43":0.6662188768,"44":0.6661581397,"45":0.6662089229,"46":0.6658213735,"47":0.6667017937,"48":0.6675205231,"49":0.6682627201,"50":0.6695982218,"51":0.6715538502,"52":0.6710800529,"53":0.6710498929,"54":0.671374917,"55":0.6708122492,"56":0.6692711115,"57":0.672857523,"58":0.6706815362,"59":0.672246933,"60":0.6726445556}}