{"loss":{"0":43.1734924316,"1":40.4313316345,"2":37.8544311523,"3":35.4322738647,"4":33.1361198425,"5":30.9723358154,"6":28.9302425385,"7":26.9990329742,"8":25.158121109,"9":23.4256458282,"10":21.7808094025,"11":20.2263202667,"12":18.7538318634,"13":17.3587760925,"14":16.0425930023,"15":14.809135437,"16":13.6408691406,"17":12.5368118286,"18":11.5110931396,"19":10.5393695831,"20":9.6301450729,"21":8.7915725708,"22":7.9965758324,"23":7.2683982849,"24":6.5791811943,"25":5.9500756264,"26":5.3597369194,"27":4.8284282684,"28":4.3419790268,"29":3.8874158859,"30":3.4763865471,"31":3.1080577374,"32":2.7715480328,"33":2.4679558277,"34":2.1962897778,"35":1.9603470564,"36":1.7414770126,"37":1.5476431847,"38":1.3872129917,"39":1.2432746887,"40":1.1222835779,"41":1.0135191679,"42":0.9231749177,"43":0.8498447537,"44":0.789775908,"45":0.7378767729,"46":0.7031754851,"47":0.6694905758,"48":0.638892293,"49":0.623091042,"50":0.6101328135,"51":0.6009032726,"52":0.5872232318,"53":0.5823459625,"54":0.5768660903,"55":0.5778434277,"56":0.5737428069,"57":0.5714455843,"58":0.5667899847,"59":0.5709362626,"60":0.565392375,"61":0.5666573048,"62":0.5632404685},"acc":{"0":0.6525483131,"1":0.6685262322,"2":0.6783837676,"3":0.6898662448,"4":0.69241184,"5":0.6983697414,"6":0.7026485205,"7":0.7060065866,"8":0.7085522413,"9":0.7137518525,"10":0.7209012508,"11":0.7201971412,"12":0.7243134975,"13":0.7270757556,"14":0.7309754491,"15":0.7263175249,"16":0.7300005555,"17":0.7296214104,"18":0.7348210216,"19":0.7342793941,"20":0.7353625894,"21":0.7326545119,"22":0.7392081618,"23":0.7350376248,"24":0.7371499538,"25":0.7389373183,"26":0.7407246828,"27":0.741699636,"28":0.7409955263,"29":0.7414287925,"30":0.7414287925,"31":0.7470075488,"32":0.7439202666,"33":0.7431078553,"34":0.7446785569,"35":0.7418621182,"36":0.749553144,"37":0.7480908036,"38":0.7476032972,"39":0.7474949956,"40":0.7511238456,"41":0.7500947714,"42":0.7535070181,"43":0.749553144,"44":0.7533987164,"45":0.7528029084,"46":0.7503114343,"47":0.7479824424,"48":0.757352531,"49":0.7529112101,"50":0.7569192648,"51":0.7526946068,"52":0.7555651665,"53":0.754969418,"54":0.7572442293,"55":0.7520446181,"56":0.7545360923,"57":0.7533445358,"58":0.7609814405,"59":0.7600064874,"60":0.7609814405,"61":0.7629312873,"62":0.7608189583},"auc":{"0":0.5576739311,"1":0.570009172,"2":0.5743861198,"3":0.5782072544,"4":0.5865188837,"5":0.588541925,"6":0.5873722434,"7":0.5854443312,"8":0.5987206101,"9":0.5914689302,"10":0.5952700377,"11":0.5968183279,"12":0.5985099077,"13":0.6046647429,"14":0.6079133153,"15":0.6042138338,"16":0.603194952,"17":0.6109568477,"18":0.6075879335,"19":0.6101329327,"20":0.6130446196,"21":0.6047868729,"22":0.6076111794,"23":0.6042394638,"24":0.6102300286,"25":0.6078876257,"26":0.621240139,"27":0.6127045751,"28":0.6071888804,"29":0.6120268106,"30":0.6136409044,"31":0.6086900234,"32":0.6104716659,"33":0.6112439632,"34":0.6161916256,"35":0.6088764668,"36":0.6175113916,"37":0.6238871813,"38":0.618950963,"39":0.6226623058,"40":0.6186578274,"41":0.6231245995,"42":0.6279411912,"43":0.6259345412,"44":0.6251955032,"45":0.6265871525,"46":0.6209795475,"47":0.6248406172,"48":0.6317890286,"49":0.6288125515,"50":0.62540555,"51":0.6267722845,"52":0.6353775263,"53":0.6383259296,"54":0.6365617514,"55":0.6358679533,"56":0.6363967657,"57":0.6381117105,"58":0.6442434788,"59":0.6361691952,"60":0.6445692182,"61":0.6388623714,"62":0.6434274912},"val_loss":{"0":41.5939216614,"1":38.9670372009,"2":36.4822006226,"3":34.1304893494,"4":31.9283161163,"5":29.8317508698,"6":27.8469257355,"7":25.9579696655,"8":24.1735572815,"9":22.4855747223,"10":20.8883876801,"11":19.381439209,"12":17.9467601776,"13":16.5940704346,"14":15.3200807571,"15":14.1176242828,"16":12.9869318008,"17":11.9231710434,"18":10.9256858826,"19":9.990899086,"20":9.11581707,"21":8.2989168167,"22":7.5386919975,"23":6.8319277763,"24":6.1775193214,"25":5.5719871521,"26":5.0137314796,"27":4.501159668,"28":4.0321207047,"29":3.6042606831,"30":3.2154467106,"31":2.8628773689,"32":2.5452113152,"33":2.2603652477,"34":2.0055170059,"35":1.7796963453,"36":1.5809086561,"37":1.4050590992,"38":1.2531126738,"39":1.1219156981,"40":1.0102487803,"41":0.9142610431,"42":0.833129704,"43":0.7677309513,"44":0.7119118571,"45":0.6792414188,"46":0.6343656182,"47":0.6043060422,"48":0.584754169,"49":0.572920084,"50":0.5597946644,"51":0.5519330502,"52":0.5494916439,"53":0.5413056016,"54":0.5391641855,"55":0.5397478938,"56":0.5372579098,"57":0.5383037925,"58":0.5368100405,"59":0.5356798172,"60":0.5383525491,"61":0.540320456,"62":0.53888762},"val_acc":{"0":0.7755632401,"1":0.7790294886,"2":0.7798960209,"3":0.7846620679,"4":0.776429832,"5":0.7755632401,"6":0.7768630981,"7":0.7814124823,"8":0.7833622098,"9":0.7842287421,"10":0.7842287421,"11":0.7822790146,"12":0.7840121388,"13":0.7853119373,"14":0.7855286002,"15":0.7855286002,"16":0.7868283987,"17":0.7861785293,"18":0.7859618664,"19":0.7866117954,"20":0.7850953341,"21":0.7850953341,"22":0.7853119373,"23":0.7850953341,"24":0.7846620679,"25":0.7850953341,"26":0.7850953341,"27":0.7853119373,"28":0.7855286002,"29":0.783795476,"30":0.7835788727,"31":0.7831456065,"32":0.7835788727,"33":0.7833622098,"34":0.7835788727,"35":0.7833622098,"36":0.783795476,"37":0.783795476,"38":0.783795476,"39":0.7848786712,"40":0.7835788727,"41":0.784445405,"42":0.783795476,"43":0.7831456065,"44":0.783795476,"45":0.7820624113,"46":0.783795476,"47":0.784445405,"48":0.7835788727,"49":0.7820624113,"50":0.7818457484,"51":0.7816291451,"52":0.7811958194,"53":0.7822790146,"54":0.7816291451,"55":0.7809792161,"56":0.7814124823,"57":0.7809792161,"58":0.7818457484,"59":0.7816291451,"60":0.7807625532,"61":0.7818457484,"62":0.7803292871},"val_auc":{"0":0.6640356779,"1":0.6645649672,"2":0.6647524238,"3":0.6652345657,"4":0.6653887033,"5":0.6654518843,"6":0.6657155752,"7":0.6657493114,"8":0.6657006741,"9":0.665764153,"10":0.6658416986,"11":0.6661908627,"12":0.666277945,"13":0.6663014889,"14":0.6665229797,"15":0.6677554846,"16":0.6682507396,"17":0.6681246758,"18":0.6681424975,"19":0.668104887,"20":0.6686044931,"21":0.6680997014,"22":0.6679314375,"23":0.6679803133,"24":0.6680268645,"25":0.6686017513,"26":0.6678312421,"27":0.667991519,"28":0.6682258844,"29":0.6680817008,"30":0.6688475609,"31":0.668633461,"32":0.6690433025,"33":0.6698707342,"34":0.669667244,"35":0.6694635749,"36":0.6703541279,"37":0.6706530452,"38":0.670850873,"39":0.6706132889,"40":0.6710498333,"41":0.6709572077,"42":0.6710652113,"43":0.6716250777,"44":0.671400547,"45":0.6722744703,"46":0.6719347239,"47":0.6726000309,"48":0.6731942296,"49":0.6745030284,"50":0.6740415692,"51":0.6752240658,"52":0.6763658524,"53":0.6766775846,"54":0.6779918075,"55":0.6780819893,"56":0.6777427197,"57":0.6769112349,"58":0.6777501702,"59":0.6798701286,"60":0.6778886914,"61":0.6774989963,"62":0.6789978743}}