{"loss":{"0":43.8416442871,"1":41.0225296021,"2":38.3743095398,"3":35.9022102356,"4":33.5596656799,"5":31.3430957794,"6":29.2618541718,"7":27.2880039215,"8":25.4292297363,"9":23.6782474518,"10":22.0143089294,"11":20.4402828217,"12":18.9570102692,"13":17.5546684265,"14":16.2296657562,"15":14.9862565994,"16":13.8093900681,"17":12.7068424225,"18":11.6622266769,"19":10.6921672821,"20":9.7740526199,"21":8.9309053421,"22":8.1327981949,"23":7.380689621,"24":6.6896324158,"25":6.0582818985,"26":5.4624881744,"27":4.9228014946,"28":4.4183998108,"29":3.9643890858,"30":3.5490381718,"31":3.1638798714,"32":2.8235042095,"33":2.5089828968,"34":2.226886034,"35":1.9779174328,"36":1.7670037746,"37":1.5682674646,"38":1.39354527,"39":1.2438549995,"40":1.1146616936,"41":1.0093064308,"42":0.9183387756,"43":0.8404886127,"44":0.778724432,"45":0.7206445336,"46":0.6859323978,"47":0.652556479,"48":0.6228038073,"49":0.6067900658,"50":0.5873600841,"51":0.5808403492,"52":0.5707913637,"53":0.5643542409,"54":0.5652964115,"55":0.5581150651,"56":0.5614295602,"57":0.5539085269,"58":0.5506175756,"59":0.5553554893,"60":0.5509520769,"61":0.5502343774,"62":0.551862359,"63":0.549416244},"acc":{"0":0.371283114,"1":0.4066511393,"2":0.4400693178,"3":0.4675296545,"4":0.4976980984,"5":0.5281373262,"6":0.5582516193,"7":0.5809456706,"8":0.6046687961,"9":0.6159887314,"10":0.6330499053,"11":0.6505984664,"12":0.6630558372,"13":0.6771922112,"14":0.6912744641,"15":0.6917619109,"16":0.6978822351,"17":0.7069273591,"18":0.7125061154,"19":0.7162433267,"20":0.7226344347,"21":0.7244217992,"22":0.7274007201,"23":0.7323836684,"24":0.7361750603,"25":0.7355251312,"26":0.7399663925,"27":0.7394248247,"28":0.7431078553,"29":0.7440827489,"30":0.7414287925,"31":0.7466284037,"32":0.7470075488,"33":0.7493906617,"34":0.7512863278,"35":0.7520987988,"36":0.7503114343,"37":0.753723681,"38":0.7523154616,"39":0.7530736923,"40":0.7564317584,"41":0.7542653084,"42":0.7536153197,"43":0.7565401196,"44":0.7533445358,"45":0.757352531,"46":0.75583601,"47":0.7570275664,"48":0.7591398954,"49":0.7575150132,"50":0.7613064051,"51":0.7596815228,"52":0.7589232326,"53":0.7613605857,"54":0.7588149309,"55":0.7645019889,"56":0.7611980438,"57":0.7656393647,"58":0.7649894357,"59":0.760656476,"60":0.7647727728,"61":0.7635812163,"62":0.7622812986,"63":0.7666684985},"auc":{"0":0.5563206077,"1":0.5751417875,"2":0.5853418708,"3":0.5739148259,"4":0.5772013664,"5":0.5787380934,"6":0.578789711,"7":0.580815196,"8":0.581574738,"9":0.5777723193,"10":0.571734786,"11":0.5755966306,"12":0.5819047093,"13":0.5839885473,"14":0.5845925808,"15":0.5863452554,"16":0.5869626999,"17":0.585365057,"18":0.5913356543,"19":0.5946490765,"20":0.5981706381,"21":0.5859119892,"22":0.5886684656,"23":0.6041784286,"24":0.6081166863,"25":0.6025224328,"26":0.603431344,"27":0.6059699655,"28":0.6130862832,"29":0.6069492698,"30":0.6018869877,"31":0.6091746092,"32":0.606559515,"33":0.6114128828,"34":0.6154860854,"35":0.6192001104,"36":0.6066105366,"37":0.6149809361,"38":0.6227624416,"39":0.6240210533,"40":0.6290834546,"41":0.6232435107,"42":0.6283785105,"43":0.6282507181,"44":0.6247973442,"45":0.6350795031,"46":0.6274980307,"47":0.6269186735,"48":0.6343254447,"49":0.6277825832,"50":0.6362030506,"51":0.632256031,"52":0.6348569989,"53":0.6406592727,"54":0.6351027489,"55":0.6355901957,"56":0.6301515102,"57":0.6387761831,"58":0.6429167986,"59":0.6374623179,"60":0.6417973042,"61":0.6406072378,"62":0.6371455193,"63":0.6406364441},"val_loss":{"0":42.0461654663,"1":39.4455528259,"2":36.942363739,"3":34.5654602051,"4":32.3461112976,"5":30.1786212921,"6":28.1505069733,"7":26.2578601837,"8":24.4258651733,"9":22.7126464844,"10":21.1080169678,"11":19.5813770294,"12":18.1422367096,"13":16.78855896,"14":15.4987220764,"15":14.2857942581,"16":13.1491651535,"17":12.0846347809,"18":11.0756111145,"19":10.1351823807,"20":9.2561740875,"21":8.4356937408,"22":7.6703314781,"23":6.9587745667,"24":6.2984056473,"25":5.6884260178,"26":5.1232438087,"27":4.6026511192,"28":4.1254024506,"29":3.6875212193,"30":3.290864706,"31":2.9300811291,"32":2.6037831306,"33":2.3122529984,"34":2.0516798496,"35":1.8152227402,"36":1.607668519,"37":1.4272458553,"38":1.2694573402,"39":1.1356036663,"40":1.0172595978,"41":0.9182859659,"42":0.8354961872,"43":0.768869698,"44":0.708838582,"45":0.6645051837,"46":0.6274172664,"47":0.5989536047,"48":0.5789829493,"49":0.5624283552,"50":0.5523070693,"51":0.5444937348,"52":0.53695333,"53":0.5344934464,"54":0.5313774943,"55":0.5300347209,"56":0.5288284421,"57":0.527458787,"58":0.5294705033,"59":0.5284841061,"60":0.5269290209,"61":0.5293111801,"62":0.5298858881,"63":0.5349353552},"val_acc":{"0":0.3999133408,"1":0.2402513027,"2":0.3377383053,"3":0.4542894363,"4":0.4874350131,"5":0.6421144009,"6":0.6863085032,"7":0.6850086451,"8":0.7311525345,"9":0.7417677641,"10":0.7443674207,"11":0.749350071,"12":0.754116118,"13":0.7575823069,"14":0.7606152296,"15":0.7636481524,"16":0.7653812766,"17":0.7655979395,"18":0.7694973946,"19":0.7712305188,"20":0.772313714,"21":0.772313714,"22":0.772313714,"23":0.7725303173,"24":0.7712305188,"25":0.7712305188,"26":0.7707972527,"27":0.7725303173,"28":0.7725303173,"29":0.7725303173,"30":0.7725303173,"31":0.7725303173,"32":0.772313714,"33":0.7727469802,"34":0.7736135125,"35":0.7725303173,"36":0.7731802464,"37":0.7736135125,"38":0.7753466368,"39":0.7740467787,"40":0.7740467787,"41":0.7749133706,"42":0.7746967077,"43":0.7746967077,"44":0.7746967077,"45":0.7746967077,"46":0.7751299739,"47":0.7744800448,"48":0.7746967077,"49":0.7744800448,"50":0.7744800448,"51":0.7744800448,"52":0.7751299739,"53":0.7742634416,"54":0.7757799029,"55":0.7744800448,"56":0.7746967077,"57":0.7744800448,"58":0.7751299739,"59":0.7749133706,"60":0.7746967077,"61":0.7762131691,"62":0.7731802464,"63":0.7733969092},"val_auc":{"0":0.6539168358,"1":0.6493395567,"2":0.6562392712,"3":0.6552056074,"4":0.6536220312,"5":0.6530280113,"6":0.6529458165,"7":0.6558110118,"8":0.6555895209,"9":0.6565468311,"10":0.657386899,"11":0.6575316191,"12":0.6576964855,"13":0.657415688,"14":0.6577391624,"15":0.6580056548,"16":0.6574989557,"17":0.6578677893,"18":0.6574652195,"19":0.6572031975,"20":0.6573998928,"21":0.6572897434,"22":0.657623291,"23":0.6573064327,"24":0.6575471163,"25":0.6575192213,"26":0.6575847864,"27":0.6574221849,"28":0.657861352,"29":0.6578646898,"30":0.6576112509,"31":0.6587030292,"32":0.6585536599,"33":0.6585787535,"34":0.6599974632,"35":0.6642433405,"36":0.6679660082,"37":0.6683758497,"38":0.6688132882,"39":0.6683573723,"40":0.6677726507,"41":0.668882966,"42":0.6692563295,"43":0.670702219,"44":0.6708145142,"45":0.6700270176,"46":0.6708142757,"47":0.6718114018,"48":0.6682589054,"49":0.6700916886,"50":0.6682223678,"51":0.6683660746,"52":0.6712412834,"53":0.669731915,"54":0.6704760194,"55":0.6720876694,"56":0.67012012,"57":0.6720423102,"58":0.6727850437,"59":0.6730825901,"60":0.669727087,"61":0.671795249,"62":0.6716103554,"63":0.6689468026}}