{"loss":{"0":1.9105421305,"1":1.6092116833,"2":1.298507452,"3":1.1736978292,"4":1.0197027922,"5":0.9313983321,"6":0.8676559925},"acc":{"0":0.4707475603,"1":0.4848320782,"2":0.5276272893,"3":0.5476706624,"4":0.5861321688,"5":0.5926327109,"6":0.6365113854},"auc":{"0":0.4992237687,"1":0.4998694062,"2":0.5076169968,"3":0.4838753939,"4":0.5032550097,"5":0.5180643797,"6":0.534506619},"val_loss":{"0":0.6959618926,"1":0.5765052438,"2":0.5263249278,"3":0.5178052187,"4":0.5282374024,"5":0.5352124572,"6":0.5369315147},"val_acc":{"0":0.5497835279,"1":0.7554112673,"2":0.7683982849,"3":0.7683982849,"4":0.7683982849,"5":0.7683982849,"6":0.7683982849},"val_auc":{"0":0.5306831598,"1":0.6465973854,"2":0.6996314526,"3":0.6964854598,"4":0.6453863382,"5":0.5891404152,"6":0.6202317476}}