,loss,acc,auc,val_loss,val_acc,val_auc
0,1.9105421304702759,0.47074756026268005,0.4992237687110901,0.6959618926048279,0.5497835278511047,0.530683159828186
1,1.6092116832733154,0.4848320782184601,0.4998694062232971,0.5765052437782288,0.7554112672805786,0.6465973854064941
2,1.2985074520111084,0.5276272892951965,0.5076169967651367,0.5263249278068542,0.7683982849121094,0.6996314525604248
3,1.173697829246521,0.5476706624031067,0.4838753938674927,0.5178052186965942,0.7683982849121094,0.6964854598045349
4,1.0197027921676636,0.5861321687698364,0.5032550096511841,0.5282374024391174,0.7683982849121094,0.6453863382339478
5,0.931398332118988,0.5926327109336853,0.5180643796920776,0.5352124571800232,0.7683982849121094,0.5891404151916504
6,0.8676559925079346,0.6365113854408264,0.534506618976593,0.5369315147399902,0.7683982849121094,0.6202317476272583
