{"loss":{"0":1.7778530121,"1":1.4901330471,"2":1.2387214899,"3":1.1702642441,"4":1.0868320465,"5":0.9732849002,"6":0.8897867799,"7":0.8713760972,"8":0.7729952931,"9":0.7639027238,"10":0.7350649238,"11":0.7265871763,"12":0.7142797112,"13":0.6547291875,"14":0.6798591018,"15":0.6434217095,"16":0.6454749703,"17":0.6478469372,"18":0.6264983416,"19":0.612875104,"20":0.6146391034,"21":0.5928161144,"22":0.6005378366,"23":0.5789487362,"24":0.575212121,"25":0.577872932,"26":0.5712932944,"27":0.5429738164,"28":0.5523011684,"29":0.5283429027,"30":0.5157049298,"31":0.5298387408,"32":0.5296706557,"33":0.5207603574,"34":0.5116122365,"35":0.4928888083,"36":0.5058490038,"37":0.4750443697,"38":0.4907411039,"39":0.4776233137,"40":0.4717782736,"41":0.4663878381,"42":0.4689363241,"43":0.4688553214,"44":0.4372068644},"acc":{"0":0.4842903614,"1":0.5086674094,"2":0.549295783,"3":0.5585048795,"4":0.5655471087,"5":0.5872156024,"6":0.6143012047,"7":0.6056337953,"8":0.6305525303,"9":0.6338028312,"10":0.6446370482,"11":0.6646803617,"12":0.6771397591,"13":0.705850482,"14":0.6901408434,"15":0.6966413856,"16":0.6955579519,"17":0.7004333735,"18":0.7199349999,"19":0.715601325,"20":0.7188515663,"21":0.73022753,"22":0.7269772291,"23":0.7470206022,"24":0.744853735,"25":0.7372697592,"26":0.744312048,"27":0.7562296987,"28":0.755687952,"29":0.7562296987,"30":0.7703142166,"31":0.7621884942,"32":0.7583965063,"33":0.7573131323,"34":0.7600216866,"35":0.7865655422,"36":0.7751895785,"37":0.783856988,"38":0.7827735543,"39":0.7887324095,"40":0.7784398794,"41":0.7930660844,"42":0.7973997593,"43":0.7806067467,"44":0.819068253},"auc":{"0":0.4905299544,"1":0.5034562945,"2":0.5355773568,"3":0.5208076239,"4":0.5048876405,"5":0.5254839659,"6":0.5279297829,"7":0.5037503242,"8":0.5513761044,"9":0.536529243,"10":0.5615818501,"11":0.5474081039,"12":0.5612943172,"13":0.5983737707,"14":0.5645931959,"15":0.5911920667,"16":0.6013015509,"17":0.5929359198,"18":0.5952042341,"19":0.6078342199,"20":0.5972540379,"21":0.6228522062,"22":0.6174560785,"23":0.6436469555,"24":0.6294972897,"25":0.6339399219,"26":0.6370773315,"27":0.6791681051,"28":0.6625710726,"29":0.6841168404,"30":0.7056119442,"31":0.6829922795,"32":0.686290741,"33":0.7006825209,"34":0.7068899274,"35":0.7374760509,"36":0.7208717465,"37":0.758662045,"38":0.7368237972,"39":0.7535718679,"40":0.7610555887,"41":0.7639319897,"42":0.7678486109,"43":0.7643522024,"44":0.8049802184},"val_loss":{"0":0.5344971418,"1":0.5204567909,"2":0.5327469707,"3":0.5259422064,"4":0.5189888477,"5":0.5129882097,"6":0.5032244921,"7":0.5010147691,"8":0.4979529381,"9":0.4965698421,"10":0.4971528053,"11":0.49328807,"12":0.4903543293,"13":0.4834698141,"14":0.482318908,"15":0.46881634,"16":0.4641873837,"17":0.464158088,"18":0.459741503,"19":0.4569745362,"20":0.4501598775,"21":0.4507860839,"22":0.4462446868,"23":0.440340519,"24":0.4378737211,"25":0.4368661642,"26":0.4368939996,"27":0.4249346554,"28":0.4342988431,"29":0.4228145182,"30":0.4226558506,"31":0.4245547056,"32":0.4171306491,"33":0.4182980657,"34":0.4092704058,"35":0.412822932,"36":0.4120150805,"37":0.4000776112,"38":0.3970992267,"39":0.3979950249,"40":0.3918812871,"41":0.3863652945,"42":0.3909708858,"43":0.3925011456,"44":0.4016425908},"val_acc":{"0":0.7683982849,"1":0.770562768,"2":0.770562768,"3":0.770562768,"4":0.7727272511,"5":0.7727272511,"6":0.7727272511,"7":0.7727272511,"8":0.7727272511,"9":0.7727272511,"10":0.7727272511,"11":0.7727272511,"12":0.7727272511,"13":0.7727272511,"14":0.7727272511,"15":0.7792207599,"16":0.7792207599,"17":0.7792207599,"18":0.7792207599,"19":0.7792207599,"20":0.7857142687,"21":0.7792207599,"22":0.7835497856,"23":0.7878788114,"24":0.7878788114,"25":0.7900432944,"26":0.7900432944,"27":0.8051947951,"28":0.8116883039,"29":0.8051947951,"30":0.800865829,"31":0.800865829,"32":0.8116883039,"33":0.8160173297,"34":0.8181818128,"35":0.8095238209,"36":0.8095238209,"37":0.8181818128,"38":0.8225108385,"39":0.8181818128,"40":0.8311688304,"41":0.8463203311,"42":0.8290043473,"43":0.8268398046,"44":0.8181818128},"val_auc":{"0":0.6431639791,"1":0.651460588,"2":0.5995331407,"3":0.6284646988,"4":0.6616513729,"5":0.686581254,"6":0.715806365,"7":0.729465127,"8":0.7428838015,"9":0.7586634159,"10":0.7627450824,"11":0.7762705088,"12":0.782246232,"13":0.7920634747,"14":0.7995065451,"15":0.7981725931,"16":0.8039349318,"17":0.805762291,"18":0.8173002005,"19":0.8221422434,"20":0.8208349943,"21":0.827237606,"22":0.8302788734,"23":0.8267840147,"24":0.833239913,"25":0.8344271183,"26":0.8348405361,"27":0.8326263428,"28":0.8309057355,"29":0.8350006342,"30":0.8410564065,"31":0.8424036503,"32":0.8399493694,"33":0.8361478448,"34":0.8408696651,"35":0.8402427435,"36":0.8406162262,"37":0.8415366411,"38":0.8460050821,"39":0.8459650278,"40":0.8473522663,"41":0.846351862,"42":0.844284296,"43":0.8450047374,"44":0.8442977667}}