{"loss":{"0":1.626896739,"1":1.3540101051,"2":1.2161804438,"3":1.1097174883,"4":1.0157601833},"acc":{"0":0.5346695781,"1":0.5498374701,"2":0.5698808432,"3":0.5698808432,"4":0.5964246988},"auc":{"0":0.5174839497,"1":0.509568572,"2":0.5254142284,"3":0.5064544678,"4":0.5176448822},"val_loss":{"0":0.5314664841,"1":0.5263772011,"2":0.5297869444,"3":0.5287497044,"4":0.5283597708},"val_acc":{"0":0.7619047761,"1":0.7575757504,"2":0.7619047761,"3":0.7619047761,"4":0.7619047761},"val_auc":{"0":0.6447314024,"1":0.6431689262,"2":0.6421616077,"3":0.6522856951,"4":0.6531637311}}