,loss,acc,auc,val_loss,val_acc,val_auc
0,1.6268967390060425,0.5346695780754089,0.5174839496612549,0.5314664840698242,0.761904776096344,0.6447314023971558
1,1.3540101051330566,0.5498374700546265,0.5095685720443726,0.5263772010803223,0.7575757503509521,0.6431689262390137
2,1.216180443763733,0.5698808431625366,0.525414228439331,0.5297869443893433,0.761904776096344,0.6421616077423096
3,1.1097174882888794,0.5698808431625366,0.5064544677734375,0.5287497043609619,0.761904776096344,0.6522856950759888
4,1.0157601833343506,0.5964246988296509,0.5176448822021484,0.5283597707748413,0.761904776096344,0.653163731098175
