{"loss":{"0":1.824426651,"1":1.5561513901,"2":1.4087166786,"3":1.1658911705,"4":1.0592597723,"5":0.9345881939,"6":0.8695445061,"7":0.9131018519,"8":0.8154185414,"9":0.7901649475,"10":0.7549525499,"11":0.717689693,"12":0.7120398879,"13":0.6901041865,"14":0.6648461819,"15":0.6771649718,"16":0.630759716,"17":0.633895874,"18":0.6296377182,"19":0.5864233971,"20":0.5804533362,"21":0.6257606149,"22":0.5739309192,"23":0.56229949,"24":0.5622844696,"25":0.5678676367,"26":0.5429000854,"27":0.5443926454,"28":0.5312519073,"29":0.5349745154,"30":0.5273034573,"31":0.5086395144,"32":0.509785533,"33":0.5190415382,"34":0.4924697578,"35":0.481793195,"36":0.4760153294,"37":0.4758388996,"38":0.4501122534,"39":0.4631634057,"40":0.4551003575,"41":0.4283354282,"42":0.4341421127,"43":0.4136759639},"acc":{"0":0.5070422292,"1":0.5238353014,"2":0.5124593973,"3":0.5682556629,"4":0.5715059638,"5":0.6208017468,"6":0.6310942769,"7":0.603466928,"8":0.6283857226,"9":0.6440953612,"10":0.6646803617,"11":0.6722643375,"12":0.6722643375,"13":0.6923077106,"14":0.6966413856,"15":0.6977248192,"16":0.7286024094,"17":0.7253521085,"18":0.7226435542,"19":0.7481040359,"20":0.7459371686,"21":0.7334777713,"22":0.745395422,"23":0.7405200601,"24":0.7491874099,"25":0.7491874099,"26":0.755146265,"27":0.7616468072,"28":0.7670639157,"29":0.7600216866,"30":0.7594799399,"31":0.7816901207,"32":0.7768147588,"33":0.7741062045,"34":0.7887324095,"35":0.7919826508,"36":0.7892740965,"37":0.7919826508,"38":0.8109425902,"39":0.8028169274,"40":0.8044420481,"41":0.8076922894,"42":0.8174431324,"43":0.8299024701},"auc":{"0":0.5050010085,"1":0.5090556145,"2":0.4722044468,"3":0.51255548,"4":0.5014801025,"5":0.5345153809,"6":0.5537176132,"7":0.5119024515,"8":0.5438365936,"9":0.5485643744,"10":0.5625160336,"11":0.5757833719,"12":0.5616930723,"13":0.5729962587,"14":0.6011733413,"15":0.5527484417,"16":0.5852079391,"17":0.6024996638,"18":0.5923211575,"19":0.6356669664,"20":0.6371898651,"21":0.6063045859,"22":0.6461975574,"23":0.6510522962,"24":0.6520180702,"25":0.6442728043,"26":0.6771004796,"27":0.6731820107,"28":0.6720641255,"29":0.6802001595,"30":0.6814559698,"31":0.7052893639,"32":0.6998748779,"33":0.6912789345,"34":0.7161376476,"35":0.7399794459,"36":0.7528560162,"37":0.744081974,"38":0.7764927745,"39":0.7617132068,"40":0.7642709613,"41":0.8025275469,"42":0.7941702604,"43":0.8079924583},"val_loss":{"0":0.7037290931,"1":0.6073690057,"2":0.5369920731,"3":0.5206651688,"4":0.4845677912,"5":0.474021852,"6":0.4743825495,"7":0.4705526531,"8":0.4622842371,"9":0.456928581,"10":0.450083077,"11":0.4449747205,"12":0.446905762,"13":0.4417837858,"14":0.4414048195,"15":0.4378919303,"16":0.4314005375,"17":0.4355539382,"18":0.4281490147,"19":0.4284625649,"20":0.4272293448,"21":0.4199858904,"22":0.4190667272,"23":0.4196233749,"24":0.4152913094,"25":0.4097334445,"26":0.414375931,"27":0.4143671393,"28":0.4086614549,"29":0.4065078497,"30":0.4076824486,"31":0.405826509,"32":0.4048528075,"33":0.4015943706,"34":0.4025045335,"35":0.4014309645,"36":0.3983383775,"37":0.3984327316,"38":0.3966932297,"39":0.3937419653,"40":0.3928689659,"41":0.4014038444,"42":0.3964424431,"43":0.3960850835},"val_acc":{"0":0.4502164423,"1":0.7878788114,"2":0.7857142687,"3":0.7727272511,"4":0.7943723202,"5":0.7987012863,"6":0.800865829,"7":0.7987012863,"8":0.7965368032,"9":0.7965368032,"10":0.7987012863,"11":0.800865829,"12":0.800865829,"13":0.800865829,"14":0.800865829,"15":0.800865829,"16":0.800865829,"17":0.800865829,"18":0.8051947951,"19":0.8051947951,"20":0.8073592782,"21":0.8203462958,"22":0.8203462958,"23":0.8160173297,"24":0.8225108385,"25":0.8246753216,"26":0.8181818128,"27":0.8268398046,"28":0.8246753216,"29":0.8203462958,"30":0.8290043473,"31":0.8290043473,"32":0.8333333135,"33":0.8311688304,"34":0.8225108385,"35":0.8354978561,"36":0.8354978561,"37":0.8354978561,"38":0.8354978561,"39":0.8333333135,"40":0.8333333135,"41":0.8311688304,"42":0.8268398046,"43":0.8354978561},"val_auc":{"0":0.5431457758,"1":0.6343518496,"2":0.6687095165,"3":0.6652261019,"4":0.6913448572,"5":0.6949872971,"6":0.6963604689,"7":0.709802866,"8":0.7290847301,"9":0.7473548651,"10":0.7502456903,"11":0.7574584484,"12":0.758947134,"13":0.7642374039,"14":0.7630956173,"15":0.7671426535,"16":0.7699757814,"17":0.7788072824,"18":0.7747745514,"19":0.7760899067,"20":0.7804695368,"21":0.7833169699,"22":0.7887951136,"23":0.7896479368,"24":0.7894744873,"25":0.7885204554,"26":0.7859476805,"27":0.7858753204,"28":0.7867426872,"29":0.7875230312,"30":0.7874797583,"31":0.7885638475,"32":0.7909921408,"33":0.7910354137,"34":0.7884482145,"35":0.7896912098,"36":0.7925821543,"37":0.7917149067,"38":0.7924231291,"39":0.7948658466,"40":0.7984650135,"41":0.7975687981,"42":0.7938686609,"43":0.7914258242}}