{"loss":{"0":1.3871952295,"1":1.2042495012,"2":1.0828751326,"3":1.0175207853,"4":0.966473937,"5":0.9063949585,"6":0.8421915174,"7":0.7881402969,"8":0.768910408,"9":0.7778596282,"10":0.7509576082,"11":0.7307112813},"acc":{"0":0.6050921082,"1":0.6170097589,"2":0.6370530725,"3":0.6565546989,"4":0.6484290361,"5":0.6440953612,"6":0.6728060842,"7":0.6803900599,"8":0.6684723496,"9":0.6700975299,"10":0.6598049998,"11":0.6782231927},"auc":{"0":0.4945915937,"1":0.4998950958,"2":0.5238677263,"3":0.5207391381,"4":0.516040206,"5":0.5122413635,"6":0.5257095098,"7":0.5578362942,"8":0.5551425219,"9":0.5510618687,"10":0.5462828279,"11":0.5482856035},"val_loss":{"0":0.5754131675,"1":0.5296722651,"2":0.5361788273,"3":0.5118662119,"4":0.5133798718,"5":0.5096983314,"6":0.5361609459,"7":0.5097791553,"8":0.4989786446,"9":0.529966712,"10":0.5399416685,"11":0.508718729},"val_acc":{"0":0.7662337422,"1":0.7727272511,"2":0.7683982849,"3":0.7683982849,"4":0.7662337422,"5":0.7683982849,"6":0.7640692592,"7":0.7640692592,"8":0.7640692592,"9":0.7662337422,"10":0.7640692592,"11":0.7640692592},"val_auc":{"0":0.6718559265,"1":0.6950905919,"2":0.7094498277,"3":0.7238479853,"4":0.7434440851,"5":0.7525794506,"6":0.7337110043,"7":0.7439768314,"8":0.7476414442,"9":0.7465628386,"10":0.7330482602,"11":0.7448475361}}