{"loss":{"0":50.5855102539,"1":47.1656913757,"2":43.9629707336,"3":40.9603157043,"4":38.1496086121,"5":35.4823684692,"6":32.9956893921,"7":30.6541538239,"8":28.4357776642,"9":26.3459644318,"10":24.3787536621,"11":22.5220584869,"12":20.7758464813,"13":19.1238517761,"14":17.5817337036,"15":16.1338558197,"16":14.7611627579,"17":13.4830617905,"18":12.2933559418,"19":11.1784963608,"20":10.144982338,"21":9.1721572876,"22":8.2810459137,"23":7.4556131363,"24":6.6912107468,"25":5.9922394753,"26":5.3473129272,"27":4.7636823654,"28":4.2211470604,"29":3.7449395657,"30":3.3083879948,"31":2.9147453308,"32":2.5621628761,"33":2.2547807693,"34":1.9787188768,"35":1.7390726805,"36":1.5328099728,"37":1.3505291939,"38":1.1959160566,"39":1.0667910576,"40":0.9560408592,"41":0.8671789169,"42":0.787589252,"43":0.729483068,"44":0.6788963079,"45":0.6474809647,"46":0.6133899689,"47":0.5923112035,"48":0.5792113543,"49":0.5696874261,"50":0.5594818592,"51":0.557158947,"52":0.5519791245,"53":0.5510981083,"54":0.5513837337,"55":0.5458493233,"56":0.5457208157},"acc":{"0":0.5403780341,"1":0.5727671385,"2":0.6009315848,"3":0.62172997,"4":0.6380869746,"5":0.6678221226,"6":0.6759464741,"7":0.6829334497,"8":0.7011861801,"9":0.7079023123,"10":0.7106645703,"11":0.7207929492,"12":0.7217137218,"13":0.7298380733,"14":0.7324920297,"15":0.7334127426,"16":0.7377457619,"17":0.7411580086,"18":0.7404538989,"19":0.7424037457,"20":0.7415371537,"21":0.7471158504,"22":0.7512322068,"23":0.7460867763,"24":0.7498781085,"25":0.7458159328,"26":0.7523695827,"27":0.7514488697,"28":0.7548069358,"29":0.7510155439,"30":0.7542111278,"31":0.7561067939,"32":0.7538861632,"33":0.7551860213,"34":0.7570275664,"35":0.7567567825,"36":0.7545360923,"37":0.7567026019,"38":0.7567026019,"39":0.7595190406,"40":0.7591940761,"41":0.7589232326,"42":0.7599523664,"43":0.7572984099,"44":0.7613605857,"45":0.7618480325,"46":0.7639603615,"47":0.7622271776,"48":0.762822926,"49":0.7650436163,"50":0.7651519179,"51":0.7661809921,"52":0.7624979615,"53":0.766993463,"54":0.7655852437,"55":0.7665601373,"56":0.7667768002},"auc":{"0":0.5623352528,"1":0.5714130402,"2":0.5810592175,"3":0.5816614628,"4":0.580039382,"5":0.6009603739,"6":0.5936182141,"7":0.586237669,"8":0.5968675017,"9":0.600450635,"10":0.597759068,"11":0.6031367779,"12":0.6034332514,"13":0.6116479635,"14":0.6062088013,"15":0.6026626229,"16":0.6153656244,"17":0.6163094044,"18":0.611418128,"19":0.6167250872,"20":0.6120899916,"21":0.6211138964,"22":0.619925499,"23":0.6183581352,"24":0.6231752634,"25":0.617993474,"26":0.6213335991,"27":0.6186027527,"28":0.6310887933,"29":0.6236998439,"30":0.6214017868,"31":0.6259082556,"32":0.6300671697,"33":0.629052043,"34":0.630554378,"35":0.6331105232,"36":0.6290943623,"37":0.6340011358,"38":0.6319029331,"39":0.6310044527,"40":0.6353958845,"41":0.6290748119,"42":0.6409672499,"43":0.6396243572,"44":0.641941905,"45":0.6339284182,"46":0.6450390816,"47":0.6466691494,"48":0.644428134,"49":0.6443992853,"50":0.648555994,"51":0.6464431882,"52":0.6508017778,"53":0.6484326124,"54":0.6458309293,"55":0.6527225971,"56":0.6510388851},"val_loss":{"0":48.6930236816,"1":45.4184570312,"2":42.3538780212,"3":39.4452781677,"4":36.72631073,"5":34.1492881775,"6":31.7255172729,"7":29.4529285431,"8":27.2994060516,"9":25.2695789337,"10":23.3619270325,"11":21.5722904205,"12":19.8761959076,"13":18.2820911407,"14":16.7825870514,"15":15.3844442368,"16":14.0621614456,"17":12.8197374344,"18":11.673084259,"19":10.6071977615,"20":9.6090106964,"21":8.6826438904,"22":7.818772316,"23":7.0277051926,"24":6.3012332916,"25":5.6316223145,"26":5.0189352036,"27":4.4589753151,"28":3.9470696449,"29":3.4906599522,"30":3.0761401653,"31":2.707880497,"32":2.3788642883,"33":2.0855131149,"34":1.8292443752,"35":1.6107157469,"36":1.4167554379,"37":1.254981041,"38":1.1132464409,"39":1.0028349161,"40":0.8940622211,"41":0.8049372435,"42":0.7394644618,"43":0.6864742637,"44":0.646756351,"45":0.6130996346,"46":0.5891385674,"47":0.5766248107,"48":0.5527783632,"49":0.557893157,"50":0.549279511,"51":0.5335377455,"52":0.5422106981,"53":0.5304294229,"54":0.5364261866,"55":0.5385655761,"56":0.5414187312},"val_acc":{"0":0.6479635835,"1":0.6748266816,"2":0.6802426577,"3":0.7014731169,"4":0.7110052109,"5":0.7348353267,"6":0.7437174916,"7":0.7430675626,"8":0.7497833371,"9":0.7530329227,"10":0.7560658455,"11":0.7530329227,"12":0.7571490407,"13":0.7582322359,"14":0.7595320344,"15":0.758015573,"16":0.7603986263,"17":0.7640814781,"18":0.7619150877,"19":0.7608318925,"20":0.7616984248,"21":0.7608318925,"22":0.762131691,"23":0.7614818215,"24":0.7610485554,"25":0.7610485554,"26":0.7616984248,"27":0.7645147443,"28":0.7645147443,"29":0.7640814781,"30":0.7645147443,"31":0.7649480104,"32":0.7653812766,"33":0.7647313476,"34":0.7653812766,"35":0.7649480104,"36":0.7649480104,"37":0.7645147443,"38":0.7638648152,"39":0.7642980814,"40":0.7660312057,"41":0.7681975961,"42":0.7697140574,"43":0.7697140574,"44":0.7692807913,"45":0.7697140574,"46":0.7701473236,"47":0.7686308622,"48":0.7703639269,"49":0.7703639269,"50":0.7703639269,"51":0.7701473236,"52":0.7703639269,"53":0.7710138559,"54":0.7712305188,"55":0.7710138559,"56":0.7705805898},"val_auc":{"0":0.6608050466,"1":0.6640322208,"2":0.6658245325,"3":0.6658970714,"4":0.6660177708,"5":0.6677668095,"6":0.6665192842,"7":0.6662310958,"8":0.6668646336,"9":0.6670035124,"10":0.6676178575,"11":0.6678245664,"12":0.6675478816,"13":0.6673185825,"14":0.66754812,"15":0.6679201722,"16":0.6685562134,"17":0.6688263416,"18":0.6689127684,"19":0.6694431901,"20":0.6695498228,"21":0.6705049276,"22":0.6712625027,"23":0.6710190773,"24":0.6716487408,"25":0.671413362,"26":0.6719956994,"27":0.6719984412,"28":0.6730462313,"29":0.6741769314,"30":0.6736301184,"31":0.6745457649,"32":0.6747568846,"33":0.6749910116,"34":0.6739379168,"35":0.6738625765,"36":0.6736537218,"37":0.6747400761,"38":0.6737427711,"39":0.6743103266,"40":0.67445755,"41":0.6745052934,"42":0.6744861007,"43":0.6739616394,"44":0.674485743,"45":0.6740201712,"46":0.6755213141,"47":0.6761667728,"48":0.6755226851,"49":0.6755859852,"50":0.6753593683,"51":0.6766372919,"52":0.6765415668,"53":0.6766599417,"54":0.677728653,"55":0.6771210432,"56":0.6789739132}}