{"loss":{"0":52.8796157837,"1":49.3412094116,"2":46.0495071411,"3":42.9097862244,"4":39.992149353,"5":37.2449913025,"6":34.6552886963,"7":32.2164649963,"8":29.921995163,"9":27.7505187988,"10":25.7017993927,"11":23.7812232971,"12":21.9651184082,"13":20.2428436279,"14":18.6361865997,"15":17.1264095306,"16":15.7021274567,"17":14.3729972839,"18":13.1236658096,"19":11.9570579529,"20":10.8678750992,"21":9.8591814041,"22":8.9145965576,"23":8.0431098938,"24":7.238161087,"25":6.493956089,"26":5.8055481911,"27":5.1877088547,"28":4.6151690483,"29":4.0993046761,"30":3.6304724216,"31":3.2078568935,"32":2.8237509727,"33":2.4884727001,"34":2.1899828911,"35":1.9241548777,"36":1.6979349852,"37":1.4910640717,"38":1.3211795092,"39":1.1781628132,"40":1.047501564,"41":0.9546836615,"42":0.8571252823,"43":0.7949908972,"44":0.742209971,"45":0.6944503784,"46":0.6625823379,"47":0.6402630806,"48":0.6208464503,"49":0.6058732271,"50":0.5995578766,"51":0.5962227583,"52":0.5881177187,"53":0.5823020935,"54":0.5776609182,"55":0.5787434578,"56":0.5752295256,"57":0.5744373202,"58":0.5721448064,"59":0.5709277391,"60":0.5722877979,"61":0.571698606,"62":0.5691533089,"63":0.5722549558,"64":0.564524889},"acc":{"0":0.3706873059,"1":0.4068678021,"2":0.426528722,"3":0.4805286229,"4":0.5033310056,"5":0.5342035294,"6":0.5501272678,"7":0.5853869915,"8":0.5973568559,"9":0.618155241,"10":0.6318041682,"11":0.6438823342,"12":0.6555272937,"13":0.6730758548,"14":0.6757839918,"15":0.6841791868,"16":0.6926826835,"17":0.697232306,"18":0.7050858736,"19":0.7070898414,"20":0.7086064219,"21":0.7150517106,"22":0.7167307734,"23":0.7194930315,"24":0.7180306315,"25":0.7253425717,"26":0.7285923362,"27":0.7268591523,"28":0.7322753668,"29":0.7298921943,"30":0.7340085506,"31":0.7344418764,"32":0.7358500957,"33":0.7378540635,"34":0.7392622828,"35":0.7388290167,"36":0.7376915812,"37":0.7443535924,"38":0.7424578667,"39":0.7427828908,"40":0.7466284037,"41":0.7420787811,"42":0.7446785569,"43":0.7451660037,"44":0.7446243763,"45":0.7478199601,"46":0.7484698892,"47":0.749553144,"48":0.7484698892,"49":0.7542111278,"50":0.7504197359,"51":0.7481991053,"52":0.7520446181,"53":0.753777802,"54":0.7542111278,"55":0.7544819117,"56":0.7552943826,"57":0.7553485632,"58":0.7532903552,"59":0.757352531,"60":0.7555110455,"61":0.7542111278,"62":0.7588149309,"63":0.7566484213,"64":0.7563234568},"auc":{"0":0.5514807701,"1":0.5763550997,"2":0.5646904707,"3":0.590249598,"4":0.5851209164,"5":0.5833921432,"6":0.5822857618,"7":0.5892727971,"8":0.5869883895,"9":0.5852798223,"10":0.5881096125,"11":0.5846997499,"12":0.5824911594,"13":0.5913016796,"14":0.5849027634,"15":0.5873494148,"16":0.587529242,"17":0.5854365826,"18":0.5923782587,"19":0.5930861831,"20":0.5945035219,"21":0.5907316804,"22":0.6001702547,"23":0.5992636681,"24":0.6017025709,"25":0.602807045,"26":0.6115541458,"27":0.6060287952,"28":0.6080583334,"29":0.6072914004,"30":0.6069447994,"31":0.6076706052,"32":0.616417408,"33":0.6181766987,"34":0.6125649214,"35":0.6200608015,"36":0.613722682,"37":0.6193886995,"38":0.6224477887,"39":0.6169589758,"40":0.6287937164,"41":0.6170471907,"42":0.6317691803,"43":0.6199626923,"44":0.6247936487,"45":0.6272951961,"46":0.6272630692,"47":0.6250513792,"48":0.6259832978,"49":0.6334645748,"50":0.6321778893,"51":0.6271756887,"52":0.6319600344,"53":0.6345742941,"54":0.6399253607,"55":0.6378239393,"56":0.6422599554,"57":0.6387263536,"58":0.6440024376,"59":0.6415990591,"60":0.6387709975,"61":0.6387758255,"62":0.6394701004,"63":0.6346457601,"64":0.6439971328},"val_loss":{"0":51.2798690796,"1":47.9590606689,"2":44.599937439,"3":41.4739074707,"4":38.5371131897,"5":35.8520126343,"6":33.3151092529,"7":30.9389190674,"8":28.6978912354,"9":26.5751037598,"10":24.600030899,"11":22.7208328247,"12":20.9494552612,"13":19.2847900391,"14":17.7195987701,"15":16.2551994324,"16":14.8814992905,"17":13.5956544876,"18":12.3941802979,"19":11.2727680206,"20":10.2352848053,"21":9.2614974976,"22":8.3606529236,"23":7.5217638016,"24":6.7542724609,"25":6.0439453125,"26":5.3978247643,"27":4.8056797981,"28":4.2654476166,"29":3.777821064,"30":3.333701849,"31":2.9393188953,"32":2.5887262821,"33":2.276414156,"34":1.9973592758,"35":1.7505551577,"36":1.5417431593,"37":1.3507003784,"38":1.1888293028,"39":1.0571399927,"40":0.9434111118,"41":0.8543313742,"42":0.7719159126,"43":0.714007616,"44":0.6692214012,"45":0.621129334,"46":0.6014744639,"47":0.5784417391,"48":0.5615109801,"49":0.5471100807,"50":0.5421890616,"51":0.53723979,"52":0.5336529016,"53":0.5304156542,"54":0.5310341716,"55":0.5305990577,"56":0.5282438397,"57":0.5258566737,"58":0.524956882,"59":0.5271309018,"60":0.52499336,"61":0.5245065093,"62":0.5249045491,"63":0.5300821662,"64":0.5250402093},"val_acc":{"0":0.2363518178,"1":0.2363518178,"2":0.2363518178,"3":0.2363518178,"4":0.2521663904,"5":0.4774696827,"6":0.6579289436,"7":0.702772975,"8":0.7240034938,"9":0.7430675626,"10":0.7450173497,"11":0.7517331243,"12":0.7608318925,"13":0.7640814781,"14":0.7701473236,"15":0.7736135125,"16":0.7757799029,"17":0.7783795595,"18":0.7785961628,"19":0.7807625532,"20":0.7842287421,"21":0.7840121388,"22":0.7840121388,"23":0.7842287421,"24":0.784445405,"25":0.7846620679,"26":0.784445405,"27":0.783795476,"28":0.7842287421,"29":0.7820624113,"30":0.7827122808,"31":0.7814124823,"32":0.7818457484,"33":0.7818457484,"34":0.7818457484,"35":0.7818457484,"36":0.7818457484,"37":0.7816291451,"38":0.7818457484,"39":0.7820624113,"40":0.7809792161,"41":0.7809792161,"42":0.7816291451,"43":0.7809792161,"44":0.7818457484,"45":0.7820624113,"46":0.7820624113,"47":0.7816291451,"48":0.7833622098,"49":0.7816291451,"50":0.7831456065,"51":0.7824956775,"52":0.7829289436,"53":0.7829289436,"54":0.7831456065,"55":0.7835788727,"56":0.7833622098,"57":0.7833622098,"58":0.7835788727,"59":0.7842287421,"60":0.7820624113,"61":0.783795476,"62":0.7840121388,"63":0.7835788727,"64":0.7818457484},"val_auc":{"0":0.6633872986,"1":0.6559700966,"2":0.6603131294,"3":0.6543872356,"4":0.6451452374,"5":0.6508823633,"6":0.6553221941,"7":0.6548140049,"8":0.6610597372,"9":0.6577374339,"10":0.6594204903,"11":0.6619403362,"12":0.6610342264,"13":0.6619272232,"14":0.6624661684,"15":0.6631678343,"16":0.6635072827,"17":0.6626784801,"18":0.6643218994,"19":0.6641692519,"20":0.6640385985,"21":0.6650582552,"22":0.6650481224,"23":0.6675095558,"24":0.667514801,"25":0.6676300764,"26":0.6680903435,"27":0.6681827307,"28":0.6681452394,"29":0.6690526009,"30":0.669578433,"31":0.6701295376,"32":0.6698681116,"33":0.670090735,"34":0.6706798077,"35":0.6706265807,"36":0.6707825661,"37":0.6712244749,"38":0.6717016697,"39":0.6715904474,"40":0.6724288464,"41":0.6723641753,"42":0.6733051538,"43":0.6726868153,"44":0.6722630262,"45":0.6732704043,"46":0.6733393669,"47":0.673298955,"48":0.6739624739,"49":0.6736268997,"50":0.6755484939,"51":0.6756724119,"52":0.6762289405,"53":0.6776314974,"54":0.6781277657,"55":0.678034544,"56":0.6748646498,"57":0.6787179708,"58":0.6790690422,"59":0.6757284403,"60":0.6779402494,"61":0.6772346497,"62":0.678725481,"63":0.6757749915,"64":0.675014019}}