{"loss":{"0":50.9231414795,"1":47.5061225891,"2":44.3178062439,"3":41.3306999207,"4":38.5139694214,"5":35.8609352112,"6":33.3556022644,"7":30.998046875,"8":28.7735023499,"9":26.6733875275,"10":24.6930065155,"11":22.825378418,"12":21.0646533966,"13":19.4083843231,"14":17.8480987549,"15":16.3770542145,"16":15.003370285,"17":13.7190637589,"18":12.512181282,"19":11.3861217499,"20":10.3403396606,"21":9.364774704,"22":8.4538097382,"23":7.6175847054,"24":6.8480763435,"25":6.1360583305,"26":5.4893445969,"27":4.8913955688,"28":4.3468427658,"29":3.8507437706,"30":3.4032483101,"31":3.0140588284,"32":2.6482505798,"33":2.3355345726,"34":2.0512294769,"35":1.8028281927,"36":1.5831245184,"37":1.3977760077,"38":1.2366344929,"39":1.0986435413,"40":0.9848427773,"41":0.8944931626,"42":0.8115532398,"43":0.7507283688,"44":0.6984727979,"45":0.6596675515,"46":0.6280962229,"47":0.6031622887,"48":0.5918389559,"49":0.5800022483,"50":0.5694467425,"51":0.5590704679,"52":0.5585540533,"53":0.5584175587,"54":0.5564395189,"55":0.5557233691,"56":0.5520518422},"acc":{"0":0.6817418337,"1":0.6980988979,"2":0.6982071996,"3":0.701456964,"4":0.706548214,"5":0.7129393816,"6":0.7185722589,"7":0.7179223299,"8":0.7199263573,"9":0.7216595411,"10":0.7249634266,"11":0.726154983,"12":0.7292422652,"13":0.729729712,"14":0.7294589281,"15":0.7306504846,"16":0.7305421829,"17":0.7316254377,"18":0.7316795588,"19":0.7299463749,"20":0.7335752845,"21":0.7325461507,"22":0.7369874716,"23":0.7369333506,"24":0.73541677,"25":0.7377457619,"26":0.7354709506,"27":0.7375832796,"28":0.7397497892,"29":0.7407788634,"30":0.7450035214,"31":0.7409955263,"32":0.7421870828,"33":0.743811965,"34":0.7448952198,"35":0.7414829731,"36":0.748036623,"37":0.749499023,"38":0.7481991053,"39":0.7504197359,"40":0.7514488697,"41":0.7474949956,"42":0.7499864697,"43":0.7498781085,"44":0.7561067939,"45":0.7525862455,"46":0.7545360923,"47":0.7551319003,"48":0.751665473,"49":0.752857089,"50":0.7538861632,"51":0.7577858567,"52":0.7551860213,"53":0.7587607503,"54":0.7565942407,"55":0.7575691938,"56":0.7606022954},"auc":{"0":0.5482947826,"1":0.581330657,"2":0.5834977627,"3":0.5790712833,"4":0.5863269567,"5":0.585849762,"6":0.5917168856,"7":0.5926004648,"8":0.5984711647,"9":0.5966817141,"10":0.6001639962,"11":0.6012037992,"12":0.604219377,"13":0.6030855179,"14":0.6014809608,"15":0.6112450957,"16":0.6088716984,"17":0.601721108,"18":0.6070530415,"19":0.6038666964,"20":0.601520896,"21":0.6058950424,"22":0.612372458,"23":0.6121878624,"24":0.6048585773,"25":0.6116990447,"26":0.6045485735,"27":0.6036468148,"28":0.6085609198,"29":0.6159172058,"30":0.6190036535,"31":0.6075939536,"32":0.6184465885,"33":0.6094970703,"34":0.6170605421,"35":0.6170496941,"36":0.6230459213,"37":0.621835947,"38":0.6240990162,"39":0.6262084246,"40":0.6246049404,"41":0.6204283237,"42":0.6236773729,"43":0.622238636,"44":0.6252548695,"45":0.6234486103,"46":0.6278753281,"47":0.6300231814,"48":0.6245896816,"49":0.6267428398,"50":0.6313669682,"51":0.6361873746,"52":0.6336208582,"53":0.633087039,"54":0.6340041161,"55":0.6299217939,"56":0.6367031336},"val_loss":{"0":49.036277771,"1":45.731502533,"2":42.6407089233,"3":39.7458381653,"4":37.0204086304,"5":34.4502067566,"6":32.0274276733,"7":29.7411880493,"8":27.5834274292,"9":25.5493831635,"10":23.6298103333,"11":21.81798172,"12":20.1134395599,"13":18.5089893341,"14":16.9995346069,"15":15.5798816681,"16":14.2512207031,"17":13.0055437088,"18":11.8407497406,"19":10.7546892166,"20":9.7450933456,"21":8.8075056076,"22":7.9392542839,"23":7.1373338699,"24":6.3979582787,"25":5.7180595398,"26":5.0954909325,"27":4.5298829079,"28":4.0157761574,"29":3.5493013859,"30":3.1292467117,"31":2.7520542145,"32":2.4197711945,"33":2.1189906597,"34":1.8521845341,"35":1.6225684881,"36":1.4209722281,"37":1.2474976778,"38":1.0991280079,"39":0.974490881,"40":0.8708533645,"41":0.7847890258,"42":0.7150880098,"43":0.6615256071,"44":0.6153547168,"45":0.5814093947,"46":0.5563318729,"47":0.5377767682,"48":0.5249883533,"49":0.5182929039,"50":0.5102671981,"51":0.5065060854,"52":0.5048508048,"53":0.5032243729,"54":0.5046093464,"55":0.5044282675,"56":0.5042106509},"val_acc":{"0":0.7697140574,"1":0.7697140574,"2":0.7697140574,"3":0.7766464353,"4":0.7814124823,"5":0.7827122808,"6":0.7833622098,"7":0.7833622098,"8":0.7827122808,"9":0.7822790146,"10":0.7824956775,"11":0.7827122808,"12":0.7827122808,"13":0.7816291451,"14":0.7827122808,"15":0.7827122808,"16":0.7829289436,"17":0.7824956775,"18":0.7827122808,"19":0.7840121388,"20":0.7840121388,"21":0.7827122808,"22":0.7822790146,"23":0.7822790146,"24":0.7824956775,"25":0.7827122808,"26":0.7829289436,"27":0.7820624113,"28":0.7811958194,"29":0.7811958194,"30":0.7820624113,"31":0.7816291451,"32":0.7816291451,"33":0.7816291451,"34":0.7824956775,"35":0.7835788727,"36":0.783795476,"37":0.7831456065,"38":0.7827122808,"39":0.7827122808,"40":0.7833622098,"41":0.7833622098,"42":0.7833622098,"43":0.7842287421,"44":0.7833622098,"45":0.784445405,"46":0.7833622098,"47":0.7842287421,"48":0.7846620679,"49":0.7840121388,"50":0.7835788727,"51":0.7835788727,"52":0.783795476,"53":0.7840121388,"54":0.784445405,"55":0.783795476,"56":0.783795476},"val_auc":{"0":0.6706966758,"1":0.670776844,"2":0.6703528166,"3":0.6702495813,"4":0.6699790955,"5":0.6704360247,"6":0.6713013053,"7":0.6713967919,"8":0.671841383,"9":0.6720311642,"10":0.672180891,"11":0.6724130511,"12":0.6726387143,"13":0.6727121472,"14":0.6728854775,"15":0.6731410027,"16":0.6731558442,"17":0.6730639338,"18":0.6733039021,"19":0.6734191179,"20":0.6734013557,"21":0.6737502217,"22":0.6739490628,"23":0.6738415956,"24":0.6741454601,"25":0.6739118695,"26":0.6742432117,"27":0.6744941473,"28":0.674448669,"29":0.6753804684,"30":0.6762783527,"31":0.6780973673,"32":0.6790109277,"33":0.6789740324,"34":0.6799470186,"35":0.6794891357,"36":0.6807457209,"37":0.680739522,"38":0.6804093122,"39":0.6821799874,"40":0.6827633381,"41":0.6834053397,"42":0.6834207773,"43":0.6821941137,"44":0.6837357283,"45":0.6833370328,"46":0.6845910549,"47":0.6838084459,"48":0.6838139296,"49":0.6866136193,"50":0.6865957975,"51":0.6868174076,"52":0.6857523322,"53":0.6860207319,"54":0.6852427721,"55":0.6859551072,"56":0.6874859333}}