{"loss":{"0":51.6205062866,"1":49.9371147156,"2":48.3227119446,"3":46.748752594,"4":45.2370910645,"5":43.7471542358,"6":42.3147354126,"7":40.9177932739,"8":39.5660095215,"9":38.2376022339,"10":36.949924469,"11":35.7109184265,"12":34.5227584839,"13":33.3443870544,"14":32.2100868225,"15":31.0818805695,"16":30.0164089203,"17":28.966796875,"18":27.9336643219,"19":26.9426994324,"20":25.9895439148,"21":25.0462322235,"22":24.1294956207,"23":23.2408981323,"24":22.3858127594,"25":21.5453529358,"26":20.7366199493,"27":19.9378185272,"28":19.1691131592,"29":18.4246883392,"30":17.694185257,"31":16.9851665497,"32":16.3083114624,"33":15.6612138748,"34":15.0024719238,"35":14.3879938126,"36":13.7884302139,"37":13.2085361481,"38":12.6504421234,"39":12.0970096588,"40":11.571726799,"41":11.0636854172,"42":10.5535087585,"43":10.0854187012,"44":9.6266956329,"45":9.1903886795,"46":8.7587566376,"47":8.3399362564,"48":7.9389028549,"49":7.5570197105,"50":7.1846261024,"51":6.8354892731,"52":6.5032958984,"53":6.1693320274,"54":5.8631052971,"55":5.5568408966,"56":5.2684135437,"57":4.9974379539,"58":4.7316594124,"59":4.4825525284,"60":4.2416100502,"61":4.0113749504,"62":3.7839894295,"63":3.5898988247,"64":3.3882360458,"65":3.2008574009,"66":3.0206520557,"67":2.8542580605,"68":2.7037622929,"69":2.5372371674,"70":2.4058964252,"71":2.2671935558,"72":2.1395797729,"73":2.0160496235,"74":1.900796771,"75":1.8063005209,"76":1.7086514235,"77":1.6166989803,"78":1.5374234915,"79":1.4649010897,"80":1.3805969954,"81":1.3182493448,"82":1.2482511997,"83":1.1860743761,"84":1.1375300884,"85":1.0886052847,"86":1.0400271416,"87":1.0123728514,"88":0.961881578,"89":0.9287816882,"90":0.900500834,"91":0.8644729257,"92":0.8479691744,"93":0.8254500628,"94":0.8112629056,"95":0.7938255668,"96":0.7742766142,"97":0.7673357129,"98":0.7445096374,"99":0.7454479933,"100":0.7365248203},"acc":{"0":0.5361199379,"1":0.5480463505,"2":0.546001792,"3":0.5614493489,"4":0.5475919843,"5":0.557246685,"6":0.5584961176,"7":0.5511131287,"8":0.5575874448,"9":0.5630395412,"10":0.5646297336,"11":0.5640617609,"12":0.5600863099,"13":0.5641753674,"14":0.5537256002,"15":0.5638346076,"16":0.5557700992,"17":0.5589504838,"18":0.5661063194,"19":0.5692867041,"20":0.5588368773,"21":0.5582689643,"22":0.5632666945,"23":0.5632666945,"24":0.5641753674,"25":0.5636074543,"26":0.560654223,"27":0.5682644248,"28":0.5639482141,"29":0.5706496835,"30":0.5669013858,"31":0.5746251941,"32":0.5708768964,"33":0.567355752,"34":0.5776919723,"35":0.5708768964,"36":0.572694242,"37":0.5736029148,"38":0.5654247999,"39":0.5700817704,"40":0.5709904432,"41":0.5609949827,"42":0.5725806355,"43":0.5725806355,"44":0.5762153864,"45":0.5667878389,"46":0.5723534822,"47":0.5723534822,"48":0.5734893084,"49":0.5703089237,"50":0.5767832994,"51":0.5764425397,"52":0.5730350018,"53":0.5717855692,"54":0.5745115876,"55":0.5795093179,"56":0.5778055191,"57":0.5773512125,"58":0.5746251941,"59":0.5761017799,"60":0.5821217895,"61":0.575306654,"62":0.5831440091,"63":0.5781462789,"64":0.5835983753,"65":0.5815538168,"66":0.5854157209,"67":0.5815538168,"68":0.5741708279,"69":0.5779191256,"70":0.5797364712,"71":0.5815538168,"72":0.5880281925,"73":0.5846206546,"74":0.5893911719,"75":0.5838255286,"76":0.5871195197,"77":0.5856428742,"78":0.5824624896,"79":0.5757610202,"80":0.5897319317,"81":0.5837119222,"82":0.5942753553,"83":0.5907542109,"84":0.5917764902,"85":0.5841662884,"86":0.5837119222,"87":0.5871195197,"88":0.5932530761,"89":0.5970013738,"90":0.5939345956,"91":0.592685163,"92":0.6008632183,"93":0.5976828933,"94":0.5951840281,"95":0.5962062478,"96":0.5925715566,"97":0.5930259228,"98":0.5981371999,"99":0.5909813643,"100":0.5932530761},"auc":{"0":0.5573693514,"1":0.5743023753,"2":0.5706649423,"3":0.5767731667,"4":0.571408391,"5":0.5816162825,"6":0.5809221268,"7":0.5742332339,"8":0.5828775167,"9":0.5854558349,"10":0.5954977274,"11":0.593740344,"12":0.5822584629,"13":0.5874724984,"14":0.5795611143,"15":0.5937987566,"16":0.5817654729,"17":0.588255167,"18":0.5946161747,"19":0.5961021185,"20":0.5877978802,"21":0.5850951076,"22":0.5916048288,"23":0.597266078,"24":0.5913112164,"25":0.5936642885,"26":0.5886591077,"27":0.5989100933,"28":0.5991556644,"29":0.5989154577,"30":0.6015256643,"31":0.6093648672,"32":0.6056351066,"33":0.5952293277,"34":0.6097509265,"35":0.6040021181,"36":0.6034073234,"37":0.6039612293,"38":0.5948281884,"39":0.602864325,"40":0.6029127836,"41":0.593483448,"42":0.6124310493,"43":0.6068614721,"44":0.6067314148,"45":0.5984787941,"46":0.6014123559,"47":0.6064230204,"48":0.6083807945,"49":0.6069653034,"50":0.6160199642,"51":0.6103705168,"52":0.6057251692,"53":0.6093473434,"54":0.608784318,"55":0.6139280796,"56":0.6124690771,"57":0.6120422482,"58":0.6140083671,"59":0.6103444099,"60":0.6122285128,"61":0.6136238575,"62":0.6242040396,"63":0.6162133217,"64":0.6188655496,"65":0.6164669991,"66":0.6215950251,"67":0.6169064045,"68":0.610444665,"69":0.6215777397,"70":0.6170804501,"71":0.6216227412,"72":0.6222079396,"73":0.6231409311,"74":0.629958868,"75":0.6207381487,"76":0.622774601,"77":0.6245850921,"78":0.6217075586,"79":0.6113333106,"80":0.6286728382,"81":0.6195514202,"82":0.6283023953,"83":0.6307780743,"84":0.6290631294,"85":0.6282724738,"86":0.6279700994,"87":0.620593667,"88":0.6336944699,"89":0.6369586587,"90":0.6343406439,"91":0.6402287483,"92":0.6395576596,"93":0.641246438,"94":0.6333082914,"95":0.6334027052,"96":0.6367300153,"97":0.6326080561,"98":0.6447110176,"99":0.6356699467,"100":0.6355967522},"val_loss":{"0":50.5447425842,"1":48.9680366516,"2":47.3774681091,"3":45.8195571899,"4":44.3371734619,"5":42.8708648682,"6":41.4705619812,"7":40.077255249,"8":38.7486076355,"9":37.445148468,"10":36.1828689575,"11":34.9559249878,"12":33.7651443481,"13":32.6182785034,"14":31.4746322632,"15":30.378080368,"16":29.3120498657,"17":28.2800388336,"18":27.2750606537,"19":26.2981624603,"20":25.3504772186,"21":24.4275035858,"22":23.5297336578,"23":22.6607475281,"24":21.8156318665,"25":20.9943771362,"26":20.1960639954,"27":19.4166069031,"28":18.6646652222,"29":17.9301891327,"30":17.2230548859,"31":16.5461235046,"32":15.8731088638,"33":15.2193908691,"34":14.5908336639,"35":13.9789600372,"36":13.3854866028,"37":12.8140859604,"38":12.2545804977,"39":11.7217617035,"40":11.2060232162,"41":10.7038288116,"42":10.2203798294,"43":9.7539510727,"44":9.3043413162,"45":8.869515419,"46":8.4470310211,"47":8.0451917648,"48":7.6555600166,"49":7.2814893723,"50":6.9193716049,"51":6.5753426552,"52":6.2450561523,"53":5.9240489006,"54":5.6166577339,"55":5.3225445747,"56":5.04403162,"57":4.7751307487,"58":4.5200285912,"59":4.273045063,"60":4.0391612053,"61":3.8181633949,"62":3.6085367203,"63":3.4072246552,"64":3.2160937786,"65":3.0353033543,"66":2.8639633656,"67":2.7030770779,"68":2.5522942543,"69":2.4248487949,"70":2.2695353031,"71":2.1471047401,"72":2.0216021538,"73":1.9158983231,"74":1.8062797785,"75":1.7086850405,"76":1.6140818596,"77":1.5217223167,"78":1.4378359318,"79":1.3728985786,"80":1.3042515516,"81":1.2273825407,"82":1.1890310049,"83":1.1253439188,"84":1.0723993778,"85":1.0304433107,"86":0.9955630302,"87":0.9600755572,"88":0.9428488016,"89":0.9234493971,"90":0.881733954,"91":0.86213696,"92":0.8327331543,"93":0.8208127022,"94":0.7972757816,"95":0.7769947052,"96":0.7967208028,"97":0.7574622035,"98":0.7740190625,"99":0.7699359059,"100":0.7594621181},"val_acc":{"0":0.6130790114,"1":0.5476838946,"2":0.5308809876,"3":0.563578546,"4":0.5517711043,"5":0.5549500585,"6":0.5485922098,"7":0.5762943029,"8":0.5681198835,"9":0.5772025585,"10":0.5858310461,"11":0.5853769183,"12":0.5858310461,"13":0.5862851739,"14":0.6117166281,"15":0.6221616864,"16":0.6285195351,"17":0.6285195351,"18":0.6280654073,"19":0.6289736629,"20":0.6289736629,"21":0.6276112795,"22":0.6289736629,"23":0.6280654073,"24":0.6217075586,"25":0.6135331392,"26":0.6067211628,"27":0.6126248837,"28":0.6044505239,"29":0.6099001169,"30":0.5994550586,"31":0.5799273252,"32":0.5849227905,"33":0.5881017447,"34":0.5853769183,"35":0.5926430225,"36":0.5935513377,