,precision_mean,precision_std,precision_sem,recall_mean,recall_std,recall_sem,f1-score_mean,f1-score_std,f1-score_sem,occurences_mean,occurences_std,occurences_sem
argument,0.6635663200241885,0.036448911721758195,0.016300448863148045,0.3974812822863719,0.2882563974295844,0.12891217992034928,0.42929760328833666,0.2782041869475711,0.12441669472796574,1388.8,19.651971911235773,8.78862901708793
other,0.57286151695412,0.05258835379933053,0.02351822678402248,0.7713056770510361,0.17552856597330677,0.07849876110187409,0.644668150970307,0.02525179638293526,0.01129294665324531,1363.2,19.651971911235773,8.78862901708793
accuracy,0.5849563953488371,0.055520116646922045,0.024829350988247074,0.5849563953488371,0.055520116646922045,0.024829350988247074,0.5849563953488371,0.055520116646922045,0.024829350988247074,0.5849563953488371,0.055520116646922045,0.024829350988247074
macro avg,0.6182139184891542,0.009335728889625586,0.004175064883342288,0.584393479668704,0.057152836441771236,0.025559525478145537,0.5369828771293219,0.1281059733795483,0.057290732960089685,2752.0,0.0,0.0
weighted avg,0.6182197200350547,0.009786338429913936,0.004376583596021224,0.5849563953488371,0.055520116646922045,0.024829350988247074,0.5374721076331135,0.12714974076299634,0.056863092733507155,2752.0,0.0,0.0
