,precision_mean,precision_std,precision_sem,recall_mean,recall_std,recall_sem,f1-score_mean,f1-score_std,f1-score_sem,occurences_mean,occurences_std,occurences_sem
argument,0.6405764327322718,0.052420871474883717,0.02344332641152393,0.4987490196717198,0.2799844945423383,0.12521287248851745,0.5111921790926062,0.18531646745320132,0.08287604371509709,1390.6,12.739701723352846,5.697367813297636
other,0.5936923471384334,0.0714169515903978,0.03193863170038824,0.6839617998637086,0.21066684839099079,0.09421307872157951,0.6133350874113701,0.04890695787293532,0.02187185647532038,1361.4,12.739701723352846,5.697367813297636
accuracy,0.5893895348837209,0.03775137013360676,0.016882925972500004,0.5893895348837209,0.03775137013360676,0.016882925972500004,0.5893895348837209,0.03775137013360676,0.016882925972500004,0.5893895348837209,0.03775137013360676,0.016882925972500004
macro avg,0.6171343899353527,0.017114887535082397,0.0076540103911416114,0.5913554097677143,0.03493107197892667,0.015621650294363626,0.5622636332519881,0.06827388550877637,0.030533009817132355,2752.0,0.0,0.0
weighted avg,0.6176676291368468,0.017017920232786664,0.007610645295236005,0.5893895348837209,0.03775137013360676,0.016882925972500004,0.5612856844332207,0.06979087701605406,0.03121142904344491,2752.0,0.0,0.0
