{"loss":{"0":58.5090522766,"1":43.6689186096,"2":32.3564109802,"3":23.7254486084,"4":17.1806697845,"5":12.2725286484,"6":8.6322822571,"7":5.9717059135,"8":4.0710301399,"9":2.7296330929,"10":1.83530128,"11":1.2335239649,"12":0.8463956118,"13":0.6099239588,"14":0.4564998448,"15":0.3725226223,"16":0.3287036419,"17":0.2884108126},"acc":{"0":0.5994040966,"1":0.7137053013,"2":0.7326652408,"3":0.7602925301,"4":0.7722101808,"5":0.7792524099,"6":0.7952329516,"7":0.7984831929,"8":0.8166305423,"9":0.8385698795,"10":0.838840723,"11":0.852925241,"12":0.8686348796,"13":0.877843976,"14":0.887323916,"15":0.8978873491,"16":0.9016792774,"17":0.9089924097},"auc":{"0":0.5860255361,"1":0.6317428946,"2":0.6545932293,"3":0.6803058386,"4":0.7249878645,"5":0.7535015345,"6":0.7819905281,"7":0.8176615834,"8":0.8437857628,"9":0.8753970265,"10":0.881949544,"11":0.8973397613,"12":0.9133830667,"13":0.9220739007,"14":0.9381178021,"15":0.94362849,"16":0.9475300312,"17":0.9575061798},"val_loss":{"0":50.4764022827,"1":37.6718635559,"2":27.7860279083,"3":20.2924785614,"4":14.73487854,"5":10.5041246414,"6":7.5352520943,"7":5.5816516876,"8":4.13012743,"9":3.0367262363,"10":2.167986393,"11":1.5962051153,"12":1.2721163034,"13":1.43894732,"14":0.9087760448,"15":1.1816632748,"16":1.245405674,"17":0.9092342257},"val_acc":{"0":0.5140692592,"1":0.4880952239,"2":0.5757575631,"3":0.5746753216,"4":0.4848484993,"5":0.5519480705,"6":0.4902597368,"7":0.3257575631,"8":0.2965368032,"9":0.3344155848,"10":0.3906926513,"11":0.5064935088,"12":0.5725108385,"13":0.4209956825,"14":0.6688311696,"15":0.5043290257,"16":0.3993506432,"17":0.6287878752},"val_auc":{"0":0.5328715444,"1":0.5176451206,"2":0.5511715412,"3":0.6311635971,"4":0.6424180865,"5":0.6525667906,"6":0.6384230256,"7":0.6283795834,"8":0.7153744698,"9":0.6703435183,"10":0.7240259647,"11":0.7397426367,"12":0.7300217152,"13":0.7075260282,"14":0.7437113523,"15":0.7363466024,"16":0.7327036858,"17":0.7383244038}}