{"loss":{"0":57.5500984192,"1":42.8912773132,"2":31.7264099121,"3":23.2262268066,"4":16.7982940674,"5":11.9769706726,"6":8.3998718262,"7":5.8034205437,"8":3.9489569664,"9":2.6487135887,"10":1.7652614117,"11":1.1792246103,"12":0.8057809472,"13":0.5688719153,"14":0.4432445168,"15":0.3566581011,"16":0.3141195476,"17":0.2856291234,"18":0.2670646906,"19":0.259060204,"20":0.2311146557,"21":0.2259850204,"22":0.2139259726,"23":0.211930126},"acc":{"0":0.5257313251,"1":0.6692849398,"2":0.7304983735,"3":0.7700433135,"4":0.7800650001,"5":0.7887324095,"6":0.8044420481,"7":0.8220476508,"8":0.8212351203,"9":0.8396533132,"10":0.8464246988,"11":0.8618634939,"12":0.8664680123,"13":0.8840736747,"14":0.877302289,"15":0.8911159039,"16":0.891386807,"17":0.8997833133,"18":0.9043878913,"19":0.9054712653,"20":0.921993494,"21":0.9192849398,"22":0.9282231927,"23":0.9241603613},"auc":{"0":0.6013231277,"1":0.6383477449,"2":0.6827194691,"3":0.7124236822,"4":0.7513149977,"5":0.7779757977,"6":0.8154333234,"7":0.8318589926,"8":0.8473578095,"9":0.8677682281,"10":0.8862122297,"11":0.9010239244,"12":0.9115555286,"13":0.9239417911,"14":0.9252419472,"15":0.9347177744,"16":0.9401648045,"17":0.943541348,"18":0.9494826794,"19":0.9511269927,"20":0.9623858333,"21":0.9633216262,"22":0.9669120312,"23":0.9688173532},"val_loss":{"0":49.7281799316,"1":37.0206184387,"2":27.2935295105,"3":19.8851699829,"4":14.3914384842,"5":10.3076343536,"6":7.3011412621,"7":5.1038141251,"8":3.5123765469,"9":2.439535141,"10":1.7449666262,"11":1.3378120661,"12":1.1187092066,"13":1.1619490385,"14":1.0229152441,"15":0.9225522876,"16":0.9076220393,"17":0.7195450664,"18":0.6167954206,"19":0.5833006501,"20":0.5584207773,"21":0.5673389435,"22":0.5727260709,"23":0.8551985621},"val_acc":{"0":0.2467532456,"1":0.2716450095,"2":0.2900432944,"3":0.4448052049,"4":0.3722943664,"5":0.3549783528,"6":0.3831168711,"7":0.4653679729,"8":0.5649350882,"9":0.6709956527,"10":0.6504328847,"11":0.6093073487,"12":0.6060606241,"13":0.4123376608,"14":0.4469696879,"15":0.5389610529,"16":0.5952380896,"17":0.6753246784,"18":0.7337662578,"19":0.7380952239,"20":0.7575757504,"21":0.7640692592,"22":0.7629870176,"23":0.6634199023},"val_auc":{"0":0.4947444201,"1":0.5447103977,"2":0.5889291763,"3":0.6490786076,"4":0.7067674398,"5":0.7076528072,"6":0.7308838964,"7":0.7260724902,"8":0.7132769823,"9":0.7607002854,"10":0.7424285412,"11":0.7711074352,"12":0.7736313343,"13":0.7562701702,"14":0.7745576501,"15":0.7467452288,"16":0.7764732838,"17":0.7624079585,"18":0.7685489655,"19":0.7753043771,"20":0.7633910179,"21":0.7730104923,"22":0.7481726408,"23":0.7643204927}}