{"loss":{"0":59.6774520874,"1":44.6596069336,"2":33.1807746887,"3":24.3896923065,"4":17.7085380554,"5":12.6715841293,"6":8.9306144714,"7":6.1836051941,"8":4.2252116203,"9":2.8358345032,"10":1.905670166,"11":1.2704950571,"12":0.8800068498,"13":0.6315971613,"14":0.4801742435,"15":0.3991620839,"16":0.3437969387,"17":0.317866683,"18":0.2998879552,"19":0.2896184027},"acc":{"0":0.5864030123,"1":0.7128927708,"2":0.7513542771,"3":0.7684181929,"4":0.7722101808,"5":0.794691205,"6":0.808775723,"7":0.8223185539,"8":0.838840723,"9":0.8475081325,"10":0.8553629518,"11":0.8710725904,"12":0.8689057231,"13":0.8805525303,"14":0.8848862648,"15":0.891386807,"16":0.9000541568,"17":0.9038461447,"18":0.902762711,"19":0.9062838554},"auc":{"0":0.594517529,"1":0.6503691673,"2":0.6624106169,"3":0.7111362219,"4":0.748238802,"5":0.7925658822,"6":0.820482254,"7":0.8530442715,"8":0.862062335,"9":0.8922190666,"10":0.8927609921,"11":0.9141178131,"12":0.9189724326,"13":0.9267534018,"14":0.9364775419,"15":0.9385326505,"16":0.9488182664,"17":0.9499373436,"18":0.9545731544,"19":0.9556712508},"val_loss":{"0":51.6082191467,"1":38.5949554443,"2":28.6114768982,"3":21.1044464111,"4":15.6425294876,"5":11.5485754013,"6":8.5734214783,"7":6.6271576881,"8":5.3669061661,"9":4.5945835114,"10":4.5437045097,"11":4.4819774628,"12":4.3661241531,"13":3.3373212814,"14":3.7939968109,"15":2.3576524258,"16":2.2342681885,"17":3.2861442566,"18":2.6724956036,"19":2.3947730064},"val_acc":{"0":0.4285714328,"1":0.2759740353,"2":0.3560605943,"3":0.2456709892,"4":0.23160173,"5":0.2489177436,"6":0.2305194736,"7":0.229437232,"8":0.2283549756,"9":0.227272734,"10":0.227272734,"11":0.227272734,"12":0.227272734,"13":0.227272734,"14":0.227272734,"15":0.247835502,"16":0.229437232,"17":0.227272734,"18":0.2283549756,"19":0.2283549756},"val_auc":{"0":0.4640956223,"1":0.4643090963,"2":0.5148226023,"3":0.5220288634,"4":0.5965453386,"5":0.611521244,"6":0.6802720428,"7":0.666459918,"8":0.7001033425,"9":0.6813524961,"10":0.7075330615,"11":0.6843737364,"12":0.6473822594,"13":0.7127817869,"14":0.6890455484,"15":0.7309390306,"16":0.7285414338,"17":0.6816226244,"18":0.7171035409,"19":0.7105475664}}