{"loss":{"0":57.9996566772,"1":43.3108520508,"2":32.0985336304,"3":23.5464820862,"4":17.0685062408,"5":12.1905736923,"6":8.5742750168,"7":5.9392995834,"8":4.0425896645,"9":2.7285101414,"10":1.8308061361,"11":1.2377624512,"12":0.8442931175,"13":0.6141273379,"14":0.4670309722,"15":0.388777256,"16":0.3478746116,"17":0.3064285517,"18":0.2966519594,"19":0.2753825486,"20":0.2620334923,"21":0.2448352575},"acc":{"0":0.7459371686,"1":0.7602925301,"2":0.7657096386,"3":0.7648970485,"4":0.76977247,"5":0.7865655422,"6":0.7984831929,"7":0.8079631925,"8":0.8296316266,"9":0.8347778916,"10":0.8374864459,"11":0.8475081325,"12":0.8689057231,"13":0.867551446,"14":0.8856987953,"15":0.8908450603,"16":0.8865113854,"17":0.9000541568,"18":0.9003250003,"19":0.9081798196,"20":0.9190140963,"21":0.916847229},"auc":{"0":0.6144468784,"1":0.6532915831,"2":0.6898518801,"3":0.7218726277,"4":0.7438397408,"5":0.7840838432,"6":0.8148716688,"7":0.8339919448,"8":0.8622049093,"9":0.872297883,"10":0.8854003549,"11":0.8962646723,"12":0.9164978266,"13":0.9232097864,"14":0.9346675873,"15":0.9365156889,"16":0.9403985739,"17":0.9531188011,"18":0.9512164593,"19":0.9579774141,"20":0.961817801,"21":0.9692913294},"val_loss":{"0":50.14427948,"1":37.3880691528,"2":27.6950263977,"3":20.2131004333,"4":14.5821800232,"5":10.3498897552,"6":7.3807067871,"7":5.2246665955,"8":3.5679440498,"9":2.4920148849,"10":1.7907985449,"11":1.5322896242,"12":1.2577570677,"13":1.0432178974,"14":0.8267769217,"15":0.8355763555,"16":0.962059319,"17":0.7202637792,"18":0.6545031071,"19":1.0170665979,"20":0.746955514,"21":0.8798600435},"val_acc":{"0":0.3885281384,"1":0.3744588792,"2":0.2781385183,"3":0.4274891913,"4":0.5898268223,"5":0.6948052049,"6":0.6038960814,"7":0.5032467246,"8":0.6298701167,"9":0.6731601954,"10":0.686147213,"11":0.5227272511,"12":0.5346320271,"13":0.5995671153,"14":0.6850649118,"15":0.6590909362,"16":0.5595238209,"17":0.6904761791,"18":0.7121211886,"19":0.5606060624,"20":0.6796537042,"21":0.6363636255},"val_auc":{"0":0.5101064444,"1":0.5531557202,"2":0.6074392796,"3":0.6925795078,"4":0.6919198036,"5":0.731654644,"6":0.7560648918,"7":0.7531211376,"8":0.7600986958,"9":0.7688825727,"10":0.7588452101,"11":0.7361251712,"12":0.7676478624,"13":0.7654157877,"14":0.7696930766,"15":0.768260479,"16":0.766633153,"17":0.7711224556,"18":0.7656027079,"19":0.7645440102,"20":0.7658163309,"21":0.7650936842}}