{"loss":{"0":59.3941726685,"1":44.4008636475,"2":32.9782066345,"3":24.2358436584,"4":17.5960731506,"5":12.5967607498,"6":8.8747787476,"7":6.1476540565,"8":4.1916327477,"9":2.8229467869,"10":1.8668340445,"11":1.2359266281,"12":0.840911448},"acc":{"0":0.4672264457,"1":0.6354279518,"2":0.6971830726,"3":0.744312048,"4":0.7583965063,"5":0.7762730122,"6":0.7952329516,"7":0.8122968674,"8":0.8288190961,"9":0.8377572894,"10":0.8605092168,"11":0.8764896989,"12":0.8840736747},"auc":{"0":0.6043527126,"1":0.6578173637,"2":0.6671612263,"3":0.702174902,"4":0.7379056215,"5":0.7671857476,"6":0.8051121235,"7":0.8381602764,"8":0.8667144775,"9":0.8780441284,"10":0.9077068567,"11":0.9251830578,"12":0.9287073612},"val_loss":{"0":51.3510856628,"1":38.3560256958,"2":28.452457428,"3":20.9290084839,"4":15.2708072662,"5":11.1252241135,"6":8.1789188385,"7":5.9151740074,"8":5.084133625,"9":4.4483966827,"10":4.7722129822,"11":5.0455675125,"12":4.7565069199},"val_acc":{"0":0.2857142985,"1":0.2878787816,"2":0.2813852727,"3":0.3030303121,"4":0.2987012863,"5":0.2759740353,"6":0.2738095224,"7":0.2629870176,"8":0.2467532456,"9":0.2326839864,"10":0.23160173,"11":0.23160173,"12":0.23160173},"val_auc":{"0":0.5914933681,"1":0.5653942227,"2":0.6094280481,"3":0.655110538,"4":0.6962518096,"5":0.7138508558,"6":0.7140187025,"7":0.7310484648,"8":0.7383210659,"9":0.7471336722,"10":0.7249045372,"11":0.5820126534,"12":0.6472028494}}