{"loss":{"0":32.0117759705,"1":30.1004238129,"2":28.2958221436,"3":26.5938606262,"4":24.9785785675,"5":23.4624862671,"6":22.0095348358,"7":20.631193161,"8":19.3236751556,"9":18.0894412994,"10":16.9067840576,"11":15.7850570679,"12":14.7260131836,"13":13.7124023438,"14":12.7583274841,"15":11.8571062088,"16":11.0000867844,"17":10.1905488968,"18":9.4231004715,"19":8.7064704895,"20":8.0243215561,"21":7.3873615265,"22":6.7906394005,"23":6.2325000763,"24":5.7057595253,"25":5.222533226,"26":4.760904789,"27":4.3361573219,"28":3.9518742561,"29":3.5897564888,"30":3.2587912083,"31":2.9527015686,"32":2.6751348972,"33":2.4124798775,"34":2.1839082241,"35":1.9753713608,"36":1.7807039022,"37":1.6156233549,"38":1.460411787,"39":1.3242874146,"40":1.2050428391,"41":1.1008200645,"42":1.0079369545,"43":0.929090023,"44":0.8671745658,"45":0.8055455685,"46":0.75920403,"47":0.7188604474,"48":0.6851996183,"49":0.6574524045,"50":0.6368272305,"51":0.6235051155,"52":0.6033304334,"53":0.6024632454,"54":0.590246439,"55":0.5830281973,"56":0.5825693011,"57":0.5779978633,"58":0.5755872726,"59":0.5747503638,"60":0.5748316646,"61":0.5719103217,"62":0.5690862536,"63":0.5701032281,"64":0.5710651875,"65":0.567630887,"66":0.5659259558,"67":0.5657632947,"68":0.5657193065,"69":0.563595891,"70":0.5634274483,"71":0.5608134866,"72":0.5612426996,"73":0.5605673194,"74":0.5596020818,"75":0.5575165749,"76":0.5555973649,"77":0.5544098616,"78":0.5541117787,"79":0.5515401363,"80":0.5518155694,"81":0.5525138974,"82":0.5500303507,"83":0.5497787595,"84":0.5514563918,"85":0.5470008254,"86":0.5513555408,"87":0.547786653,"88":0.5469756126,"89":0.5461478233,"90":0.5460966825,"91":0.543187499,"92":0.543846786,"93":0.5446010828,"94":0.5429028273,"95":0.5451930165,"96":0.5430740118,"97":0.5400870442},"acc":{"0":0.6932784319,"1":0.7051399946,"2":0.7101229429,"3":0.7166765928,"4":0.7218220234,"5":0.7217678428,"6":0.7250717878,"7":0.728213191,"8":0.7355251312,"9":0.7318962216,"10":0.7356876135,"11":0.7368791699,"12":0.7382873893,"13":0.7398039103,"14":0.7470616698,"15":0.7419162393,"16":0.7440285683,"17":0.7435411215,"18":0.7440285683,"19":0.7466825247,"20":0.7449493408,"21":0.7458159328,"22":0.7494448423,"23":0.7481991053,"24":0.7497156262,"25":0.7476032972,"26":0.7504739165,"27":0.7551860213,"28":0.7523695827,"29":0.7523695827,"30":0.7506905794,"31":0.7519363165,"32":0.7539944649,"33":0.7561609745,"34":0.7559443116,"35":0.7581650019,"36":0.7596815228,"37":0.7572442293,"38":0.7596273422,"39":0.7614688873,"40":0.7598981857,"41":0.7601689696,"42":0.7623354793,"43":0.7627146244,"44":0.7612522244,"45":0.7633645535,"46":0.7622812986,"47":0.764285326,"48":0.764285326,"49":0.7644478083,"50":0.7644478083,"51":0.7633645535,"52":0.7678058743,"53":0.7654227614,"54":0.7654768825,"55":0.7653685808,"56":0.7654768825,"57":0.7643395066,"58":0.7671559453,"59":0.7667226195,"60":0.7666684985,"61":0.7659643888,"62":0.7660726905,"63":0.766993463,"64":0.7671559453,"65":0.7666143179,"66":0.768509984,"67":0.7686724663,"68":0.7695390582,"69":0.7679142356,"70":0.7688891292,"71":0.7711639404,"72":0.7702973485,"73":0.7714347839,"74":0.7687266469,"75":0.7701348662,"76":0.7711639404,"77":0.7722471952,"78":0.7697015405,"79":0.7712723017,"80":0.7712723017,"81":0.7700265646,"82":0.7701890469,"83":0.772084713,"84":0.769972384,"85":0.7708931565,"86":0.7709472775,"87":0.7715972662,"88":0.7712181211,"89":0.7689974308,"90":0.7702431679,"91":0.7708389759,"92":0.7714347839,"93":0.769972384,"94":0.7724638581,"95":0.7702431679,"96":0.7704598308,"97":0.7739262581},"auc":{"0":0.5722981691,"1":0.5756883621,"2":0.5827866793,"3":0.5853033066,"4":0.5909802914,"5":0.5837593675,"6":0.5866764188,"7":0.5971309543,"8":0.5956948996,"9":0.5918967724,"10":0.5968524218,"11":0.6034449339,"12":0.5986679792,"13":0.604313612,"14":0.6077747345,"15":0.6028450727,"16":0.603965342,"17":0.6046167612,"18":0.6097003818,"19":0.6042664051,"20":0.6120067239,"21":0.6059355736,"22":0.6079057455,"23":0.6062600613,"24":0.6089311838,"25":0.6022632122,"26":0.6146398783,"27":0.6168117523,"28":0.6133975983,"29":0.6133756042,"30":0.6127260327,"31":0.6148079634,"32":0.6113128662,"33":0.6232571602,"34":0.6181564331,"35":0.6199448705,"36":0.6264139414,"37":0.6201496124,"38":0.6235730648,"39":0.6291204691,"40":0.6299649477,"41":0.6282624006,"42":0.6324343681,"43":0.6322472095,"44":0.6254336834,"45":0.634599328,"46":0.6310945749,"47":0.6311841011,"48":0.6330784559,"49":0.6364585757,"50":0.6396763325,"51":0.6326780319,"52":0.6475636959,"53":0.6317157745,"54":0.6430894732,"55":0.64634341,"56":0.6394206285,"57":0.643132329,"58":0.6425577402,"59":0.6395289898,"60":0.6382103562,"61":0.6444898844,"62":0.6479065418,"63":0.6438579559,"64":0.6414448619,"65":0.645586729,"66":0.646746397,"67":0.6480628848,"68":0.6465284824,"69":0.6482131481,"70":0.6466643214,"71":0.6494828463,"72":0.6466200352,"73":0.6484093666,"74":0.6484197378,"75":0.6501258612,"76":0.6525794268,"77":0.6541167498,"78":0.6540721655,"79":0.6565110683,"80":0.654881835,"81":0.6537539959,"82":0.6558625698,"83":0.6571320295,"84":0.6517249346,"85":0.6596039534,"86":0.6501475573,"87":0.6569257975,"88":0.6571511626,"89":0.6596316099,"90":0.658005476,"91":0.6642858982,"92":0.6588920355,"93":0.6597189903,"94":0.6601749659,"95":0.657861352,"96":0.6613827348,"97":0.6627917886},"val_loss":{"0":30.920507431,"1":29.0710639954,"2":27.3264942169,"3":25.6743106842,"4":24.1096019745,"5":22.6255760193,"6":21.2158489227,"7":19.8794250488,"8":18.6070175171,"9":17.399980545,"10":16.2538394928,"11":15.1657314301,"12":14.1331014633,"13":13.1529283524,"14":12.2249259949,"15":11.3464889526,"16":10.5154180527,"17":9.7303705215,"18":8.9897632599,"19":8.2917938232,"20":7.6351861954,"21":7.0187630653,"22":6.441113472,"23":5.9000320435,"24":5.395401001,"25":4.9255113602,"26":4.4882779121,"27":4.0828294754,"28":3.708728075,"29":3.3635730743,"30":3.0459313393,"31":2.7538321018,"32":2.4876089096,"33":2.2446842194,"34":2.0241394043,"35":1.825612545,"36":1.6469962597,"37":1.4869718552,"38":1.3447223902,"39":1.2190289497,"40":1.109051466,"41":1.0133315325,"42":0.9297762513,"43":0.8572925925,"44":0.798040092,"45":0.7439539433,"46":0.7037476897,"47":0.6685575247,"48":0.6404731274,"49":0.6136725545,"50":0.5955234766,"51":0.5791642666,"52":0.5703532696,"53":0.5621610284,"54":0.5549839735,"55":0.5501331091,"56":0.5475729108,"57":0.548727572,"58":0.5439952016,"59":0.5471854806,"60":0.5440474749,"61":0.542666316,"62":0.5411088467,"63":0.5404797196,"64":0.5404624343,"65":0.541731596,"66":0.5402521491,"67":0.5386176705,"68":0.5379775763,"69":0.5372490287,"70":0.5360127091,"71":0.5360651016,"72":0.5342032313,"73":0.5335254669,"74":0.5330133438,"75":0.5332756639,"76":0.5324707031,"77":0.532728374,"78":0.531057179,"79":0.5362975597,"80":0.5295124054,"81":0.5304800868,"82":0.5292190909,"83":0.5306136012,"84":0.5275095105,"85":0.5280900002,"86":0.5283090472,"87":0.5273640752,"88":0.5275205374,"89":0.5306349993,"90":0.5259059072,"91":0.5295116901,"92":0.5277244449,"93":0.5251526237,"94":0.5241624117,"95":0.5243195891,"96":0.524101615,"97":0.5243269801},"val_acc":{"0":0.7636481524,"1":0.7636481524,"2":0.7636481524,"3":0.7636481524,"4":0.7749133706,"5":0.7757799029,"6":0.776429832,"7":0.779679358,"8":0.7777296305,"9":0.7788128257,"10":0.7790294886,"11":0.7790294886,"12":0.7790294886,"13":0.7792460918,"14":0.7788128257,"15":0.7794627547,"16":0.7798960209,"17":0.7794627547,"18":0.7798960209,"19":0.7801126242,"20":0.779679358,"21":0.7801126242,"22":0.7801126242,"23":0.7798960209,"24":0.7805459499,"25":0.7783795595,"26":0.7790294886,"27":0.7805459499,"28":0.7790294886,"29":0.7779462934,"30":0.7779462934,"31":0.7790294886,"32":0.779679358,"33":0.7792460918,"34":0.779679358,"35":0.7790294886,"36":0.779679358,"37":0.7803292871,"38":0.7805459499,"39":0.7827122808,"40":0.7816291451,"41":0.7833622098,"42":0.7829289436,"43":0.7835788727,"44":0.7842287421,"45":0.7842287421,"46":0.7833622098,"47":0.7842287421,"48":0.7842287421,"49":0.783795476,"50":0.7833622098,"51":0.7850953341,"52":0.7848786712,