{"loss":{"0":33.0681228638,"1":31.091463089,"2":29.212146759,"3":27.4487800598,"4":25.7684955597,"5":24.1954841614,"6":22.7020339966,"7":21.2864513397,"8":19.9461593628,"9":18.6673202515,"10":17.4704647064,"11":16.3070831299,"12":15.2241439819,"13":14.1927270889,"14":13.2098722458,"15":12.2945156097,"16":11.4061355591,"17":10.5813980103,"18":9.8031997681,"19":9.056189537,"20":8.3607397079,"21":7.7113866806,"22":7.0841302872,"23":6.5190119743,"24":5.9736232758,"25":5.4638819695,"26":4.9923453331,"27":4.5607843399,"28":4.1577076912,"29":3.773886919,"30":3.4291481972,"31":3.1105475426,"32":2.818472147,"33":2.5508122444,"34":2.3068628311,"35":2.0842139721,"36":1.8839473724,"37":1.701718092,"38":1.5412688255,"39":1.3992851973,"40":1.2726672888,"41":1.1584186554,"42":1.0657829046,"43":0.9781563878,"44":0.9087852836,"45":0.8483355641,"46":0.793748796,"47":0.7417623401,"48":0.7116545439,"49":0.6888294816,"50":0.6612361073,"51":0.6398794055,"52":0.6298211217,"53":0.6157462001,"54":0.6066013575,"55":0.6075517535,"56":0.5967616439,"57":0.599634707,"58":0.5902093649,"59":0.5857853293,"60":0.5858401656},"acc":{"0":0.4447273016,"1":0.4708877206,"2":0.509613812,"3":0.5267291069,"4":0.564588666,"5":0.5917239785,"6":0.6114932299,"7":0.6275253296,"8":0.6472945809,"9":0.657856226,"10":0.6627850533,"11":0.6771380305,"12":0.6874830723,"13":0.6912202835,"14":0.7057358027,"15":0.704435885,"16":0.7112061977,"17":0.7125061154,"18":0.7117478251,"19":0.7210096121,"20":0.7232302427,"21":0.7242593169,"22":0.7326545119,"23":0.7257758975,"24":0.7329252958,"25":0.7319504023,"26":0.7372583151,"27":0.73541677,"28":0.7368791699,"29":0.7398580909,"30":0.7421870828,"31":0.7384498715,"32":0.7424578667,"33":0.7424578667,"34":0.739587307,"35":0.7464659214,"36":0.7443535924,"37":0.7464659214,"38":0.7451660037,"39":0.7461409569,"40":0.7461409569,"41":0.7487949133,"42":0.7496615052,"43":0.7497698069,"44":0.7463575602,"45":0.7503656149,"46":0.7515571713,"47":0.7543194294,"48":0.7543194294,"49":0.7518279552,"50":0.7572442293,"51":0.7564317584,"52":0.7557276487,"53":0.7536695004,"54":0.75946486,"55":0.7539944649,"56":0.7603314519,"57":0.7562151551,"58":0.7589774132,"59":0.7605481148,"60":0.7603856325},"auc":{"0":0.5646318793,"1":0.5676091909,"2":0.5788789988,"3":0.5735991001,"4":0.5817176104,"5":0.579454422,"6":0.5774683952,"7":0.5805119872,"8":0.5744757652,"9":0.580627799,"10":0.5747681856,"11":0.5883076191,"12":0.5898703933,"13":0.5904787779,"14":0.5930477381,"15":0.584715724,"16":0.5973389149,"17":0.5932028294,"18":0.5887635946,"19":0.6016259193,"20":0.5982160568,"21":0.5935329795,"22":0.6117378473,"23":0.6025718451,"24":0.6078245044,"25":0.6155997515,"26":0.6155626774,"27":0.6112120748,"28":0.6091934443,"29":0.6198021173,"30":0.614028573,"31":0.6149018407,"32":0.6159834862,"33":0.6128224134,"34":0.617010951,"35":0.6195656061,"36":0.6202590466,"37":0.6213945746,"38":0.6217355132,"39":0.6204971671,"40":0.6202129722,"41":0.6257783175,"42":0.6174139977,"43":0.6252032518,"44":0.6252865791,"45":0.6226654053,"46":0.6266003847,"47":0.6388993859,"48":0.6332361698,"49":0.6237838268,"50":0.6280916929,"51":0.6344553828,"52":0.6315298676,"53":0.6357967854,"54":0.6376694441,"55":0.6261416674,"56":0.6369285583,"57":0.6285912991,"58":0.6363016367,"59":0.6409008503,"60":0.6377307773},"val_loss":{"0":31.8715705872,"1":30.0809116364,"2":28.3577632904,"3":26.6908912659,"4":25.0561904907,"5":23.4665317535,"6":21.9546279907,"7":20.5744552612,"8":19.24700737,"9":18.0159492493,"10":16.8107681274,"11":15.6873340607,"12":14.6348905563,"13":13.6234560013,"14":12.6757936478,"15":11.7796182632,"16":10.9117078781,"17":10.1115016937,"18":9.3468999863,"19":8.6307220459,"20":7.9553542137,"21":7.3186531067,"22":6.7233905792,"23":6.1641154289,"24":5.6436843872,"25":5.1521420479,"26":4.712433815,"27":4.286611557,"28":3.8991098404,"29":3.5328228474,"30":3.2004232407,"31":2.898360014,"32":2.6176729202,"33":2.3610737324,"34":2.1358025074,"35":1.9230241776,"36":1.736887455,"37":1.5674568415,"38":1.4116351604,"39":1.2830462456,"40":1.1726750135,"41":1.0661786795,"42":0.9775235057,"43":0.8981186748,"44":0.8314387202,"45":0.7745454907,"46":0.7358254194,"47":0.6961429715,"48":0.6691698432,"49":0.6411069632,"50":0.6318549514,"51":0.6108283997,"52":0.6137319803,"53":0.5876016021,"54":0.5786218047,"55":0.5731844902,"56":0.5694385171,"57":0.5661165714,"58":0.5696342587,"59":0.5664345622,"60":0.5688990951},"val_acc":{"0":0.2571490407,"1":0.2480502576,"2":0.2406845689,"3":0.241551131,"4":0.2532495558,"5":0.3730502725,"6":0.5647746921,"7":0.6176342964,"8":0.6687608361,"9":0.6694107652,"10":0.7320190668,"11":0.7474003434,"12":0.7471836805,"13":0.7536828518,"14":0.7528163195,"15":0.7476170063,"16":0.7597486973,"17":0.7616984248,"18":0.7614818215,"19":0.7629982829,"20":0.7666811347,"21":0.7629982829,"22":0.766897738,"23":0.7681975961,"24":0.7679809332,"25":0.7694973946,"26":0.7671144009,"27":0.7681975961,"28":0.7677642703,"29":0.7703639269,"30":0.7714471221,"31":0.7703639269,"32":0.7707972527,"33":0.771663785,"34":0.7705805898,"35":0.7725303173,"36":0.7710138559,"37":0.7725303173,"38":0.7736135125,"39":0.7729635835,"40":0.7727469802,"41":0.7725303173,"42":0.772313714,"43":0.771663785,"44":0.7727469802,"45":0.7729635835,"46":0.7727469802,"47":0.7718803883,"48":0.7720970511,"49":0.7731802464,"50":0.7707972527,"51":0.7710138559,"52":0.7692807913,"53":0.772313714,"54":0.7727469802,"55":0.7742634416,"56":0.7742634416,"57":0.7729635835,"58":0.7727469802,"59":0.7740467787,"60":0.7731802464},"val_auc":{"0":0.6571019888,"1":0.6613551378,"2":0.6549996734,"3":0.6571807861,"4":0.6594785452,"5":0.6590528488,"6":0.6551615,"7":0.660617888,"8":0.660908699,"9":0.6618072987,"10":0.6619936228,"11":0.6620699167,"12":0.6628478765,"13":0.6630852818,"14":0.6636697054,"15":0.6632781029,"16":0.6642463803,"17":0.6653199196,"18":0.6651601195,"19":0.6650829315,"20":0.6650522351,"21":0.6654890776,"22":0.6655831337,"23":0.6661058664,"24":0.666625917,"25":0.6664320827,"26":0.6656206846,"27":0.664904952,"28":0.6658691764,"29":0.6664398909,"30":0.6666948795,"31":0.6666935682,"32":0.667047441,"33":0.6670871973,"34":0.6664361954,"35":0.6671466827,"36":0.6682423353,"37":0.6674221754,"38":0.6693093777,"39":0.667979002,"40":0.6697422266,"41":0.6701632142,"42":0.6695708036,"43":0.6705452204,"44":0.6698541045,"45":0.6719532609,"46":0.6714459658,"47":0.6711191535,"48":0.6689910889,"49":0.6688281298,"50":0.6712287068,"51":0.6720080376,"52":0.6699678302,"53":0.6702311039,"54":0.6717760563,"55":0.6636955738,"56":0.6705321074,"57":0.6691590548,"58":0.6687079668,"59":0.6713783741,"60":0.670227766}}