{"loss":{"0":31.7320728302,"1":29.8372554779,"2":28.0529842377,"3":26.3848724365,"4":24.7975559235,"5":23.2874450684,"6":21.8598403931,"7":20.5104503632,"8":19.2257328033,"9":18.0007629395,"10":16.843132019,"11":15.7327833176,"12":14.6882581711,"13":13.69231987,"14":12.7547044754,"15":11.8597946167,"16":11.0013656616,"17":10.2069320679,"18":9.4486055374,"19":8.729678154,"20":8.0723114014,"21":7.4287877083,"22":6.8417105675,"23":6.2873549461,"24":5.7572751045,"25":5.2728252411,"26":4.8186631203,"27":4.3933024406,"28":4.0069999695,"29":3.6373486519,"30":3.3097183704,"31":3.0024411678,"32":2.7179749012,"33":2.4675168991,"34":2.2283914089,"35":2.0180945396,"36":1.8266946077,"37":1.6551414728,"38":1.5061463118,"39":1.3637933731,"40":1.245960474,"41":1.1354966164,"42":1.049357295,"43":0.968102932,"44":0.8992295265,"45":0.8416517377,"46":0.788638413,"47":0.7495068312,"48":0.7166568041,"49":0.6809953451,"50":0.668905139,"51":0.639697969,"52":0.6326318979,"53":0.6275125742,"54":0.6117219925,"55":0.6071544886,"56":0.6034252644,"57":0.6024411321,"58":0.5980191231,"59":0.5915967226,"60":0.5937901735,"61":0.5848014951,"62":0.5889701843,"63":0.5857026577,"64":0.5895361304,"65":0.5862954259,"66":0.5774439573,"67":0.5807045102,"68":0.5825423598,"69":0.5799926519,"70":0.5791090727,"71":0.5741881132,"72":0.5754806995},"acc":{"0":0.6652223468,"1":0.6744840741,"2":0.686724782,"3":0.6860748529,"4":0.6927909851,"5":0.7017278075,"6":0.7087147236,"7":0.7096354961,"8":0.7144559622,"9":0.7140226364,"10":0.7120727897,"11":0.7187889218,"12":0.7178140283,"13":0.7217678428,"14":0.7178140283,"15":0.7187889218,"16":0.726967454,"17":0.7229052782,"18":0.7235010266,"19":0.7264258265,"20":0.721876204,"21":0.7274007201,"22":0.7272382379,"23":0.7275090814,"24":0.7285923362,"25":0.7271841168,"26":0.7243134975,"27":0.7320587039,"28":0.7345501781,"29":0.73395437,"30":0.7347668409,"31":0.7371499538,"32":0.7365542054,"33":0.7337918878,"34":0.7382332087,"35":0.7375832796,"36":0.7372041345,"37":0.7367708683,"38":0.7365542054,"39":0.741103828,"40":0.7407788634,"41":0.7450035214,"42":0.7393164635,"43":0.7416454554,"44":0.7440285683,"45":0.7412121296,"46":0.7483074069,"47":0.7463034391,"48":0.7458159328,"49":0.7477657795,"50":0.747386694,"51":0.7493906617,"52":0.7478199601,"53":0.7502031326,"54":0.7530195713,"55":0.7531820536,"56":0.7509072423,"57":0.7529112101,"58":0.7509613633,"59":0.7565401196,"60":0.7509613633,"61":0.7570817471,"62":0.7525320649,"63":0.7576233745,"64":0.7536153197,"65":0.7540486455,"66":0.7600064874,"67":0.7604398131,"68":0.7571358681,"69":0.7578941584,"70":0.7559443116,"71":0.7613605857,"72":0.7589232326},"auc":{"0":0.5589153767,"1":0.5708597302,"2":0.5832591057,"3":0.581564188,"4":0.5811035633,"5":0.5935944915,"6":0.5964320302,"7":0.5935816765,"8":0.5959711075,"9":0.5967102051,"10":0.5948617458,"11":0.6012549996,"12":0.5983382463,"13":0.6001776457,"14":0.5973938704,"15":0.5971687436,"16":0.6126449108,"17":0.6034572124,"18":0.6066408157,"19":0.6102181673,"20":0.5969487429,"21":0.6057682037,"22":0.6007378697,"23":0.6006548405,"24":0.6042189002,"25":0.6028875709,"26":0.6001521349,"27":0.6129535437,"28":0.6026826501,"29":0.6129439473,"30":0.606482625,"31":0.6090299487,"32":0.6124541759,"33":0.6072507501,"34":0.6120173931,"35":0.6122623682,"36":0.6135876775,"37":0.6158483624,"38":0.6093654633,"39":0.6193279624,"40":0.6170783043,"41":0.6193096042,"42":0.61543715,"43":0.6175006628,"44":0.6175158024,"45":0.6176333427,"46":0.62124753,"47":0.6221209764,"48":0.6175569296,"49":0.6266514063,"50":0.6205176115,"51":0.6305360794,"52":0.6229713559,"53":0.6162919998,"54":0.6287454963,"55":0.6290824413,"56":0.6304358244,"57":0.6274529099,"58":0.6305229664,"59":0.6363116503,"60":0.632003665,"61":0.6424880028,"62":0.635856092,"63":0.6386186481,"64":0.6321431398,"65":0.6351951361,"66":0.6452029943,"67":0.6420615911,"68":0.6351296902,"69":0.6390852332,"70":0.6394329667,"71":0.6434531212,"72":0.6430478096},"val_loss":{"0":30.6079368591,"1":28.8023281097,"2":27.0947132111,"3":25.4958171844,"4":23.9494781494,"5":22.4833755493,"6":21.0886707306,"7":19.7646484375,"8":18.5104351044,"9":17.3162078857,"10":16.1908302307,"11":15.1132173538,"12":14.0918674469,"13":13.1263847351,"14":12.2126655579,"15":11.3414869308,"16":10.5234241486,"17":9.7441368103,"18":9.0082864761,"19":8.3146734238,"20":7.663192749,"21":7.0512714386,"22":6.4764847755,"23":5.937526226,"24":5.4346022606,"25":4.9645009041,"26":4.5288009644,"27":4.1249680519,"28":3.7496631145,"29":3.4047367573,"30":3.0879559517,"31":2.7960546017,"32":2.5305728912,"33":2.2879226208,"34":2.0656647682,"35":1.8675638437,"36":1.688890934,"37":1.5276844501,"38":1.3827264309,"39":1.2550860643,"40":1.1434725523,"41":1.0471484661,"42":0.9639142752,"43":0.8847937584,"44":0.8231470585,"45":0.7674367428,"46":0.7270156741,"47":0.6919509172,"48":0.6604556441,"49":0.6403081417,"50":0.6339838505,"51":0.6070938706,"52":0.5999221206,"53":0.5858100057,"54":0.5818454623,"55":0.5766697526,"56":0.5756894946,"57":0.5718668699,"58":0.5700851083,"59":0.5698994994,"60":0.566441834,"61":0.568071425,"62":0.5650418401,"63":0.5677980185,"64":0.5712816119,"65":0.5639605522,"66":0.5617523193,"67":0.5691747069,"68":0.562480092,"69":0.5611044765,"70":0.5632554293,"71":0.5613598824,"72":0.5626801252},"val_acc":{"0":0.7190207839,"1":0.7168543935,"2":0.7120884061,"3":0.6908578873,"4":0.7081888914,"5":0.716204524,"6":0.7270364165,"7":0.7402513027,"8":0.7491334677,"9":0.7525996566,"10":0.7523829937,"11":0.754766047,"12":0.7584488988,"13":0.7584488988,"14":0.7571490407,"15":0.7590987682,"16":0.7567157745,"17":0.7586655021,"18":0.7623483539,"19":0.7619150877,"20":0.7623483539,"21":0.7632148862,"22":0.7638648152,"23":0.7640814781,"24":0.7647313476,"25":0.7658145428,"26":0.7651646733,"27":0.7649480104,"28":0.7658145428,"29":0.7658145428,"30":0.7653812766,"31":0.7653812766,"32":0.7651646733,"33":0.7647313476,"34":0.7653812766,"35":0.7651646733,"36":0.7638648152,"37":0.7658145428,"38":0.7662478089,"39":0.7671144009,"40":0.7666811347,"41":0.766897738,"42":0.7653812766,"43":0.766897738,"44":0.767547667,"45":0.7684141994,"46":0.767547667,"47":0.7681975961,"48":0.7666811347,"49":0.7658145428,"50":0.7660312057,"51":0.7681975961,"52":0.7664644718,"53":0.7677642703,"54":0.766897738,"55":0.7664644718,"56":0.767547667,"57":0.767547667,"58":0.7679809332,"59":0.7679809332,"60":0.7677642703,"61":0.766897738,"62":0.7679809332,"63":0.7679809332,"64":0.766897738,"65":0.7666811347,"66":0.7679809332,"67":0.7673310041,"68":0.7673310041,"69":0.7662478089,"70":0.7664644718,"71":0.7666811347,"72":0.7681975961},"val_auc":{"0":0.6456514597,"1":0.6460448503,"2":0.6462823153,"3":0.6464476585,"4":0.6467288136,"5":0.6469318867,"6":0.6476334333,"7":0.6481019258,"8":0.648203969,"9":0.6484982967,"10":0.6487782598,"11":0.6492061615,"12":0.6493096352,"13":0.6492491961,"14":0.6488827467,"15":0.6491107941,"16":0.6494059563,"17":0.6491883993,"18":0.649112463,"19":0.6492628455,"20":0.6489231586,"21":0.6491537094,"22":0.6488136053,"23":0.6489782333,"24":0.6491820216,"25":0.6489239335,"26":0.649181366,"27":0.6493329406,"28":0.6493679285,"29":0.6493705511,"30":0.6500930786,"31":0.6495935917,"32":0.6495068073,"33":0.6497017145,"34":0.6499531269,"35":0.6499089003,"36":0.6499621272,"37":0.6501854658,"38":0.6504635811,"39":0.6504288912,"40":0.650814712,"41":0.650949955,"42":0.6509367228,"43":0.6512495875,"44":0.6515241861,"45":0.6521024704,"46":0.6523305178,"47":0.6530368328,"48":0.6533395052,"49":0.6528392434,"50":0.6526226997,"51":0.6540566683,"52":0.6542149782,"53":0.6549440622,"54":0.6549596786,"55":0.6553932428,"56":0.6554641724,"57":0.6568112373,"58":0.6570026875,"59":0.6568018198,"60":0.654856205,"61":0.6563455462,"62":0.6572706699,"63":0.6576041579,"64":0.6595816016,"65":0.6597592831,"66":0.6602724791,"67":0.6589214802,"68":0.65993011,"69":0.6601333022,"70":0.6604884863,"71":0.6612467766,"72":0.6610543728}}