{"loss":{"0":54.2662391663,"1":53.8841323853,"2":53.4932098389,"3":53.1091918945,"4":52.7353820801,"5":52.3717041016,"6":52.013458252,"7":51.6536827087,"8":51.2711029053,"9":50.9186706543,"10":50.5833778381,"11":50.212059021,"12":49.8769073486,"13":49.4842834473,"14":49.1847229004,"15":48.8429145813,"16":48.5091323853,"17":48.1716957092,"18":47.8144683838,"19":47.4738235474,"20":47.1470718384,"21":46.8243026733,"22":46.4605903625,"23":46.1232872009,"24":45.828502655,"25":45.5073051453,"26":45.2273292542,"27":44.8804092407,"28":44.5383300781,"29":44.2454414368,"30":43.9251937866,"31":43.6157646179,"32":43.3395767212,"33":42.9803886414,"34":42.7114257812,"35":42.4105758667,"36":42.0927085876,"37":41.7746658325,"38":41.5002632141,"39":41.1938972473,"40":40.916683197,"41":40.6235847473,"42":40.3237686157,"43":40.0470046997,"44":39.7682380676,"45":39.458530426,"46":39.1850357056,"47":38.8967857361,"48":38.6308898926,"49":38.3451080322,"50":38.0578956604,"51":37.7770614624,"52":37.5323562622,"53":37.2461738586,"54":37.0135803223,"55":36.7063980103,"56":36.4717216492,"57":36.2188186646,"58":35.9132499695,"59":35.6919059753,"60":35.4062919617,"61":35.1464996338,"62":34.8821983337,"63":34.6434440613,"64":34.391330719,"65":34.1266021729,"66":33.8931694031,"67":33.655002594,"68":33.3738250732,"69":33.1357765198,"70":32.8955421448,"71":32.6596488953,"72":32.3979873657,"73":32.1712875366,"74":31.941904068},"acc":{"0":0.4268689156,"1":0.4409534037,"2":0.4718309939,"3":0.4637053013,"4":0.453954488,"5":0.4718309939,"6":0.4593716264,"7":0.4772481024,"8":0.4799566567,"9":0.4891657531,"10":0.4902491868,"11":0.4848320782,"12":0.4772481024,"13":0.5,"14":0.4918743372,"15":0.5,"16":0.5065005422,"17":0.4983748794,"18":0.514626205,"19":0.5162513256,"20":0.5037919879,"21":0.5211267471,"22":0.5222101808,"23":0.5325027108,"24":0.5379198194,"25":0.5184181929,"26":0.5157096386,"27":0.524918735,"28":0.5514626503,"29":0.5287107229,"30":0.5411701202,"31":0.5449621081,"32":0.5292524099,"33":0.5715059638,"34":0.5482123494,"35":0.5655471087,"36":0.5687974095,"37":0.5715059638,"38":0.5595883131,"39":0.5698808432,"40":0.578006506,"41":0.563921988,"42":0.5807150602,"43":0.5774647593,"44":0.5769230723,"45":0.588299036,"46":0.5790899396,"47":0.5964246988,"48":0.5937161446,"49":0.5980498195,"50":0.6229685545,"51":0.6061755419,"52":0.5958830118,"53":0.6061755419,"54":0.6018418074,"55":0.6078006625,"56":0.5942578316,"57":0.5991332531,"58":0.6213434339,"59":0.602383554,"60":0.6213434339,"61":0.627302289,"62":0.6327193975,"63":0.603466928,"64":0.6218851805,"65":0.6213434339,"66":0.6186348796,"67":0.6218851805,"68":0.6473456025,"69":0.6484290361,"70":0.6327193975,"71":0.6354279518,"72":0.6462621689,"73":0.6511375904,"74":0.6397616267},"auc":{"0":0.5124863386,"1":0.5393563509,"2":0.5705663562,"3":0.5628814697,"4":0.5739103556,"5":0.5724349022,"6":0.5559618473,"7":0.5694599152,"8":0.5881267786,"9":0.5993189216,"10":0.5761348009,"11":0.5750406981,"12":0.5667815804,"13":0.6076174974,"14":0.5648694038,"15":0.5845586061,"16":0.5980600119,"17":0.5917295218,"18":0.6045601368,"19":0.5980056524,"20":0.5760663748,"21":0.5803999305,"22":0.6108635068,"23":0.6010125875,"24":0.5799031258,"25":0.5981720686,"26":0.5813258886,"27":0.5797333717,"28":0.6229099035,"29":0.5746246576,"30":0.5940470099,"31":0.6114971042,"32":0.5667461157,"33":0.6167895198,"34":0.5716398954,"35":0.5938410759,"36":0.6154243946,"37":0.6038146019,"38":0.6060125828,"39":0.6058372259,"40":0.6009674072,"41":0.6017558575,"42":0.6032527089,"43":0.6064974666,"44":0.6101846099,"45":0.6221264005,"46":0.6053510904,"47":0.6139966249,"48":0.6164442897,"49":0.6156089902,"50":0.6105825901,"51":0.6101648808,"52":0.6066552401,"53":0.6243095398,"54":0.598164618,"55":0.628503859,"56":0.6005702615,"57":0.5943353772,"58":0.6228431463,"59":0.5947300196,"60":0.6301960349,"61":0.6186423302,"62":0.6164838076,"63":0.6117755175,"64":0.6055158377,"65":0.6158733368,"66":0.6104161739,"67":0.5971784592,"68":0.6318873167,"69":0.6309466362,"70":0.6315752268,"71":0.6189924479,"72":0.6354093552,"73":0.6334205866,"74":0.6036292315},"val_loss":{"0":53.8326950073,"1":53.3772697449,"2":52.9738349915,"3":52.5745849609,"4":52.1669425964,"5":51.7914619446,"6":51.4397392273,"7":51.1132469177,"8":50.763874054,"9":50.4287528992,"10":50.061706543,"11":49.689994812,"12":49.3493804932,"13":49.0054244995,"14":48.6560134888,"15":48.3065986633,"16":47.9880981445,"17":47.6482467651,"18":47.3316001892,"19":47.015296936,"20":46.6969528198,"21":46.3840179443,"22":46.0579986572,"23":45.7107200623,"24":45.384853363,"25":45.0761184692,"26":44.7602653503,"27":44.4543685913,"28":44.1451301575,"29":43.8309440613,"30":43.5078353882,"31":43.1902961731,"32":42.8770561218,"33":42.5729827881,"34":42.2767715454,"35":41.9769630432,"36":41.681137085,"37":41.3907585144,"38":41.0878105164,"39":40.7868118286,"40":40.5043029785,"41":40.2176246643,"42":39.9357948303,"43":39.6494979858,"44":39.3585243225,"45":39.072265625,"46":38.794670105,"47":38.5267829895,"48":38.2557487488,"49":37.9897499084,"50":37.7196617126,"51":37.4490127563,"52":37.1907806396,"53":36.9207839966,"54":36.6578369141,"55":36.3917236328,"56":36.1265678406,"57":35.8605422974,"58":35.5915489197,"59":35.326499939,"60":35.0737953186,"61":34.8255271912,"62":34.5653419495,"63":34.303150177,"64":34.0468101501,"65":33.8003425598,"66":33.552230835,"67":33.2980728149,"68":33.0560455322,"69":32.8129081726,"70":32.5734939575,"71":32.3388748169,"72":32.1012802124,"73":31.8647270203,"74":31.6284294128},"val_acc":{"0":0.2792207897,"1":0.4307359159,"2":0.5,"3":0.57359308,"4":0.6320346594,"5":0.6471861601,"6":0.6406926513,"7":0.6298701167,"8":0.6363636255,"9":0.6277056336,"10":0.6320346594,"11":0.655844152,"12":0.6471861601,"13":0.655844152,"14":0.6623376608,"15":0.6709956527,"16":0.658008635,"17":0.6666666865,"18":0.658008635,"19":0.655844152,"20":0.6493506432,"21":0.6471861601,"22":0.6493506432,"23":0.6601731777,"24":0.6688311696,"25":0.6623376608,"26":0.6623376608,"27":0.6601731777,"28":0.6601731777,"29":0.6666666865,"30":0.6753246784,"31":0.686147213,"32":0.6926407218,"33":0.7012987137,"34":0.699134171,"35":0.7099567056,"36":0.7142857313,"37":0.7012987137,"38":0.729437232,"39":0.7532467246,"40":0.7380952239,"41":0.7424242496,"42":0.7445887327,"43":0.7489177585,"44":0.7727272511,"45":0.7792207599,"46":0.7770562768,"47":0.7748917937,"48":0.770562768,"49":0.7532467246,"50":0.7489177585,"51":0.7489177585,"52":0.7316017151,"53":0.7359307408,"54":0.7316017151,"55":0.7359307408,"56":0.7380952239,"57":0.7575757504,"58":0.7683982849,"59":0.7813853025,"60":0.7835497856,"61":0.770562768,"62":0.7835497856,"63":0.7987012863,"64":0.8073592782,"65":0.8051947951,"66":0.8051947951,"67":0.8116883039,"68":0.8116883039,"69":0.8116883039,"70":0.8116883039,"71":0.8073592782,"72":0.8051947951,"73":0.8073592782,"74":0.8073592782},"val_auc":{"0":0.6053870916,"1":0.605599761,"2":0.6046274304,"3":0.6024398208,"4":0.6001914144,"5":0.5953755379,"6":0.5972594023,"7":0.5972137451,"8":0.5961199403,"9":0.5964238048,"10":0.6001762152,"11":0.5993710756,"12":0.6013611555,"13":0.5997204781,"14":0.5980645418,"15":0.5979126692,"16":0.5975632071,"17":0.5923674107,"18":0.5932791233,"19":0.590134263,"20":0.5924283266,"21":0.5935981274,"22":0.5893747211,"23":0.5905748606,"24":0.5902862549,"25":0.5873541832,"26":0.5885998607,"27":0.5887821913,"28":0.5859716535,"29":0.5873237848,"30":0.5918813944,"31":0.5879010558,"32":0.5903773308,"33":0.5885847211,"34":0.5871870518,"35":0.5828117132,"36":0.5843461156,"37":0.5857741833,"38":0.5832371116,"39":0.5814900398,"40":0.5850297213,"41":0.5815051794,"42":0.5802898407,"43":0.5801987052,"44":0.5786795616,"45":0.5772666335,"46":0.57833004,"47":0.5786036253,"48":0.5791504383,"49":0.5812772512,"50":0.580973506,"51":0.5815963745,"52":0.5819457769,"53":0.5844069123,"54":0.5853943825,"55":0.5859868526,"56":0.5851665139,"57":0.5838296413,"58":0.5858653188,"59":0.5844828486,"60":0.58208251,"61":0.5822496414,"62":0.5836928487,"63":0.5827661753,"64":0.5823711753,