,precision,recall,f1-score,occurences
argument,0.7984189723320159,0.9308755760368663,0.8595744680851064,434.0
other,0.5774647887323944,0.2867132867132867,0.38317757009345793,143.0
accuracy,0.7712305025996534,0.7712305025996534,0.7712305025996534,0.7712305025996534
macro avg,0.6879418805322051,0.6087944313750765,0.6213760190892822,577.0
weighted avg,0.7436590966738774,0.7712305025996534,0.7415072992587532,577.0
