{"loss":{"0":51.4796791077,"1":47.9912757874,"2":44.7551956177,"3":41.719291687,"4":38.8490715027,"5":36.1715812683,"6":33.6331710815,"7":31.2459888458,"8":29.0061378479,"9":26.8791427612,"10":24.8850765228,"11":23.0079441071,"12":21.2294483185,"13":19.5716342926,"14":17.9952716827,"15":16.5275630951,"16":15.1492547989,"17":13.8477611542,"18":12.6311826706,"19":11.5003900528,"20":10.4461126328,"21":9.4601631165,"22":8.5551996231,"23":7.7069478035,"24":6.9362769127,"25":6.216448307,"26":5.5567588806,"27":4.9534897804,"28":4.4047617912,"29":3.9085223675,"30":3.4568169117,"31":3.0522773266,"32":2.6928560734,"33":2.3675551414,"34":2.0864555836,"35":1.8267370462,"36":1.6144223213,"37":1.4224363565,"38":1.2561072111,"39":1.1218224764,"40":1.0007622242,"41":0.9038634896,"42":0.8215179443,"43":0.7592766285,"44":0.7041866779,"45":0.6644479036,"46":0.6334764957,"47":0.6091965437,"48":0.5972828865,"49":0.5814247131,"50":0.5722540021,"51":0.5705317259,"52":0.5620494485,"53":0.5558526516,"54":0.5588351488},"acc":{"0":0.4202458858,"1":0.4693711698,"2":0.4969939888,"3":0.5189297795,"4":0.5560309887,"5":0.5741753578,"6":0.6045604944,"7":0.6266587377,"8":0.6327248812,"9":0.6592644453,"10":0.6682012677,"11":0.6768672466,"12":0.6926285028,"13":0.6939284205,"14":0.7051941752,"15":0.7099604607,"16":0.7094188333,"17":0.7165682912,"18":0.7235552073,"19":0.7238801718,"20":0.7265883088,"21":0.7285923362,"22":0.7311379313,"23":0.7321128845,"24":0.7337918878,"25":0.7338460684,"26":0.7400747538,"27":0.7388290167,"28":0.7386123538,"29":0.7408330441,"30":0.7413204908,"31":0.7460867763,"32":0.7444077134,"33":0.743811965,"34":0.7457618117,"35":0.7483074069,"36":0.7490656972,"37":0.7486323714,"38":0.7525320649,"39":0.7498781085,"40":0.7487949133,"41":0.753723681,"42":0.7504739165,"43":0.7559443116,"44":0.755890131,"45":0.7542111278,"46":0.7551860213,"47":0.7581650019,"48":0.7578941584,"49":0.7562692761,"50":0.7585440874,"51":0.7575150132,"52":0.7582733035,"53":0.761577189,"54":0.7602231503},"auc":{"0":0.5427531004,"1":0.5817780495,"2":0.5814244151,"3":0.5723508596,"4":0.5919331312,"5":0.5803269148,"6":0.5889829993,"7":0.5909482241,"8":0.5822149515,"9":0.59206146,"10":0.5856493711,"11":0.590462923,"12":0.5953131914,"13":0.5936274529,"14":0.6017466784,"15":0.5934157372,"16":0.5928328037,"17":0.6006193161,"18":0.6045150757,"19":0.602832675,"20":0.6077919006,"21":0.6117064357,"22":0.6085579991,"23":0.6135606766,"24":0.6073779464,"25":0.6128742695,"26":0.612308979,"27":0.6181987524,"28":0.6194366217,"29":0.6211268306,"30":0.6215220094,"31":0.6224522591,"32":0.6221243143,"33":0.6240084171,"34":0.6215711236,"35":0.6357753277,"36":0.6236675978,"37":0.6288927197,"38":0.6316472292,"39":0.6273317337,"40":0.6336854696,"41":0.6339352131,"42":0.6384721398,"43":0.6340084076,"44":0.6377813816,"45":0.6404175758,"46":0.6425141096,"47":0.6418715715,"48":0.6381254196,"49":0.6438677311,"50":0.6463317871,"51":0.6409614086,"52":0.6462072134,"53":0.6541866064,"54":0.6447803974},"val_loss":{"0":49.538066864,"1":46.2367935181,"2":43.1453514099,"3":40.2518577576,"4":37.4586753845,"5":34.8360404968,"6":32.3265953064,"7":30.0127754211,"8":27.82554245,"9":25.7772789001,"10":23.8379497528,"11":22.0054626465,"12":20.2832546234,"13":18.6654453278,"14":17.1424713135,"15":15.7209911346,"16":14.3836431503,"17":13.1296386719,"18":11.9615449905,"19":10.8706283569,"20":9.8555555344,"21":8.9133901596,"22":8.0385065079,"23":7.2260150909,"24":6.4836592674,"25":5.7993574142,"26":5.174829483,"27":4.6079268456,"28":4.0878796577,"29":3.6165895462,"30":3.1964607239,"31":2.816131115,"32":2.490442276,"33":2.1927471161,"34":1.933419466,"35":1.7085264921,"36":1.4924322367,"37":1.31384027,"38":1.1664444208,"39":1.0534207821,"40":0.9526154399,"41":0.858563602,"42":0.7887116075,"43":0.7417914271,"44":0.6778224111,"45":0.6671501994,"46":0.6546853185,"47":0.6162413955,"48":0.6012042165,"49":0.5980736017,"50":0.629571557,"51":0.5857310891,"52":0.5953871012,"53":0.6329871416,"54":0.6578285694},"val_acc":{"0":0.3817157745,"1":0.344887346,"2":0.3516031206,"3":0.3539861441,"4":0.4638215005,"5":0.5727902651,"6":0.6897746921,"7":0.7006065845,"8":0.7227036357,"9":0.7352686524,"10":0.7383015752,"11":0.7510831952,"12":0.7567157745,"13":0.7606152296,"14":0.7671144009,"15":0.7671144009,"16":0.767547667,"17":0.7712305188,"18":0.7705805898,"19":0.7699306607,"20":0.7697140574,"21":0.7703639269,"22":0.7703639269,"23":0.7749133706,"24":0.7707972527,"25":0.7712305188,"26":0.7712305188,"27":0.7679809332,"28":0.7679809332,"29":0.7686308622,"30":0.7677642703,"31":0.7690641284,"32":0.7590987682,"33":0.7608318925,"34":0.7417677641,"35":0.7383015752,"36":0.7521663904,"37":0.7562825084,"38":0.7606152296,"39":0.7478336096,"40":0.7450173497,"41":0.745233953,"42":0.7465338111,"43":0.7482668757,"44":0.750649929,"45":0.7274696827,"46":0.7250866294,"47":0.7474003434,"48":0.7525996566,"49":0.7495667338,"50":0.6975736618,"51":0.754116118,"52":0.7294194102,"53":0.6585788727,"54":0.5964038372},"val_auc":{"0":0.6543441415,"1":0.6561591625,"2":0.6571332216,"3":0.6578876972,"4":0.6570820808,"5":0.6580198407,"6":0.6587151289,"7":0.6596975327,"8":0.6604170799,"9":0.660423398,"10":0.6616953015,"11":0.6622610092,"12":0.6619039774,"13":0.6625056267,"14":0.6629313231,"15":0.6631119251,"16":0.6638380885,"17":0.6643784046,"18":0.6643545628,"19":0.6643406749,"20":0.6651097536,"21":0.6652638316,"22":0.6651878953,"23":0.6657216549,"24":0.6655550599,"25":0.666004777,"26":0.665651679,"27":0.6658123136,"28":0.6660692692,"29":0.6667160988,"30":0.6666159034,"31":0.667657733,"32":0.6673600078,"33":0.6678234339,"34":0.6675332189,"35":0.668330133,"36":0.6686211824,"37":0.6685574055,"38":0.672688365,"39":0.6729171276,"40":0.6743098497,"41":0.6728029251,"42":0.674521327,"43":0.6757621765,"44":0.6732866764,"45":0.6744010448,"46":0.6754088402,"47":0.6774843931,"48":0.6764734983,"49":0.6776030064,"50":0.6773370504,"51":0.6765501499,"52":0.6771192551,"53":0.6777719855,"54":0.6744608879}}