{"loss":{"0":51.2179679871,"1":47.7998275757,"2":44.6131095886,"3":41.6104393005,"4":38.806678772,"5":36.1369743347,"6":33.6417694092,"7":31.2787322998,"8":29.0557899475,"9":26.9495391846,"10":24.9698581696,"11":23.0932235718,"12":21.3197231293,"13":19.6603012085,"14":18.0904464722,"15":16.6105937958,"16":15.2305812836,"17":13.930639267,"18":12.7181119919,"19":11.5848455429,"20":10.5130434036,"21":9.5316877365,"22":8.6133565903,"23":7.7714400291,"24":6.9868078232,"25":6.2623782158,"26":5.602458477,"27":4.9952168465,"28":4.4455599785,"29":3.945287466,"30":3.4859800339,"31":3.0807666779,"32":2.7164773941,"33":2.3892412186,"34":2.0985777378,"35":1.8495422602,"36":1.6286888123,"37":1.4398341179,"38":1.2778389454,"39":1.137937665,"40":1.019018054,"41":0.9236527085,"42":0.842779994,"43":0.7779017091,"44":0.7264927626,"45":0.6842772961,"46":0.6527459621,"47":0.6324843764,"48":0.6177941561,"49":0.5976179242,"50":0.5920470953,"51":0.5846678615},"acc":{"0":0.6331040263,"1":0.6587769985,"2":0.6614309549,"3":0.6800086498,"4":0.6883496642,"5":0.7002654076,"6":0.7031360269,"7":0.7069273591,"8":0.7133185267,"9":0.7155391574,"10":0.7201429605,"11":0.7231760621,"12":0.7268591523,"13":0.7207929492,"14":0.7289714813,"15":0.7263175249,"16":0.7284839749,"17":0.7288089991,"18":0.7316795588,"19":0.7343335152,"20":0.7355251312,"21":0.7354709506,"22":0.7364458442,"23":0.7364458442,"24":0.7357959151,"25":0.7382332087,"26":0.7386123538,"27":0.7399663925,"28":0.7419162393,"29":0.7422412634,"30":0.7413204908,"31":0.7420246005,"32":0.7446785569,"33":0.745328486,"34":0.7488490343,"35":0.7461409569,"36":0.749553144,"37":0.7454909682,"38":0.7480908036,"39":0.7451118231,"40":0.7494448423,"41":0.7485240698,"42":0.7492281795,"43":0.7535070181,"44":0.7492281795,"45":0.7515029907,"46":0.7525862455,"47":0.7536153197,"48":0.7563234568,"49":0.7571358681,"50":0.7532361746,"51":0.7587607503},"auc":{"0":0.5524906516,"1":0.5730177164,"2":0.5713423491,"3":0.5837523341,"4":0.5755657554,"5":0.5962356329,"6":0.5919810534,"7":0.5930913091,"8":0.5939570665,"9":0.594384253,"10":0.5935744047,"11":0.5927864313,"12":0.6013916731,"13":0.5971641541,"14":0.5963709354,"15":0.6040682793,"16":0.6002762318,"17":0.6035038233,"18":0.5991054773,"19":0.5978182554,"20":0.6128411293,"21":0.6064888239,"22":0.6090689898,"23":0.6049175262,"24":0.6077069044,"25":0.6073634028,"26":0.6066913009,"27":0.6079052091,"28":0.6075508595,"29":0.6040483713,"30":0.6116558313,"31":0.6122890711,"32":0.6119129658,"33":0.618244648,"34":0.6194316149,"35":0.6175320745,"36":0.6171758175,"37":0.6154179573,"38":0.6131944656,"39":0.6159328222,"40":0.6206415296,"41":0.6161686778,"42":0.61972785,"43":0.6236202717,"44":0.6202275753,"45":0.6247950792,"46":0.6253145933,"47":0.6255120039,"48":0.6220346093,"49":0.6308786869,"50":0.6325595975,"51":0.6321060061},"val_loss":{"0":49.2891311646,"1":46.012462616,"2":42.9432144165,"3":40.0575866699,"4":37.3407402039,"5":34.7722549438,"6":32.3457298279,"7":30.064868927,"8":27.8998641968,"9":25.8620433807,"10":23.9390010834,"11":22.1272468567,"12":20.423084259,"13":18.8126583099,"14":17.3010368347,"15":15.8800439835,"16":14.5403470993,"17":13.2847995758,"18":12.1243600845,"19":11.0264987946,"20":9.9962663651,"21":9.0551671982,"22":8.1889982224,"23":7.3737492561,"24":6.626335144,"25":5.9370746613,"26":5.3047528267,"27":4.7398719788,"28":4.2156376839,"29":3.7441380024,"30":3.3214755058,"31":2.9461472034,"32":2.6165859699,"33":2.3296282291,"34":2.0590479374,"35":1.8236695528,"36":1.6216685772,"37":1.4452525377,"38":1.3012013435,"39":1.1887418032,"40":1.0793466568,"41":1.0061347485,"42":0.9413479567,"43":0.8886116743,"44":0.8401657939,"45":0.8125150204,"46":0.7856477499,"47":0.7697034478,"48":0.7145754099,"49":0.7421019673,"50":0.7372645736,"51":0.7502706647},"val_acc":{"0":0.7593154311,"1":0.7593154311,"2":0.7593154311,"3":0.7593154311,"4":0.7593154311,"5":0.7593154311,"6":0.7610485554,"7":0.7653812766,"8":0.7664644718,"9":0.7660312057,"10":0.7662478089,"11":0.7645147443,"12":0.7640814781,"13":0.7638648152,"14":0.7601819634,"15":0.7599653602,"16":0.7612651587,"17":0.7612651587,"18":0.7595320344,"19":0.7597486973,"20":0.7610485554,"21":0.7595320344,"22":0.7593154311,"23":0.7593154311,"24":0.7593154311,"25":0.7593154311,"26":0.7593154311,"27":0.7593154311,"28":0.7593154311,"29":0.7593154311,"30":0.7593154311,"31":0.7593154311,"32":0.7593154311,"33":0.7593154311,"34":0.7593154311,"35":0.7593154311,"36":0.7593154311,"37":0.7593154311,"38":0.7593154311,"39":0.7593154311,"40":0.7593154311,"41":0.7593154311,"42":0.7593154311,"43":0.7593154311,"44":0.7593154311,"45":0.7593154311,"46":0.7593154311,"47":0.7593154311,"48":0.7593154311,"49":0.7593154311,"50":0.7593154311,"51":0.7593154311},"val_auc":{"0":0.6702464819,"1":0.6706357598,"2":0.6705183983,"3":0.6721653938,"4":0.6715941429,"5":0.6720424891,"6":0.6719692945,"7":0.6722840667,"8":0.6733089685,"9":0.6724897623,"10":0.6728802919,"11":0.6734805107,"12":0.6737414598,"13":0.6738582253,"14":0.6732763648,"15":0.6738097072,"16":0.6735290289,"17":0.6746009588,"18":0.6739926934,"19":0.6741783619,"20":0.6750072241,"21":0.6752911806,"22":0.6740884781,"23":0.6749091148,"24":0.6754186153,"25":0.6753735542,"26":0.6746577621,"27":0.6752308607,"28":0.6745501757,"29":0.6748744249,"30":0.6768214703,"31":0.6769590378,"32":0.6754556894,"33":0.6741101742,"34":0.6762851477,"35":0.6763674021,"36":0.6777015924,"37":0.6768414974,"38":0.676762104,"39":0.6766648293,"40":0.6780400276,"41":0.6759080291,"42":0.6772674322,"43":0.678771019,"44":0.6737039089,"45":0.6766197085,"46":0.675194025,"47":0.6778352261,"48":0.6827837229,"49":0.6813795567,"50":0.679142952,"51":0.6739568114}}