{"loss":{"0":51.9425506592,"1":48.4806556702,"2":45.2368087769,"3":42.1918640137,"4":39.3348999023,"5":36.6408538818,"6":34.0787963867,"7":31.691400528,"8":29.4315719604,"9":27.3049945831,"10":25.2847499847,"11":23.380853653,"12":21.5781345367,"13":19.8947582245,"14":18.3046245575,"15":16.8055858612,"16":15.4002666473,"17":14.0822296143,"18":12.8520717621,"19":11.7010803223,"20":10.6238460541,"21":9.6241359711,"22":8.7000417709,"23":7.8492984772,"24":7.0464177132,"25":6.3282556534,"26":5.6608457565,"27":5.0452284813,"28":4.4862351418,"29":3.9859461784,"30":3.5218262672,"31":3.1103827953,"32":2.7443771362,"33":2.4175977707,"34":2.1258382797,"35":1.8723572493,"36":1.643773675,"37":1.4512648582,"38":1.2891541719,"39":1.1460157633,"40":1.0283710957,"41":0.9297967553,"42":0.847645998,"43":0.7764473557,"44":0.727039516,"45":0.6852300167,"46":0.6541022062,"47":0.6275436282,"48":0.6129558682,"49":0.5940190554,"50":0.5870907307,"51":0.5806199312,"52":0.5755675435,"53":0.5713655353,"54":0.5703265071,"55":0.5671550632,"56":0.566521883,"57":0.5650452971,"58":0.5594061017,"59":0.5614708066},"acc":{"0":0.6128473282,"1":0.6293668151,"2":0.6465904713,"3":0.6615934372,"4":0.6715051532,"5":0.6799545288,"6":0.6973406076,"7":0.6975030899,"8":0.7070357203,"9":0.7069273591,"10":0.7115853429,"11":0.7138059735,"12":0.7148350477,"13":0.7197096944,"14":0.7220386863,"15":0.7209012508,"16":0.7234469056,"17":0.7277798653,"18":0.7272924185,"19":0.7293505669,"20":0.7310838103,"21":0.7359042168,"22":0.7367166877,"23":0.729675591,"24":0.7375832796,"25":0.7338460684,"26":0.7301630378,"27":0.7355792522,"28":0.736066699,"29":0.7337377667,"30":0.7398580909,"31":0.7428911924,"32":0.7405080199,"33":0.7392622828,"34":0.7442994118,"35":0.7414829731,"36":0.7452201843,"37":0.7450035214,"38":0.7444077134,"39":0.7457076311,"40":0.746574223,"41":0.7460867763,"42":0.7479282618,"43":0.7505822182,"44":0.7498781085,"45":0.7488490343,"46":0.7477657795,"47":0.7532361746,"48":0.7502031326,"49":0.7536153197,"50":0.752261281,"51":0.7532903552,"52":0.752857089,"53":0.7535070181,"54":0.7571358681,"55":0.7569192648,"56":0.7606022954,"57":0.7550235391,"58":0.7565401196,"59":0.7574608922},"auc":{"0":0.5474449396,"1":0.5640382767,"2":0.5726446509,"3":0.5840245485,"4":0.5825853348,"5":0.5877667069,"6":0.6051328182,"7":0.5947434902,"8":0.5959029198,"9":0.5878456831,"10":0.5892712474,"11":0.5986052752,"12":0.6039799452,"13":0.5971851349,"14":0.5960539579,"15":0.6024018526,"16":0.6048692465,"17":0.6073317528,"18":0.6055495143,"19":0.6061776876,"20":0.6101770401,"21":0.611489892,"22":0.6130354404,"23":0.6066462994,"24":0.6207406521,"25":0.6092709303,"26":0.6080334187,"27":0.6118317842,"28":0.6136561632,"29":0.6084355116,"30":0.6200389862,"31":0.61776793,"32":0.6227531433,"33":0.6160802841,"34":0.6245117188,"35":0.6239879727,"36":0.6277962923,"37":0.6288832426,"38":0.62383461,"39":0.6255155802,"40":0.6288669109,"41":0.62596488,"42":0.6267764568,"43":0.6353749037,"44":0.6317313313,"45":0.6344567537,"46":0.6332396269,"47":0.6361460686,"48":0.6361716986,"49":0.6433327198,"50":0.6431820393,"51":0.6450082064,"52":0.6482181549,"53":0.6469000578,"54":0.6436356306,"55":0.6474692225,"56":0.6473668218,"57":0.648132205,"58":0.6523433924,"59":0.6507381201},"val_loss":{"0":49.9579811096,"1":46.6564712524,"2":43.5646400452,"3":40.6103363037,"4":37.8348655701,"5":35.2143363953,"6":32.7391662598,"7":30.4159927368,"8":28.2204856873,"9":26.1497955322,"10":24.1929531097,"11":22.3481044769,"12":20.6109142303,"13":18.9740753174,"14":17.4308738708,"15":15.9839429855,"16":14.6263370514,"17":13.354763031,"18":12.1690015793,"19":11.0584659576,"20":10.0248699188,"21":9.0633792877,"22":8.1762037277,"23":7.3573255539,"24":6.6013870239,"25":5.9041795731,"26":5.2620687485,"27":4.6811146736,"28":4.1507134438,"29":3.6716570854,"30":3.2436051369,"31":2.859254837,"32":2.5193238258,"33":2.2121508121,"34":1.9450776577,"35":1.7059495449,"36":1.487426281,"37":1.3170911074,"38":1.1643515825,"39":1.0325909853,"40":0.9344292879,"41":0.8384824395,"42":0.7577655911,"43":0.7091762424,"44":0.6617027521,"45":0.6242175102,"46":0.5865086317,"47":0.5786378384,"48":0.5613450408,"49":0.5505018234,"50":0.5492572784,"51":0.5478582382,"52":0.5492223501,"53":0.5473267436,"54":0.5435630679,"55":0.5360864997,"56":0.5260620117,"57":0.5360063314,"58":0.5343202949,"59":0.5289765},"val_acc":{"0":0.7749133706,"1":0.7383015752,"2":0.7157712579,"3":0.73721838,"4":0.7476170063,"5":0.7666811347,"6":0.7779462934,"7":0.7785961628,"8":0.7788128257,"9":0.7775130272,"10":0.7781628966,"11":0.7801126242,"12":0.7775130272,"13":0.7794627547,"14":0.7814124823,"15":0.7820624113,"16":0.7822790146,"17":0.7805459499,"18":0.779679358,"19":0.779679358,"20":0.7805459499,"21":0.7805459499,"22":0.7809792161,"23":0.7805459499,"24":0.7805459499,"25":0.7816291451,"26":0.7803292871,"27":0.7798960209,"28":0.7798960209,"29":0.7798960209,"30":0.7814124823,"31":0.7820624113,"32":0.7816291451,"33":0.7820624113,"34":0.7818457484,"35":0.7822790146,"36":0.7831456065,"37":0.7833622098,"38":0.7822790146,"39":0.7816291451,"40":0.7818457484,"41":0.7835788727,"42":0.7827122808,"43":0.7820624113,"44":0.7835788727,"45":0.7833622098,"46":0.7831456065,"47":0.7840121388,"48":0.7848786712,"49":0.7833622098,"50":0.784445405,"51":0.7850953341,"52":0.783795476,"53":0.7840121388,"54":0.7840121388,"55":0.7855286002,"56":0.7853119373,"57":0.7846620679,"58":0.784445405,"59":0.7850953341},"val_auc":{"0":0.6702709794,"1":0.6702041626,"2":0.6700886488,"3":0.6707248092,"4":0.6706644297,"5":0.6715427637,"6":0.6717745066,"7":0.6714497209,"8":0.6716277599,"9":0.6718283892,"10":0.6717968583,"11":0.6723173261,"12":0.6724168062,"13":0.6731988192,"14":0.6733344793,"15":0.6733464003,"16":0.6734269857,"17":0.673999548,"18":0.6746510863,"19":0.6755288839,"20":0.6760185957,"21":0.6769483089,"22":0.6775637865,"23":0.6786996126,"24":0.6785032749,"25":0.6799888611,"26":0.6792826653,"27":0.6799834967,"28":0.6803585291,"29":0.6809273958,"30":0.682374835,"31":0.680716455,"32":0.6812856197,"33":0.6825577021,"34":0.6815689802,"35":0.6797046065,"36":0.6817430258,"37":0.6809877157,"38":0.6809812784,"39":0.6767985821,"40":0.6805540323,"41":0.6799143553,"42":0.682893455,"43":0.6803468466,"44":0.6830328703,"45":0.6809331775,"46":0.6827105284,"47":0.6835005283,"48":0.6828215122,"49":0.6847479343,"50":0.6833256483,"51":0.6834958792,"52":0.6803407669,"53":0.6807043552,"54":0.6828490496,"55":0.6838619709,"56":0.6837449074,"57":0.6816160679,"58":0.6812936664,"59":0.6855694056}}