,loss,acc,auc,val_loss,val_acc,val_auc
0,0.6821416020393372,0.5625,0.5964969396591187,0.6701372265815735,0.6000000238418579,0.6780655384063721
1,0.6101021766662598,0.6897727251052856,0.7354844808578491,0.6072096228599548,0.6863636374473572,0.7292766571044922
2,0.5740654468536377,0.7113636136054993,0.7778536677360535,0.6042539477348328,0.6818181872367859,0.7337188720703125
3,0.5601956248283386,0.7352272868156433,0.7899974584579468,0.5936989784240723,0.6636363863945007,0.7471293210983276
4,0.5194171667098999,0.7477272748947144,0.8201736211776733,0.5819205641746521,0.6772727370262146,0.7524096965789795
5,0.5310877561569214,0.7556818127632141,0.8147246241569519,0.5878846049308777,0.7227272987365723,0.7585282325744629
6,0.5023720264434814,0.7590909004211426,0.8385469913482666,0.6166791319847107,0.6590909361839294,0.7394602298736572
7,0.479900985956192,0.769318163394928,0.8518438339233398,0.6015978455543518,0.6772727370262146,0.7437766790390015
