,loss,acc,auc,val_loss,val_acc,val_auc
0,0.7084119915962219,0.574999988079071,0.5894172191619873,0.6745510697364807,0.6090909242630005,0.6326968669891357
1,0.6234373450279236,0.6613636612892151,0.7111644744873047,0.734031617641449,0.6409090757369995,0.6902636885643005
2,0.5810227394104004,0.7170454263687134,0.766351580619812,0.6458126306533813,0.668181836605072,0.7055128812789917
3,0.5576175451278687,0.7136363387107849,0.7846255302429199,0.624810516834259,0.6499999761581421,0.7208446860313416
4,0.5280467867851257,0.7477272748947144,0.8156384229660034,0.61822909116745,0.7090908885002136,0.7416728734970093
5,0.5289778113365173,0.7511363625526428,0.8134504556655884,0.590664803981781,0.7136363387107849,0.7526655197143555
6,0.49635618925094604,0.7488636374473572,0.837907075881958,0.6089226603507996,0.6818181872367859,0.749690055847168
7,0.4516177773475647,0.7954545617103577,0.8731094598770142,0.6512792706489563,0.7136363387107849,0.7670468688011169
8,0.4518308937549591,0.7863636612892151,0.8708851933479309,0.638672411441803,0.6954545378684998,0.7555169463157654
