{"loss":{"0":0.682141602,"1":0.6101021767,"2":0.5740654469,"3":0.5601956248,"4":0.5194171667,"5":0.5310877562,"6":0.5023720264,"7":0.479900986},"acc":{"0":0.5625,"1":0.6897727251,"2":0.7113636136,"3":0.7352272868,"4":0.7477272749,"5":0.7556818128,"6":0.7590909004,"7":0.7693181634},"auc":{"0":0.5964969397,"1":0.7354844809,"2":0.7778536677,"3":0.7899974585,"4":0.8201736212,"5":0.8147246242,"6":0.8385469913,"7":0.8518438339},"val_loss":{"0":0.6701372266,"1":0.6072096229,"2":0.6042539477,"3":0.5936989784,"4":0.5819205642,"5":0.5878846049,"6":0.616679132,"7":0.6015978456},"val_acc":{"0":0.6000000238,"1":0.6863636374,"2":0.6818181872,"3":0.6636363864,"4":0.677272737,"5":0.7227272987,"6":0.6590909362,"7":0.677272737},"val_auc":{"0":0.6780655384,"1":0.7292766571,"2":0.7337188721,"3":0.7471293211,"4":0.7524096966,"5":0.7585282326,"6":0.7394602299,"7":0.743776679}}