{"loss":{"0":0.6792355776,"1":0.6166762114,"2":0.571593225,"3":0.5405553579,"4":0.5094037056,"5":0.4894788265,"6":0.5108624101,"7":0.4496737719,"8":0.4437529743,"9":0.4269884527},"acc":{"0":0.5715909004,"1":0.6818181872,"2":0.7102272511,"3":0.7329545617,"4":0.7556818128,"5":0.7818182111,"6":0.7511363626,"7":0.8000000119,"8":0.7886363864,"9":0.8090909123},"auc":{"0":0.6041135788,"1":0.7209397554,"2":0.7770355344,"3":0.8027817607,"4":0.8305914402,"5":0.8453934193,"6":0.826521337,"7":0.8729287386,"8":0.8738504648,"9":0.8857914209},"val_loss":{"0":0.6472603083,"1":0.565312326,"2":0.5396069884,"3":0.532076776,"4":0.5347132087,"5":0.5596779585,"6":0.5311894417,"7":0.6086625457,"8":0.6214158535,"9":0.5824941993},"val_acc":{"0":0.6499999762,"1":0.7590909004,"2":0.7136363387,"3":0.7681818008,"4":0.7590909004,"5":0.6954545379,"6":0.7545454502,"7":0.6863636374,"8":0.6545454264,"9":0.6999999881},"val_auc":{"0":0.6836557388,"1":0.8243221045,"2":0.8245287538,"3":0.8354828358,"4":0.8292411566,"5":0.799975276,"6":0.8176256418,"7":0.7817460299,"8":0.7680637836,"9":0.7859209776}}