,loss,acc,auc,val_loss,val_acc,val_auc
0,0.6930210590362549,0.5670454502105713,0.6025024652481079,0.6163805723190308,0.6636363863945007,0.733540415763855
1,0.606988787651062,0.6897727251052856,0.7377686500549316,0.579150378704071,0.6909090876579285,0.773747444152832
2,0.5678316354751587,0.7181817889213562,0.7771177887916565,0.5735408663749695,0.7272727489471436,0.7999172210693359
3,0.5720804929733276,0.6920454502105713,0.7716323137283325,0.5464147329330444,0.7227272987365723,0.8056728839874268
4,0.519661009311676,0.7556818127632141,0.8241709470748901,0.5404528975486755,0.7409090995788574,0.802111804485321
5,0.5093433260917664,0.7568181753158569,0.8272289037704468,0.5509408712387085,0.7363636493682861,0.7964389324188232
6,0.48150768876075745,0.7806817889213562,0.8498063087463379,0.5529878735542297,0.7363636493682861,0.802111804485321
7,0.4759957194328308,0.7840909361839294,0.8541322946548462,0.5436261296272278,0.7272727489471436,0.804265022277832
