,loss,acc,auc,val_loss,val_acc,val_auc
0,0.674697756767273,0.5897727012634277,0.6207356452941895,0.5770555734634399,0.7272727489471436,0.778895378112793
1,0.6161095499992371,0.6704545617103577,0.728745698928833,0.574090838432312,0.7136363387107849,0.7859777212142944
2,0.581580638885498,0.7113636136054993,0.7646551132202148,0.566157341003418,0.7363636493682861,0.7876958847045898
3,0.5666560530662537,0.7204545736312866,0.781306803226471,0.5759734511375427,0.7227272987365723,0.7835052013397217
4,0.5440057516098022,0.7284091114997864,0.79963219165802,0.5862444639205933,0.7272727489471436,0.7884501814842224
5,0.5288578271865845,0.7420454621315002,0.8140006065368652,0.595679759979248,0.7136363387107849,0.7810745239257812
