{"loss":{"0":0.6746977568,"1":0.61610955,"2":0.5815806389,"3":0.5666560531,"4":0.5440057516,"5":0.5288578272},"acc":{"0":0.5897727013,"1":0.6704545617,"2":0.7113636136,"3":0.7204545736,"4":0.7284091115,"5":0.7420454621},"auc":{"0":0.6207356453,"1":0.7287456989,"2":0.7646551132,"3":0.7813068032,"4":0.7996321917,"5":0.8140006065},"val_loss":{"0":0.5770555735,"1":0.5740908384,"2":0.566157341,"3":0.5759734511,"4":0.5862444639,"5":0.59567976},"val_acc":{"0":0.7272727489,"1":0.7136363387,"2":0.7363636494,"3":0.7227272987,"4":0.7272727489,"5":0.7136363387},"val_auc":{"0":0.7788953781,"1":0.7859777212,"2":0.7876958847,"3":0.7835052013,"4":0.7884501815,"5":0.7810745239}}