{"loss":{"0":0.693021059,"1":0.6069887877,"2":0.5678316355,"3":0.572080493,"4":0.5196610093,"5":0.5093433261,"6":0.4815076888,"7":0.4759957194},"acc":{"0":0.5670454502,"1":0.6897727251,"2":0.7181817889,"3":0.6920454502,"4":0.7556818128,"5":0.7568181753,"6":0.7806817889,"7":0.7840909362},"auc":{"0":0.6025024652,"1":0.7377686501,"2":0.7771177888,"3":0.7716323137,"4":0.8241709471,"5":0.8272289038,"6":0.8498063087,"7":0.8541322947},"val_loss":{"0":0.6163805723,"1":0.5791503787,"2":0.5735408664,"3":0.5464147329,"4":0.5404528975,"5":0.5509408712,"6":0.5529878736,"7":0.5436261296},"val_acc":{"0":0.6636363864,"1":0.6909090877,"2":0.7272727489,"3":0.7227272987,"4":0.7409090996,"5":0.7363636494,"6":0.7363636494,"7":0.7272727489},"val_auc":{"0":0.7335404158,"1":0.7737474442,"2":0.7999172211,"3":0.805672884,"4":0.8021118045,"5":0.7964389324,"6":0.8021118045,"7":0.8042650223}}