{"loss":{"0":0.7084119916,"1":0.623437345,"2":0.5810227394,"3":0.5576175451,"4":0.5280467868,"5":0.5289778113,"6":0.4963561893,"7":0.4516177773,"8":0.4518308938},"acc":{"0":0.5749999881,"1":0.6613636613,"2":0.7170454264,"3":0.7136363387,"4":0.7477272749,"5":0.7511363626,"6":0.7488636374,"7":0.7954545617,"8":0.7863636613},"auc":{"0":0.5894172192,"1":0.7111644745,"2":0.7663515806,"3":0.7846255302,"4":0.815638423,"5":0.8134504557,"6":0.8379070759,"7":0.8731094599,"8":0.8708851933},"val_loss":{"0":0.6745510697,"1":0.7340316176,"2":0.6458126307,"3":0.6248105168,"4":0.6182290912,"5":0.590664804,"6":0.6089226604,"7":0.6512792706,"8":0.6386724114},"val_acc":{"0":0.6090909243,"1":0.6409090757,"2":0.6681818366,"3":0.6499999762,"4":0.7090908885,"5":0.7136363387,"6":0.6818181872,"7":0.7136363387,"8":0.6954545379},"val_auc":{"0":0.632696867,"1":0.6902636886,"2":0.7055128813,"3":0.720844686,"4":0.7416728735,"5":0.7526655197,"6":0.7496900558,"7":0.7670468688,"8":0.7555169463}}