{"loss":{"0":52.2637138367,"1":48.7064819336,"2":45.3946723938,"3":42.2814254761,"4":39.349445343,"5":36.5881576538,"6":33.998260498,"7":31.5529842377,"8":29.2535133362,"9":27.1044750214,"10":25.0571231842,"11":23.1494674683,"12":21.3491420746,"13":19.6443443298,"14":18.057970047,"15":16.5690574646,"16":15.159078598,"17":13.8535251617,"18":12.6273870468,"19":11.4840288162,"20":10.4173355103,"21":9.4321603775,"22":8.5123710632,"23":7.6665296555,"24":6.8859710693,"25":6.1704416275,"26":5.5108823776,"27":4.906829834,"28":4.3607063293,"29":3.8654170036,"30":3.4189016819,"31":3.0162980556,"32":2.6534619331,"33":2.3317677975,"34":2.0529909134,"35":1.8030204773,"36":1.5839416981,"37":1.4002914429,"38":1.2395989895,"39":1.1023695469,"40":0.9872393608,"41":0.8901450634,"42":0.8115247488,"43":0.7516686916,"44":0.6978702545,"45":0.6647728086,"46":0.6270406842,"47":0.6126376987,"48":0.5922955871,"49":0.5833417773,"50":0.5727334023,"51":0.5707290173,"52":0.5616962314,"53":0.5629197359,"54":0.5636772513,"55":0.562582612,"56":0.5560240746,"57":0.5532823205,"58":0.5521690845,"59":0.553792119,"60":0.5546828508},"acc":{"0":0.35568434,"1":0.3931646943,"2":0.4187293649,"3":0.4523100257,"4":0.4887613058,"5":0.5232627392,"6":0.5492064953,"7":0.57580024,"8":0.5994150639,"9":0.6179385781,"10":0.6353247166,"11":0.64285326,"12":0.6585062146,"13":0.6748632193,"14":0.6832584143,"15":0.6849374175,"16":0.6989113092,"17":0.7026485205,"18":0.7084980607,"19":0.7157558203,"20":0.719817996,"21":0.7198721766,"22":0.7274007201,"23":0.728213191,"24":0.729675591,"25":0.7356334329,"26":0.7348751426,"27":0.7399663925,"28":0.7365000248,"29":0.7408871651,"30":0.7429453731,"31":0.7427287102,"32":0.7450577021,"33":0.7469533682,"34":0.7457618117,"35":0.7479282618,"36":0.7505280972,"37":0.7491739988,"38":0.7528029084,"39":0.750148952,"40":0.7528029084,"41":0.7536695004,"42":0.75437361,"43":0.7553485632,"44":0.7572442293,"45":0.7561609745,"46":0.7581108212,"47":0.7570275664,"48":0.7563776374,"49":0.7587607503,"50":0.7594107389,"51":0.7596815228,"52":0.7617938519,"53":0.7587607503,"54":0.7634187341,"55":0.7601148486,"56":0.7619563341,"57":0.7613064051,"58":0.7656393647,"59":0.7651519179,"60":0.7629312873},"auc":{"0":0.5389027596,"1":0.5705800056,"2":0.5705475807,"3":0.5760011673,"4":0.5914472938,"5":0.5864549875,"6":0.5851491094,"7":0.5843714476,"8":0.5833126903,"9":0.5720305443,"10":0.5853623152,"11":0.5755198002,"12":0.5766917467,"13":0.5918066502,"14":0.5836939812,"15":0.5756882429,"16":0.5854967237,"17":0.5858645439,"18":0.5808656812,"19":0.5867581964,"20":0.5943418741,"21":0.5913771391,"22":0.5966888666,"23":0.596737504,"24":0.5972974896,"25":0.5969933271,"26":0.5979218483,"27":0.604968667,"28":0.6027889252,"29":0.6032686234,"30":0.6034100056,"31":0.6004083157,"32":0.6053217053,"33":0.612522006,"34":0.6071472764,"35":0.6066143513,"36":0.611344099,"37":0.6093814373,"38":0.6110011339,"39":0.6149092913,"40":0.6139304638,"41":0.6171202064,"42":0.6205061674,"43":0.6191746593,"44":0.6230835319,"45":0.6183134317,"46":0.6313374639,"47":0.6193208098,"48":0.6270481348,"49":0.6255358458,"50":0.6287117004,"51":0.6248457432,"52":0.6353505254,"53":0.6275170445,"54":0.6235028505,"55":0.6259514689,"56":0.6320695877,"57":0.6348489523,"58":0.6343020797,"59":0.6303236485,"60":0.6295540929},"val_loss":{"0":50.5144691467,"1":47.2288856506,"2":44.1067237854,"3":41.0653305054,"4":38.0934257507,"5":35.3494186401,"6":32.741065979,"7":30.342206955,"8":28.119304657,"9":26.0198764801,"10":24.0442047119,"11":22.163269043,"12":20.4123725891,"13":18.7569637299,"14":17.2019538879,"15":15.7565670013,"16":14.3973407745,"17":13.1270294189,"18":11.9465360641,"19":10.8394460678,"20":9.8149700165,"21":8.8666687012,"22":7.9872870445,"23":7.1762466431,"24":6.4297785759,"25":5.7447805405,"26":5.1177072525,"27":4.5458097458,"28":4.0261416435,"29":3.5563969612,"30":3.1332576275,"31":2.7537224293,"32":2.4159259796,"33":2.1164975166,"34":1.8528020382,"35":1.6224508286,"36":1.4228965044,"37":1.2488919497,"38":1.1033586264,"39":0.9792017341,"40":0.8764098287,"41":0.7933473587,"42":0.7225231528,"43":0.6688742042,"44":0.6246883869,"45":0.5931261778,"46":0.5674711466,"47":0.5517391562,"48":0.5376355648,"49":0.5287338495,"50":0.522680521,"51":0.5199645758,"52":0.5174444914,"53":0.5155428052,"54":0.5225484967,"55":0.5142403245,"56":0.516007781,"57":0.5137857795,"58":0.5146092176,"59":0.5144552588,"60":0.5148668885},"val_acc":{"0":0.2331022471,"1":0.2331022471,"2":0.2331022471,"3":0.2331022471,"4":0.2331022471,"5":0.2331022471,"6":0.3139081597,"7":0.6009532213,"8":0.664211452,"9":0.6882582307,"10":0.6917244196,"11":0.7471836805,"12":0.7515164614,"13":0.7593154311,"14":0.762131691,"15":0.76278162,"16":0.7647313476,"17":0.7677642703,"18":0.7679809332,"19":0.7688474655,"20":0.7705805898,"21":0.7705805898,"22":0.7718803883,"23":0.7736135125,"24":0.7731802464,"25":0.7733969092,"26":0.7731802464,"27":0.7733969092,"28":0.7736135125,"29":0.7740467787,"30":0.7740467787,"31":0.7746967077,"32":0.7736135125,"33":0.7744800448,"34":0.7738301754,"35":0.7744800448,"36":0.7744800448,"37":0.7738301754,"38":0.7742634416,"39":0.7746967077,"40":0.7740467787,"41":0.7742634416,"42":0.7742634416,"43":0.7749133706,"44":0.7751299739,"45":0.7720970511,"46":0.7742634416,"47":0.7744800448,"48":0.7744800448,"49":0.7755632401,"50":0.7755632401,"51":0.7753466368,"52":0.7753466368,"53":0.7749133706,"54":0.7759965062,"55":0.7757799029,"56":0.7762131691,"57":0.7762131691,"58":0.7759965062,"59":0.776429832,"60":0.7757799029},"val_auc":{"0":0.6691504717,"1":0.665840745,"2":0.6686703563,"3":0.6677225232,"4":0.6494548917,"5":0.6572585702,"6":0.6495265961,"7":0.6666816473,"8":0.6632142067,"9":0.6646660566,"10":0.6663105488,"11":0.6677428484,"12":0.6689420342,"13":0.6714715362,"14":0.671333313,"15":0.6726458669,"16":0.6725262403,"17":0.6722109318,"18":0.6725658774,"19":0.6732310057,"20":0.6730837822,"21":0.6733150482,"22":0.673358202,"23":0.6731578112,"24":0.6739888191,"25":0.6742676497,"26":0.6745083332,"27":0.6752692461,"28":0.6753800511,"29":0.6756908298,"30":0.6761952639,"31":0.6768542528,"32":0.6762470007,"33":0.6766591668,"34":0.6775695682,"35":0.6770535707,"36":0.6774278879,"37":0.6807770729,"38":0.6812072992,"39":0.6826615334,"40":0.6824045777,"41":0.6824401617,"42":0.683389008,"43":0.6827610731,"44":0.6846063137,"45":0.6853371859,"46":0.6849910617,"47":0.6833191514,"48":0.6847423315,"49":0.6858309507,"50":0.6861835718,"51":0.6882153749,"52":0.687962234,"53":0.6865605116,"54":0.6840338707,"55":0.6870292425,"56":0.6862974167,"57":0.6867258549,"58":0.6861900687,"59":0.6880214214,"60":0.6879054308}}