{"loss":{"0":51.9281349182,"1":48.4484405518,"2":45.1899490356,"3":42.129032135,"4":39.2504615784,"5":36.543888092,"6":33.9864616394,"7":31.583070755,"8":29.3105640411,"9":27.1828994751,"10":25.1533699036,"11":23.2500228882,"12":21.4558124542,"13":19.7693920135,"14":18.1737537384,"15":16.6753616333,"16":15.2781763077,"17":13.9642543793,"18":12.7327280045,"19":11.589094162,"20":10.5232067108,"21":9.5277299881,"22":8.6080026627,"23":7.7546162605,"24":6.9633169174,"25":6.243917942,"26":5.576546669,"27":4.9658308029,"28":4.4147357941,"29":3.9155950546,"30":3.4642965794,"31":3.0573313236,"32":2.6908884048,"33":2.3734695911,"34":2.0829899311,"35":1.8356742859,"36":1.6125742197,"37":1.4265072346,"38":1.2654328346,"39":1.1285408735,"40":1.0121787786,"41":0.9165955186,"42":0.8363725543,"43":0.7736561298,"44":0.7211956978,"45":0.6835379601,"46":0.6496679783,"47":0.6330414414,"48":0.6115988493,"49":0.5965768099,"50":0.5893586874,"51":0.5880975723,"52":0.5832594037,"53":0.5806920528,"54":0.575989306,"55":0.5791940689,"56":0.5725862384,"57":0.5700435638,"58":0.5672219396,"59":0.5664502978,"60":0.5672844052,"61":0.567332387},"acc":{"0":0.62535882,"1":0.643665731,"2":0.661214292,"3":0.6764339209,"4":0.6860206723,"5":0.7002112269,"6":0.705681622,"7":0.7085522413,"8":0.7136976719,"9":0.7162433267,"10":0.7212262154,"11":0.7240968347,"12":0.7297838926,"13":0.7293505669,"14":0.7304338217,"15":0.7380165458,"16":0.7356876135,"17":0.7407788634,"18":0.7406163812,"19":0.7393164635,"20":0.7412663102,"21":0.7403455377,"22":0.7425662279,"23":0.7447327375,"24":0.7467367053,"25":0.7429453731,"26":0.7462492585,"27":0.7464117408,"28":0.7517738342,"29":0.7490656972,"30":0.7542111278,"31":0.7504739165,"32":0.7534528375,"33":0.749553144,"34":0.752261281,"35":0.752261281,"36":0.7566484213,"37":0.751611352,"38":0.7541028261,"39":0.7575150132,"40":0.7576774955,"41":0.7544277906,"42":0.7555651665,"43":0.7565401196,"44":0.761523068,"45":0.7599523664,"46":0.7600064874,"47":0.7580025196,"48":0.7627146244,"49":0.7616855502,"50":0.7616313696,"51":0.7637978792,"52":0.7619563341,"53":0.7582733035,"54":0.7620105147,"55":0.7633104324,"56":0.7630937696,"57":0.7635812163,"58":0.7652060986,"59":0.7660726905,"60":0.7649894357,"61":0.7663434744},"auc":{"0":0.5624443293,"1":0.5700993538,"2":0.5766144395,"3":0.5792839527,"4":0.5819259286,"5":0.5848548412,"6":0.5959756374,"7":0.5927518606,"8":0.5981063843,"9":0.5842643976,"10":0.5976651907,"11":0.5986593962,"12":0.598035574,"13":0.5989209414,"14":0.6054013968,"15":0.609541893,"16":0.6080104709,"17":0.6093524694,"18":0.6145559549,"19":0.6111143827,"20":0.604983449,"21":0.6099522114,"22":0.6115344167,"23":0.6102679372,"24":0.6145744324,"25":0.6100090146,"26":0.6147133112,"27":0.6233881712,"28":0.6191568375,"29":0.6161955595,"30":0.6177856326,"31":0.6169294715,"32":0.625556469,"33":0.6167305708,"34":0.6219398975,"35":0.6151152849,"36":0.6242583394,"37":0.6218981743,"38":0.6206047535,"39":0.6209038496,"40":0.6215386987,"41":0.6246554852,"42":0.6258999109,"43":0.6268725395,"44":0.629694581,"45":0.6282151341,"46":0.6380854249,"47":0.6281020641,"48":0.6352870464,"49":0.6427437067,"50":0.6409361959,"51":0.6352015734,"52":0.6392120123,"53":0.6376982927,"54":0.6412038803,"55":0.6348108053,"56":0.6429226398,"57":0.645488143,"58":0.6455497742,"59":0.6453186274,"60":0.6412615776,"61":0.6410086751},"val_loss":{"0":49.9831428528,"1":46.6374092102,"2":43.4949989319,"3":40.5470428467,"4":37.7731666565,"5":35.1487388611,"6":32.6829605103,"7":30.3530349731,"8":28.1620597839,"9":26.0931396484,"10":24.1248645782,"11":22.2803688049,"12":20.5487003326,"13":18.9152984619,"14":17.3722724915,"15":15.9244441986,"16":14.569642067,"17":13.3082771301,"18":12.11997509,"19":11.0083398819,"20":9.9767475128,"21":9.0305423737,"22":8.1549034119,"23":7.3344745636,"24":6.5791635513,"25":5.8937301636,"26":5.2627930641,"27":4.674094677,"28":4.1459379196,"29":3.6791327,"30":3.2511014938,"31":2.8620655537,"32":2.5228462219,"33":2.2149722576,"34":1.9509831667,"35":1.7162868977,"36":1.5135983229,"37":1.3458579779,"38":1.1954416037,"39":1.0694869757,"40":0.9555337429,"41":0.8737393618,"42":0.8174598217,"43":0.7652443051,"44":0.7200908065,"45":0.670906961,"46":0.6304704547,"47":0.6289998889,"48":0.62883991,"49":0.615655005,"50":0.6108827591,"51":0.605050385,"52":0.6422812939,"53":0.5947552323,"54":0.6658784151,"55":0.5749889612,"56":0.5945906639,"57":0.5996556878,"58":0.5711064339,"59":0.5877058506,"60":0.5727434754,"61":0.582253933},"val_acc":{"0":0.7478336096,"1":0.7478336096,"2":0.7478336096,"3":0.7478336096,"4":0.7478336096,"5":0.7478336096,"6":0.7478336096,"7":0.7478336096,"8":0.7478336096,"9":0.7478336096,"10":0.7478336096,"11":0.7478336096,"12":0.7478336096,"13":0.7525996566,"14":0.7597486973,"15":0.7610485554,"16":0.7606152296,"17":0.7610485554,"18":0.7608318925,"19":0.7608318925,"20":0.7614818215,"21":0.7606152296,"22":0.7608318925,"23":0.7606152296,"24":0.7606152296,"25":0.7608318925,"26":0.7586655021,"27":0.7606152296,"28":0.7603986263,"29":0.7606152296,"30":0.7608318925,"31":0.7606152296,"32":0.7608318925,"33":0.7608318925,"34":0.7606152296,"35":0.7606152296,"36":0.7606152296,"37":0.7590987682,"38":0.7593154311,"39":0.7603986263,"40":0.7606152296,"41":0.7601819634,"42":0.7582322359,"43":0.7593154311,"44":0.7603986263,"45":0.7595320344,"46":0.7625650167,"47":0.7603986263,"48":0.7586655021,"49":0.758882165,"50":0.7586655021,"51":0.7597486973,"52":0.7586655021,"53":0.7614818215,"54":0.7525996566,"55":0.7636481524,"56":0.7606152296,"57":0.7614818215,"58":0.7640814781,"59":0.7603986263,"60":0.7623483539,"61":0.7610485554},"val_auc":{"0":0.6755167246,"1":0.6826215982,"2":0.682461977,"3":0.6822283268,"4":0.6822776198,"5":0.682438612,"6":0.6832221746,"7":0.683190763,"8":0.683777988,"9":0.6835364699,"10":0.6835575104,"11":0.6838343143,"12":0.6837744713,"13":0.6835781336,"14":0.6841573715,"15":0.6839084029,"16":0.6843742728,"17":0.6848124266,"18":0.6845823526,"19":0.6844296455,"20":0.6852310896,"21":0.6853297949,"22":0.685598135,"23":0.685344398,"24":0.6860113144,"25":0.685590744,"26":0.6866033077,"27":0.6864029765,"28":0.6861507297,"29":0.6859096885,"30":0.6861447096,"31":0.6873420477,"32":0.6873326302,"33":0.6870462894,"34":0.6875058413,"35":0.6880433559,"36":0.6878715754,"37":0.6880655289,"38":0.6888036132,"39":0.6874222755,"40":0.6871762276,"41":0.687104702,"42":0.6866377592,"43":0.687012434,"44":0.6880894303,"45":0.688206315,"46":0.6868274212,"47":0.6875895858,"48":0.6873742342,"49":0.6887713671,"50":0.6907078028,"51":0.6902878881,"52":0.6856218576,"53":0.6904143095,"54":0.6854007244,"55":0.6914483309,"56":0.6911569834,"57":0.6912193298,"58":0.6916329861,"59":0.6904258728,"60":0.6939097643,"61":0.6918547153}}