{"loss":{"0":51.3217506409,"1":47.84765625,"2":44.5920066833,"3":41.5306053162,"4":38.672668457,"5":35.9777259827,"6":33.4398193359,"7":31.0504188538,"8":28.8075275421,"9":26.6848049164,"10":24.6844787598,"11":22.8043365479,"12":21.0269584656,"13":19.3599014282,"14":17.7899417877,"15":16.323600769,"16":14.9332885742,"17":13.6470270157,"18":12.4430437088,"19":11.31016922,"20":10.2686386108,"21":9.2938346863,"22":8.3931856155,"23":7.5530848503,"24":6.7882452011,"25":6.0769309998,"26":5.4318056107,"27":4.8360104561,"28":4.2951636314,"29":3.8120472431,"30":3.3704829216,"31":2.9736192226,"32":2.6244704723,"33":2.3068163395,"34":2.0240652561,"35":1.7875504494,"36":1.5722113848,"37":1.3853960037,"38":1.2278598547,"39":1.0955280066,"40":0.9831559062,"41":0.8921127915,"42":0.8093267679,"43":0.7547706366,"44":0.6999171376,"45":0.66733706,"46":0.6388917565,"47":0.6126511693,"48":0.5987531543,"49":0.5863869786,"50":0.5810445547,"51":0.5735152364,"52":0.5659618378,"53":0.5655708909,"54":0.5665630698,"55":0.5594895482},"acc":{"0":0.5364783406,"1":0.5651302338,"2":0.5841412544,"3":0.6132805943,"4":0.6290418506,"5":0.6455613971,"6":0.6588311791,"7":0.6745382547,"8":0.6786546111,"9":0.6891621351,"10":0.7011861801,"11":0.7056274414,"12":0.7132643461,"13":0.7192763686,"14":0.7214970589,"15":0.7200888395,"16":0.7268591523,"17":0.7309213281,"18":0.7307587862,"19":0.7319504023,"20":0.7298921943,"21":0.7351459861,"22":0.7364458442,"23":0.7377457619,"24":0.7392622828,"25":0.7431619763,"26":0.7367166877,"27":0.7414829731,"28":0.743866086,"29":0.7454368472,"30":0.7441911101,"31":0.7479282618,"32":0.7415371537,"33":0.7485782504,"34":0.750148952,"35":0.7458159328,"36":0.7476032972,"37":0.7514488697,"38":0.7500947714,"39":0.7548610568,"40":0.7542111278,"41":0.7544277906,"42":0.753723681,"43":0.7538319826,"44":0.7575150132,"45":0.7572442293,"46":0.7544819117,"47":0.7557818294,"48":0.7574067116,"49":0.7564317584,"50":0.7560526729,"51":0.7577316761,"52":0.7610355616,"53":0.7612522244,"54":0.7565942407,"55":0.7586524487},"auc":{"0":0.5593605638,"1":0.5657830238,"2":0.5686320066,"3":0.583402276,"4":0.5825579762,"5":0.5840622187,"6":0.5857845545,"7":0.5940538049,"8":0.589999795,"9":0.5964872837,"10":0.5985612869,"11":0.5968983173,"12":0.6031868458,"13":0.6005560756,"14":0.6031819582,"15":0.6004676819,"16":0.6106405258,"17":0.6043536663,"18":0.6040679812,"19":0.609428823,"20":0.604954958,"21":0.6050056219,"22":0.6040049791,"23":0.6120382547,"24":0.6063970327,"25":0.6123179197,"26":0.6084256172,"27":0.6192218065,"28":0.6206899285,"29":0.6145964861,"30":0.6196819544,"31":0.6187516451,"32":0.614530921,"33":0.6200805902,"34":0.6266927719,"35":0.6184062958,"36":0.6240825653,"37":0.6278928518,"38":0.6271812916,"39":0.6256453991,"40":0.6268783808,"41":0.6205550432,"42":0.6340469122,"43":0.625102222,"44":0.6355851889,"45":0.6259435415,"46":0.626059413,"47":0.6304149628,"48":0.6311537027,"49":0.6344556808,"50":0.6297675371,"51":0.6343150139,"52":0.6430042982,"53":0.639020443,"54":0.6339850426,"55":0.6446136832},"val_loss":{"0":49.5498352051,"1":46.1859512329,"2":43.0254707336,"3":40.0950546265,"4":37.3197669983,"5":34.744720459,"6":32.2475547791,"7":29.9127693176,"8":27.7212791443,"9":25.6738014221,"10":23.7322425842,"11":21.8640422821,"12":20.1489486694,"13":18.5255470276,"14":16.9975948334,"15":15.5777997971,"16":14.2409315109,"17":12.9987792969,"18":11.8406972885,"19":10.7688856125,"20":9.7821397781,"21":8.842042923,"22":7.9720950127,"23":7.1712436676,"24":6.4320888519,"25":5.7432994843,"26":5.1178355217,"27":4.5577936172,"28":4.0413603783,"29":3.5752570629,"30":3.151966095,"31":2.7834033966,"32":2.4615132809,"33":2.160266161,"34":1.8983048201,"35":1.6792858839,"36":1.484462738,"37":1.3223251104,"38":1.1743868589,"39":1.0640960932,"40":0.9783812761,"41":0.851678431,"42":0.787122488,"43":0.7502670884,"44":0.6948595643,"45":0.6607939005,"46":0.6304035187,"47":0.6065024137,"48":0.5956612825,"49":0.584191978,"50":0.5911822319,"51":0.5978193879,"52":0.5683748126,"53":0.5770660639,"54":0.5879781842,"55":0.5811825991},"val_acc":{"0":0.4083622098,"1":0.4757365584,"2":0.5459272265,"3":0.5448440313,"4":0.5643414259,"5":0.5197140574,"6":0.5892547369,"7":0.6085355282,"8":0.6262997985,"9":0.625649929,"10":0.6319324374,"11":0.7012565136,"12":0.703422904,"13":0.7179375887,"14":0.7361351848,"15":0.7281196117,"16":0.7370017171,"17":0.7261698246,"18":0.7224869728,"19":0.6860918403,"20":0.6488301754,"21":0.6559792161,"22":0.6611785293,"23":0.667460978,"24":0.6752599478,"25":0.7051559687,"26":0.7177209854,"27":0.7101386189,"28":0.7218371034,"29":0.7309358716,"30":0.7409012318,"31":0.7402513027,"32":0.7257365584,"33":0.7322357297,"34":0.737868309,"35":0.7246533632,"36":0.7279029489,"37":0.7194540501,"38":0.7227036357,"39":0.706022501,"40":0.6743934155,"41":0.7387348413,"42":0.7348353267,"43":0.7244367599,"44":0.727686286,"45":0.7348353267,"46":0.7476170063,"47":0.7543327808,"48":0.7523829937,"49":0.7480502725,"50":0.7389514446,"51":0.7344020605,"52":0.758882165,"53":0.7512997985,"54":0.7385181785,"55":0.7465338111},"val_auc":{"0":0.6690663099,"1":0.66941607,"2":0.6699376106,"3":0.6700491905,"4":0.670086503,"5":0.6701601744,"6":0.6701669693,"7":0.6701643467,"8":0.669999063,"9":0.6703209281,"10":0.6704493761,"11":0.6700714231,"12":0.6704375744,"13":0.6702009439,"14":0.670342505,"15":0.6704466343,"16":0.6708749533,"17":0.6705387831,"18":0.6707758307,"19":0.6709797382,"20":0.6711780429,"21":0.6713856459,"22":0.6712146997,"23":0.6716157198,"24":0.6717318892,"25":0.6716099381,"26":0.6719424725,"27":0.671761632,"28":0.6720952392,"29":0.672293663,"30":0.6723875999,"31":0.6725838184,"32":0.6724510193,"33":0.6725980639,"34":0.6728172898,"35":0.6732612848,"36":0.6732334495,"37":0.6733467579,"38":0.673411727,"39":0.6737416983,"40":0.6748357415,"41":0.6735130548,"42":0.6743298769,"43":0.6742560863,"44":0.6747131348,"45":0.6751146317,"46":0.6746295691,"47":0.6748430729,"48":0.6753087044,"49":0.6757505536,"50":0.6760518551,"51":0.672400713,"52":0.675578475,"53":0.6761980057,"54":0.6763799191,"55":0.6752820611}}