,precision,recall,f1-score,occurences
argument,0.7811387900355872,0.9799107142857143,0.8693069306930693,448.0
other,0.4,0.046511627906976744,0.08333333333333333,129.0
accuracy,0.7712305025996534,0.7712305025996534,0.7712305025996534,0.7712305025996534
macro avg,0.5905693950177936,0.5132111710963455,0.47632013201320134,577.0
weighted avg,0.6959275180865564,0.7712305025996534,0.6935866636923658,577.0
