,precision_mean,precision_std,precision_sem,recall_mean,recall_std,recall_sem,f1-score_mean,f1-score_std,f1-score_sem,occurences_mean,occurences_std,occurences_sem
argument,0.7913684501588684,0.0166453146345333,0.007444011005937705,0.9798272451840487,0.015808980426098566,0.007069990977543996,0.875360252028879,0.006826451836274094,0.003052882070207428,445.8,6.379655163094639,2.853068523537424
other,0.6612140240711669,0.17845125810111948,0.07980582875689263,0.12008438217214759,0.08748332480416364,0.039123732231960674,0.1913327585028965,0.12112707340436912,0.054169674009555246,131.2,6.379655163094632,2.8530685235374205
accuracy,0.7844020797227036,0.013004042622047846,0.005815584657040717,0.7844020797227036,0.013004042622047846,0.005815584657040717,0.7844020797227036,0.013004042622047846,0.005815584657040717,0.7844020797227036,0.013004042622047846,0.005815584657040717
macro avg,0.7262912371150175,0.08783698630255656,0.03928189446224687,0.5499558136780982,0.0372085285724642,0.01664015984615463,0.5333465052658879,0.06224274264683983,0.027835800732871806,577.0,0.0,0.0
weighted avg,0.762464678398172,0.039364199616605505,0.017604205244520214,0.7844020797227036,0.013004042622047846,0.005815584657040717,0.7199414622335737,0.03218733415082044,0.014394613435146992,577.0,0.0,0.0
