{"loss":{"0":48.9764518738,"1":23.9459533691,"2":10.9862270355,"3":4.6972355843,"4":1.96472013,"5":0.9361004829,"6":0.6289438009,"7":0.5288918018,"8":0.4983168542,"9":0.4745855331},"acc":{"0":0.6144934297,"1":0.6358473301,"2":0.6815084219,"3":0.71194911,"4":0.7326215506,"5":0.7549977303,"6":0.7615856528,"7":0.7796456218,"8":0.7931622267,"9":0.803271234},"auc":{"0":0.6512095928,"1":0.6809498072,"2":0.7370116711,"3":0.7780240774,"4":0.8010125756,"5":0.8263225555,"6":0.8358985186,"7":0.8593671322,"8":0.8688982725,"9":0.8796728849},"val_loss":{"0":33.8457946777,"1":16.1378364563,"2":7.1442070007,"3":3.054949522,"4":1.3040236235,"5":0.7691686153,"6":0.6325193048,"7":0.8092891574,"8":0.7235938311,"9":0.6434236169},"val_acc":{"0":0.5049954653,"1":0.5027247667,"2":0.5867393017,"3":0.6198909879,"4":0.71253407,"5":0.7261580229,"6":0.7406902909,"7":0.6689373255,"8":0.6975476742,"9":0.7316076159},"val_auc":{"0":0.6236473918,"1":0.7182805538,"2":0.772362709,"3":0.7719262838,"4":0.7959156036,"5":0.7985125184,"6":0.805545032,"7":0.7733345032,"8":0.8023816943,"9":0.8055977821}}