{"loss":{"0":49.5353279114,"1":24.2514953613,"2":11.1192855835,"3":4.7475614548,"4":1.963401556,"5":0.93527776,"6":0.6213698983,"7":0.5398650169,"8":0.5132775903},"acc":{"0":0.5825760961,"1":0.6500454545,"2":0.6867333055,"3":0.70127213,"4":0.7328487039,"5":0.7418218851,"6":0.7549977303,"7":0.7627214789,"8":0.774761498},"auc":{"0":0.6386352777,"1":0.707841754,"2":0.7525018454,"3":0.7684421539,"4":0.7987765074,"5":0.8134703636,"6":0.8280693293,"7":0.8387547731,"8":0.8487983942},"val_loss":{"0":34.4306640625,"1":16.2883205414,"2":7.2302794456,"3":3.0868396759,"4":1.5093621016,"5":0.9500768781,"6":0.955414176,"7":1.0461623669,"8":0.9858377576},"val_acc":{"0":0.5045413375,"1":0.5277020931,"2":0.5408719182,"3":0.5976384878,"4":0.5231607556,"5":0.5445050001,"6":0.5254314542,"7":0.5154405236,"8":0.5122615695},"val_auc":{"0":0.6892494559,"1":0.7345733047,"2":0.747115612,"3":0.7531204224,"4":0.7684000731,"5":0.7641434073,"6":0.7595344782,"7":0.7618073821,"8":0.7841578722}}