{"loss":{"0":49.1802558899,"1":24.0591678619,"2":11.0369777679,"3":4.7053346634,"4":1.9521156549,"5":0.9233120084,"6":0.6107724309,"7":0.5246121287,"8":0.4893811047,"9":0.47286129,"10":0.4415834248},"acc":{"0":0.6039300561,"1":0.6467514634,"2":0.682076335,"3":0.7080872059,"4":0.721263051,"5":0.7413675785,"6":0.7628350854,"7":0.7713539004,"8":0.7883916497,"9":0.7930486202,"10":0.8136074543},"auc":{"0":0.6495963335,"1":0.6978173852,"2":0.7393315434,"3":0.771851778,"4":0.792519331,"5":0.8153723478,"6":0.8316512108,"7":0.848564744,"8":0.8637366295,"9":0.8721325397,"10":0.8898977637},"val_loss":{"0":34.1452484131,"1":16.3573570251,"2":7.2517442703,"3":3.363601923,"4":1.6016716957,"5":1.3158247471,"6":0.7374298573,"7":0.7055040002,"8":0.7755959034,"9":0.723577857,"10":0.7744033933},"val_acc":{"0":0.4891008139,"1":0.4891008139,"2":0.5108991861,"3":0.4895549417,"4":0.5154405236,"5":0.4900090694,"6":0.6952770352,"7":0.7029972672,"8":0.6698455811,"9":0.7061762214,"10":0.6598546505},"val_auc":{"0":0.6815685034,"1":0.7232501507,"2":0.7349914312,"3":0.7547037601,"4":0.7769870758,"5":0.7637004852,"6":0.7880635262,"7":0.7820777297,"8":0.788847208,"9":0.7955027819,"10":0.7996504307}}