{"loss":{"0":48.9751052856,"1":23.9767398834,"2":11.0172510147,"3":4.7085180283,"4":1.9619426727,"5":0.9404268861,"6":0.6266040802,"7":0.5478739142,"8":0.5205330253,"9":0.4944740534,"10":0.476534158,"11":0.4601457417,"12":0.4405810237,"13":0.4252828956},"acc":{"0":0.6080190539,"1":0.6342571378,"2":0.6651521921,"3":0.7083144188,"4":0.7298954725,"5":0.7376192808,"6":0.7546569705,"7":0.7595410943,"8":0.7676056623,"9":0.784075439,"10":0.7910040617,"11":0.801340282,"12":0.8111085892,"13":0.8212176561},"auc":{"0":0.6388990283,"1":0.6756772399,"2":0.7230672836,"3":0.77011168,"4":0.7933398485,"5":0.8092782497,"6":0.8249428868,"7":0.8346418142,"8":0.8448098302,"9":0.8588503599,"10":0.8688373566,"11":0.8770372868,"12":0.8869395256,"13":0.8947156072},"val_loss":{"0":33.8599624634,"1":16.112827301,"2":7.1230301857,"3":2.9516637325,"4":1.3538240194,"5":0.8228785992,"6":0.6571568251,"7":0.6771318913,"8":0.657743156,"9":0.6028801799,"10":0.6000916958,"11":0.6158459187,"12":0.6639133692,"13":0.7947978377},"val_acc":{"0":0.5263397098,"1":0.5158946514,"2":0.6017256975,"3":0.6898274422,"4":0.6834695935,"5":0.6775658727,"6":0.6889191866,"7":0.662125349,"8":0.6784741282,"9":0.7061762214,"10":0.6961852908,"11":0.6839237213,"12":0.6702997088,"13":0.6017256975},"val_auc":{"0":0.6672486067,"1":0.7202892303,"2":0.7460754514,"3":0.7555405498,"4":0.7253851891,"5":0.7199184895,"6":0.7484987378,"7":0.7164914608,"8":0.7488574982,"9":0.7720466852,"10":0.7660865784,"11":0.7604254484,"12":0.7431650162,"13":0.7438756227}}