,loss,acc,auc,val_loss,val_acc,val_auc
0,49.53532791137695,0.5825760960578918,0.6386352777481079,34.4306640625,0.5045413374900818,0.6892494559288025
1,24.251495361328125,0.6500454545021057,0.7078417539596558,16.288320541381836,0.5277020931243896,0.7345733046531677
2,11.119285583496094,0.6867333054542542,0.7525018453598022,7.230279445648193,0.5408719182014465,0.7471156120300293
3,4.747561454772949,0.7012721300125122,0.7684421539306641,3.0868396759033203,0.5976384878158569,0.7531204223632812
4,1.9634015560150146,0.7328487038612366,0.7987765073776245,1.5093621015548706,0.5231607556343079,0.7684000730514526
5,0.9352777600288391,0.7418218851089478,0.8134703636169434,0.9500768780708313,0.5445050001144409,0.7641434073448181
6,0.6213698983192444,0.754997730255127,0.8280693292617798,0.9554141759872437,0.5254314541816711,0.759534478187561
7,0.5398650169372559,0.7627214789390564,0.8387547731399536,1.0461623668670654,0.5154405236244202,0.761807382106781
8,0.5132775902748108,0.7747614979743958,0.848798394203186,0.9858377575874329,0.5122615694999695,0.7841578722000122
