{"loss":{"0":48.5095062256,"1":23.6006965637,"2":10.7769384384,"3":4.596470356,"4":1.9113231897,"5":0.9186358452,"6":0.6098757386,"7":0.5297056437,"8":0.5033009052,"9":0.4849976599,"10":0.4640428126},"acc":{"0":0.5683780313,"1":0.6173330545,"2":0.6800317764,"3":0.7122898698,"4":0.7389822602,"5":0.7501136065,"6":0.7569286823,"7":0.76601547,"8":0.7819173336,"9":0.7889595628,"10":0.7996365428},"auc":{"0":0.6315783858,"1":0.6742814183,"2":0.7421278358,"3":0.7735223174,"4":0.8020097017,"5":0.8157778382,"6":0.8328763843,"7":0.844840765,"8":0.8547816277,"9":0.8640022278,"10":0.8758305907},"val_loss":{"0":33.3207817078,"1":15.7060623169,"2":6.9026784897,"3":2.8720524311,"4":1.2920136452,"5":0.7596286535,"6":0.6374920011,"7":0.6290508509,"8":0.6533076763,"9":0.6391232014,"10":0.6605918407},"val_acc":{"0":0.6058129072,"1":0.6394187212,"2":0.664395988,"3":0.7120799422,"4":0.698001802,"5":0.7043596506,"6":0.7134423256,"7":0.6961852908,"8":0.7098092437,"9":0.6952770352,"10":0.703451395},"val_auc":{"0":0.6915109158,"1":0.7404239774,"2":0.7557482719,"3":0.7694033384,"4":0.7704844475,"5":0.778450489,"6":0.782550931,"7":0.7733693123,"8":0.7818951607,"9":0.7805892825,"10":0.7743100524}}