,precision_mean,precision_std,precision_sem,recall_mean,recall_std,recall_sem,f1-score_mean,f1-score_std,f1-score_sem,occurences_mean,occurences_std,occurences_sem
argument,0.6400120304894064,0.03418470894440684,0.015287866598147752,0.617302522795231,0.207378408233813,0.09274244357530159,0.6087533212372576,0.11403733746584938,0.05099904770934456,291.4,7.05691150575094,3.1559467676119
other,0.6005104151671838,0.06680021241647313,0.02987396317493188,0.599166901212229,0.17824314310332035,0.07971275690044942,0.5798928395750885,0.07338874908571834,0.03282044634786835,259.6,7.05691150575094,3.1559467676119
accuracy,0.6072595281306714,0.038319376431471396,0.01713694611123467,0.6072595281306714,0.038319376431471396,0.01713694611123467,0.6072595281306714,0.038319376431471396,0.01713694611123467,0.6072595281306714,0.038319376431471396,0.01713694611123467
macro avg,0.6202612228282951,0.02413268311711139,0.010792463985864515,0.6082347120037301,0.032249935681843034,0.01442260969091941,0.594323080406173,0.048401789775571524,0.021645938434166442,551.0,0.0,0.0
weighted avg,0.6220202858059077,0.02222390570631615,0.009938832776973678,0.6072595281306714,0.038319376431471396,0.01713694611123467,0.5946982642668638,0.05071014690701344,0.022678267126616553,551.0,0.0,0.0
