{"loss":{"0":50.7719726562,"1":47.329246521,"2":44.1129684448,"3":41.1103515625,"4":38.2755088806,"5":35.6099357605,"6":33.1078643799,"7":30.7429428101,"8":28.5252437592,"9":26.4231834412,"10":24.4535827637,"11":22.5911064148,"12":20.844783783,"13":19.1916637421,"14":17.6420135498,"15":16.188079834,"16":14.8207178116,"17":13.5464954376,"18":12.3501377106,"19":11.2397956848,"20":10.1945972443,"21":9.2285919189,"22":8.3380479813,"23":7.5088968277,"24":6.7389864922,"25":6.0419998169,"26":5.3947753906,"27":4.807492733,"28":4.2760472298,"29":3.7890870571,"30":3.3473351002,"31":2.9559011459,"32":2.603012085,"33":2.2856502533,"34":2.0101060867,"35":1.7682155371,"36":1.5578222275,"37":1.3775858879,"38":1.2155550718,"39":1.0823148489,"40":0.9668744206,"41":0.8786973357,"42":0.7980865836,"43":0.7370858192,"44":0.6905814409,"45":0.6533235312,"46":0.6228792667,"47":0.6007531881,"48":0.5810295343,"49":0.5740545392,"50":0.5636071563,"51":0.5612207651,"52":0.5551244617,"53":0.5515056849,"54":0.5499364734,"55":0.5526601076,"56":0.5496296883,"57":0.5497811437,"58":0.5484218001,"59":0.5417143703,"60":0.5457873344,"61":0.5403854251,"62":0.5414093137,"63":0.5415785313},"acc":{"0":0.4659047723,"1":0.5052808523,"2":0.5385906696,"3":0.5613389015,"4":0.5818122625,"5":0.6025022864,"6":0.6287710667,"7":0.648540318,"8":0.6588311791,"9":0.6756756902,"10":0.6871039271,"11":0.6971781254,"12":0.698694706,"13":0.7074689865,"14":0.7159183025,"15":0.722796917,"16":0.7235010266,"17":0.7235552073,"18":0.7264258265,"19":0.7304338217,"20":0.7316254377,"21":0.7331419587,"22":0.7365542054,"23":0.7393706441,"24":0.7437036037,"25":0.7405080199,"26":0.7445160747,"27":0.7442452312,"28":0.7407246828,"29":0.7437036037,"30":0.7488490343,"31":0.749499023,"32":0.7457618117,"33":0.7536695004,"34":0.7503114343,"35":0.7510697246,"36":0.7519904971,"37":0.7555110455,"38":0.7540486455,"39":0.7583816051,"40":0.7593565583,"41":0.7554026842,"42":0.7602231503,"43":0.7576233745,"44":0.75437361,"45":0.7575150132,"46":0.7565401196,"47":0.7612522244,"48":0.7601689696,"49":0.7604939342,"50":0.7616313696,"51":0.7608189583,"52":0.7602231503,"53":0.7627146244,"54":0.7614688873,"55":0.7629312873,"56":0.7640145421,"57":0.7627146244,"58":0.7634729147,"59":0.7654227614,"60":0.7654227614,"61":0.7649352551,"62":0.7659643888,"63":0.764285326},"auc":{"0":0.5476186275,"1":0.5682963133,"2":0.5815891027,"3":0.5682586432,"4":0.5686620474,"5":0.5776855946,"6":0.575298667,"7":0.5846048594,"8":0.5777750015,"9":0.5823106766,"10":0.5816181898,"11":0.5813558102,"12":0.5838978291,"13":0.5879109502,"14":0.5927017927,"15":0.584104538,"16":0.5938441753,"17":0.5950325727,"18":0.5948348045,"19":0.592068553,"20":0.6009089351,"21":0.6035786867,"22":0.5969327688,"23":0.5993697643,"24":0.6120951176,"25":0.6026710868,"26":0.6095527411,"27":0.6082772613,"28":0.6049901843,"29":0.6083528996,"30":0.6144522429,"31":0.6112823486,"32":0.6141475439,"33":0.6179946661,"34":0.623486042,"35":0.6201533675,"36":0.6175391674,"37":0.6146403551,"38":0.6241236925,"39":0.6225042343,"40":0.630147934,"41":0.6245181561,"42":0.629389286,"43":0.6306580901,"44":0.6313125491,"45":0.6305265427,"46":0.6326815486,"47":0.6327515841,"48":0.6380783916,"49":0.6365804076,"50":0.6377649903,"51":0.635822773,"52":0.640327692,"53":0.6416703463,"54":0.6430081129,"55":0.6366989613,"56":0.6387376785,"57":0.6363361478,"58":0.6376867294,"59":0.6461343765,"60":0.6409963965,"61":0.6503980756,"62":0.6468948126,"63":0.6458616257},"val_loss":{"0":49.5674705505,"1":46.4997673035,"2":43.3638801575,"3":40.2828483582,"4":37.6339988708,"5":34.9900856018,"6":32.4129943848,"7":30.0077419281,"8":27.7117576599,"9":25.6010684967,"10":23.6335525513,"11":21.7751960754,"12":20.0517539978,"13":18.4531440735,"14":16.9559593201,"15":15.5279560089,"16":14.1814451218,"17":12.9456539154,"18":11.7994403839,"19":10.7293167114,"20":9.7177381516,"21":8.7878046036,"22":7.9401240349,"23":7.1605243683,"24":6.4435257912,"25":5.773214817,"26":5.153881073,"27":4.5882153511,"28":4.1075196266,"29":3.6276648045,"30":3.2202494144,"31":2.8657898903,"32":2.5288183689,"33":2.2342038155,"34":1.9814964533,"35":1.7515587807,"36":1.5427025557,"37":1.3882291317,"38":1.2383518219,"39":1.1130301952,"40":1.0188276768,"41":0.9317080975,"42":0.8690593839,"43":0.8159934878,"44":0.7599412203,"45":0.7151834369,"46":0.7121233344,"47":0.6622157693,"48":0.655777812,"49":0.668561995,"50":0.6552483439,"51":0.6317939162,"52":0.6144021749,"53":0.5932617188,"54":0.6029322743,"55":0.6056788564,"56":0.5923075676,"57":0.6052159071,"58":0.583802402,"59":0.6118245721,"60":0.5820660591,"61":0.618981719,"62":0.633700192,"63":0.6360257268},"val_acc":{"0":0.2506498992,"1":0.2506498992,"2":0.2506498992,"3":0.2506498992,"4":0.2506498992,"5":0.2506498992,"6":0.2506498992,"7":0.2506498992,"8":0.2506498992,"9":0.2647313774,"10":0.3420710564,"11":0.5420277119,"12":0.582539022,"13":0.5877382755,"14":0.5827556252,"15":0.6104852557,"16":0.6704939604,"17":0.6841421127,"18":0.6659445167,"19":0.6626949906,"20":0.6789427996,"21":0.6789427996,"22":0.651429832,"23":0.6239168048,"24":0.6003032923,"25":0.6016030908,"26":0.6189341545,"27":0.6304159164,"28":0.5762565136,"29":0.6193674207,"30":0.6068024039,"31":0.5792894363,"32":0.5892547369,"33":0.5933708549,"34":0.5795060396,"35":0.5903379321,"36":0.6165511012,"37":0.5844887495,"38":0.5994367599,"39":0.6107019186,"40":0.5907712579,"41":0.5974869728,"42":0.5903379321,"43":0.591204524,"44":0.6230502725,"45":0.6414644718,"46":0.6037694812,"47":0.6949740052,"48":0.6609618664,"49":0.6167677641,"50":0.6436308622,"51":0.6988734603,"52":0.7159878612,"53":0.7528163195,"54":0.7491334677,"55":0.7391681075,"56":0.7519497275,"57":0.7443674207,"58":0.7510831952,"59":0.7484835386,"60":0.7584488988,"61":0.7220537066,"62":0.7042894363,"63":0.7012565136},"val_auc":{"0":0.6648053527,"1":0.6646282673,"2":0.6631741524,"3":0.6635960937,"4":0.6580212116,"5":0.6528230906,"6":0.6608997583,"7":0.6686059237,"8":0.6714365482,"9":0.6713446975,"10":0.6707635522,"11":0.6713545322,"12":0.6719939709,"13":0.672221303,"14":0.672690928,"15":0.672606349,"16":0.6728422642,"17":0.6735373735,"18":0.6735603809,"19":0.6738618016,"20":0.6741719842,"21":0.6741542816,"22":0.67385602,"23":0.6738158464,"24":0.6744801998,"25":0.6744838953,"26":0.6748740673,"27":0.6749536991,"28":0.674908042,"29":0.6758890152,"30":0.6759110093,"31":0.6766419411,"32":0.6773810387,"33":0.6783144474,"34":0.6787008047,"35":0.6797612309,"36":0.6801604033,"37":0.6810919046,"38":0.6833050251,"39":0.6833446026,"40":0.6832056642,"41":0.6849563122,"42":0.6861082315,"43":0.6870030761,"44":0.6863201261,"45":0.6845846176,"46":0.6854964495,"47":0.686288178,"48":0.6872845292,"49":0.687600255,"50":0.6892663836,"51":0.6886177063,"52":0.6887913942,"53":0.6896867752,"54":0.688814044,"55":0.6885920763,"56":0.6889415979,"57":0.6886672974,"58":0.6853274107,"59":0.6878371239,"60":0.6859180927,"61":0.687549293,"62":0.6864904761,"63":0.683824122}}