{"loss":{"0":49.8614234924,"1":46.4854316711,"2":43.3378944397,"3":40.3828125,"4":37.6069374084,"5":35.0098190308,"6":32.5437850952,"7":30.2278213501,"8":28.0477771759,"9":25.9948234558,"10":24.0563755035,"11":22.2297515869,"12":20.5136203766,"13":18.891166687,"14":17.376329422,"15":15.9400424957,"16":14.6011972427,"17":13.3437252045,"18":12.1693477631,"19":11.0740175247,"20":10.0503377914,"21":9.1037750244,"22":8.2201566696,"23":7.4006729126,"24":6.6574611664,"25":5.9646854401,"26":5.3290143013,"27":4.7563347816,"28":4.2296414375,"29":3.7485647202,"30":3.3162903786,"31":2.9315109253,"32":2.5789263248,"33":2.2723295689,"34":1.9999346733,"35":1.7638959885,"36":1.5495877266,"37":1.3734015226,"38":1.2164273262,"39":1.0831615925,"40":0.9730826616,"41":0.8767232895,"42":0.8094823956,"43":0.7440978289,"44":0.6969724894,"45":0.6535750031,"46":0.6252509356,"47":0.6070902944,"48":0.5858178735,"49":0.5788999796,"50":0.5677314997,"51":0.5618777275,"52":0.5575504303,"53":0.5587570071,"54":0.5550149679,"55":0.552501142,"56":0.5504714847,"57":0.5521554351,"58":0.5504488945,"59":0.5466172099},"acc":{"0":0.558955729,"1":0.5949195623,"2":0.6142013669,"3":0.6331582069,"4":0.6484861374,"5":0.6565563679,"6":0.6726425886,"7":0.6834750772,"8":0.695119977,"9":0.7012944818,"10":0.7088230252,"11":0.7174890041,"12":0.7168932557,"13":0.7216053605,"14":0.7245842814,"15":0.726154983,"16":0.7314087749,"17":0.7298921943,"18":0.7329252958,"19":0.7321670651,"20":0.7373666167,"21":0.7390456796,"22":0.7373124361,"23":0.7407788634,"24":0.7404538989,"25":0.7413746119,"26":0.7460325956,"27":0.7452743053,"28":0.7448410392,"29":0.7468991876,"30":0.7470616698,"31":0.7464117408,"32":0.7475491762,"33":0.7477116585,"34":0.7518279552,"35":0.7491739988,"36":0.7497156262,"37":0.7473325133,"38":0.7531820536,"39":0.7514488697,"40":0.7502031326,"41":0.7530195713,"42":0.7524237633,"43":0.7504197359,"44":0.7512863278,"45":0.7567026019,"46":0.7543194294,"47":0.7554026842,"48":0.7581108212,"49":0.7574067116,"50":0.7582733035,"51":0.7585440874,"52":0.7588149309,"53":0.7563234568,"54":0.760710597,"55":0.7628771067,"56":0.7584899664,"57":0.7626604438,"58":0.760656476,"59":0.7591398954},"auc":{"0":0.5551146269,"1":0.5702106953,"2":0.5777854323,"3":0.5795845985,"4":0.5872802734,"5":0.578448832,"6":0.5912142992,"7":0.5921794176,"8":0.5935009718,"9":0.5913001299,"10":0.5989590883,"11":0.6005184054,"12":0.5983242989,"13":0.6044870019,"14":0.5938351154,"15":0.6028318405,"16":0.6035827398,"17":0.6051857471,"18":0.6093758345,"19":0.6053650975,"20":0.6090189219,"21":0.605833292,"22":0.6151404381,"23":0.6185213327,"24":0.6100195646,"25":0.6122386456,"26":0.6178107262,"27":0.6140152216,"28":0.614941299,"29":0.6177384257,"30":0.6205686331,"31":0.6189292073,"32":0.6247475147,"33":0.6240474582,"34":0.6210355759,"35":0.6222916245,"36":0.6244515181,"37":0.6211224794,"38":0.6266040802,"39":0.6257329583,"40":0.6253738403,"41":0.6315675974,"42":0.6217162609,"43":0.6289863586,"44":0.6277428269,"45":0.6359259486,"46":0.6339073181,"47":0.629230082,"48":0.6379883885,"49":0.6320225,"50":0.636479795,"51":0.6399282217,"52":0.6424591541,"53":0.6373095512,"54":0.6405497789,"55":0.6453617215,"56":0.6447292566,"57":0.6416730881,"58":0.6412363052,"59":0.6470025182},"val_loss":{"0":47.8773040771,"1":44.6524505615,"2":41.6242980957,"3":38.7766838074,"4":36.1030578613,"5":33.5866355896,"6":31.2162036896,"7":28.9797687531,"8":26.8723258972,"9":24.8824653625,"10":23.0081138611,"11":21.2419567108,"12":19.5775680542,"13":18.0110244751,"14":16.5397186279,"15":15.160610199,"16":13.8658666611,"17":12.6539916992,"18":11.5217838287,"19":10.4663734436,"20":9.4833536148,"21":8.5707578659,"22":7.7276616096,"23":6.947927475,"24":6.2281146049,"25":5.5678019524,"26":4.9607515335,"27":4.410132885,"28":3.9084231853,"29":3.4577224255,"30":3.0483295918,"31":2.6852121353,"32":2.3579192162,"33":2.0699110031,"34":1.8160946369,"35":1.5901515484,"36":1.3961890936,"37":1.2303771973,"38":1.0887672901,"39":0.9688997865,"40":0.8672701716,"41":0.7878107429,"42":0.7191590667,"43":0.6650503874,"44":0.6244450808,"45":0.5909212232,"46":0.565343082,"47":0.5467100143,"48":0.5355064273,"49":0.5327535868,"50":0.5204893351,"51":0.5168162584,"52":0.513237834,"53":0.5143432617,"54":0.5126090646,"55":0.510514617,"56":0.5097683668,"57":0.5113945603,"58":0.5109606385,"59":0.50970608},"val_acc":{"0":0.7846620679,"1":0.7766464353,"2":0.7770797014,"3":0.7848786712,"4":0.7853119373,"5":0.7879115939,"6":0.7853119373,"7":0.7866117954,"8":0.7846620679,"9":0.7850953341,"10":0.7857452631,"11":0.7853119373,"12":0.7861785293,"13":0.7859618664,"14":0.7861785293,"15":0.7848786712,"16":0.7848786712,"17":0.7850953341,"18":0.7857452631,"19":0.7848786712,"20":0.7857452631,"21":0.7848786712,"22":0.7835788727,"23":0.7829289436,"24":0.7835788727,"25":0.7835788727,"26":0.7855286002,"27":0.7850953341,"28":0.7853119373,"29":0.7840121388,"30":0.7840121388,"31":0.7835788727,"32":0.7842287421,"33":0.7842287421,"34":0.7835788727,"35":0.784445405,"36":0.784445405,"37":0.7842287421,"38":0.7833622098,"39":0.7822790146,"40":0.783795476,"41":0.7827122808,"42":0.783795476,"43":0.7827122808,"44":0.7831456065,"45":0.7829289436,"46":0.784445405,"47":0.784445405,"48":0.7827122808,"49":0.7811958194,"50":0.7827122808,"51":0.7848786712,"52":0.784445405,"53":0.7833622098,"54":0.7831456065,"55":0.7846620679,"56":0.7840121388,"57":0.7853119373,"58":0.7850953341,"59":0.7853119373},"val_auc":{"0":0.6576227546,"1":0.6586914062,"2":0.6610352993,"3":0.6664927006,"4":0.6664255857,"5":0.6673830152,"6":0.6681115627,"7":0.668804884,"8":0.667866528,"9":0.668692708,"10":0.6692869663,"11":0.6685279608,"12":0.6686950922,"13":0.6691965461,"14":0.669475913,"15":0.6697509289,"16":0.6695219278,"17":0.6698945761,"18":0.670924902,"19":0.6710370183,"20":0.6713337898,"21":0.6718277931,"22":0.6719309092,"23":0.67212677,"24":0.6724889278,"25":0.6724021435,"26":0.6730067134,"27":0.6733524203,"28":0.6730238199,"29":0.6733477116,"30":0.6735101938,"31":0.6733542681,"32":0.6737716198,"33":0.6737772226,"34":0.6736782789,"35":0.6741250753,"36":0.6742825508,"37":0.6740802526,"38":0.6746866703,"39":0.6752542853,"40":0.675583005,"41":0.6757569313,"42":0.6756078005,"43":0.6758238077,"44":0.6758273244,"45":0.6763279438,"46":0.6766434312,"47":0.6751691103,"48":0.6764805317,"49":0.6759642959,"50":0.6783048511,"51":0.6777231097,"52":0.678788662,"53":0.6784456968,"54":0.6784623861,"55":0.6779669523,"56":0.6802651286,"57":0.6784654856,"58":0.6767272949,"59":0.6786080599}}