{"loss":{"0":53.5492706299,"1":53.1703224182,"2":52.7788314819,"3":52.4113960266,"4":52.0679855347,"5":51.7133789062,"6":51.3913574219,"7":51.0438995361,"8":50.688129425,"9":50.3608856201,"10":50.0026397705,"11":49.6977233887,"12":49.3360748291,"13":49.0214653015,"14":48.6854286194,"15":48.3596153259,"16":48.0367240906,"17":47.7237968445,"18":47.3818626404,"19":47.0948371887,"20":46.7574310303,"21":46.4389305115,"22":46.1085662842,"23":45.8415489197,"24":45.5079193115,"25":45.225566864,"26":44.8889274597,"27":44.6242485046,"28":44.269241333,"29":43.9914512634,"30":43.7157669067,"31":43.3913345337,"32":43.1027565002,"33":42.8181533813,"34":42.5128250122,"35":42.2586631775,"36":41.9729995728,"37":41.6621932983,"38":41.3953437805,"39":41.1124420166,"40":40.8590736389,"41":40.5457077026,"42":40.282333374,"43":39.992401123,"44":39.6930961609,"45":39.4271278381,"46":39.1951026917,"47":38.913066864,"48":38.6603889465,"49":38.350894928,"50":38.122467041,"51":37.8395423889,"52":37.6051712036,"53":37.3109779358,"54":37.0491943359,"55":36.8306274414,"56":36.5667648315,"57":36.2947769165,"58":36.0410079956,"59":35.8395805359,"60":35.568145752,"61":35.2892150879,"62":35.0295181274,"63":34.8095436096,"64":34.57579422,"65":34.322265625,"66":34.0895805359,"67":33.8499984741,"68":33.6276817322,"69":33.3704833984,"70":33.1169967651,"71":32.9004974365,"72":32.6380500793,"73":32.4455070496,"74":32.2143096924},"acc":{"0":0.5051136613,"1":0.5221590996,"2":0.5528408885,"3":0.5363636613,"4":0.5392045379,"5":0.5482954383,"6":0.5454545617,"7":0.5534090996,"8":0.5488636494,"9":0.5397727489,"10":0.5715909004,"11":0.5443181992,"12":0.5596590638,"13":0.5443181992,"14":0.5710227489,"15":0.5772727132,"16":0.5721591115,"17":0.5647727251,"18":0.5596590638,"19":0.5664772987,"20":0.5625,"21":0.5704545379,"22":0.5829545259,"23":0.5647727251,"24":0.5767045617,"25":0.5528408885,"26":0.5789772868,"27":0.5545454621,"28":0.5846590996,"29":0.5806818008,"30":0.5528408885,"31":0.5795454383,"32":0.5681818128,"33":0.5607954264,"34":0.5789772868,"35":0.5681818128,"36":0.5653409362,"37":0.5715909004,"38":0.5715909004,"39":0.5642045736,"40":0.5647727251,"41":0.5687500238,"42":0.5539772511,"43":0.5897727013,"44":0.5863636136,"45":0.5857954621,"46":0.5619317889,"47":0.5693181753,"48":0.5681818128,"49":0.6011363864,"50":0.5886363387,"51":0.5806818008,"52":0.5590909123,"53":0.6005681753,"54":0.5784090757,"55":0.5698863864,"56":0.5874999762,"57":0.5852272511,"58":0.5994318128,"59":0.5755681992,"60":0.5818181634,"61":0.5812500119,"62":0.5903409123,"63":0.572727263,"64":0.583522737,"65":0.5852272511,"66":0.5886363387,"67":0.5869318247,"68":0.5812500119,"69":0.6022727489,"70":0.5988636613,"71":0.5982954502,"72":0.5914772749,"73":0.5829545259,"74":0.5857954621},"auc":{"0":0.4960171282,"1":0.5201826692,"2":0.5585767031,"3":0.5664325356,"4":0.5591250658,"5":0.5830777884,"6":0.5665132999,"7":0.5751489997,"8":0.5707205534,"9":0.5608461499,"10":0.5900685787,"11":0.566357851,"12":0.5905082226,"13":0.5726815462,"14":0.5801514387,"15":0.5855994225,"16":0.5875430107,"17":0.5866888762,"18":0.5949934721,"19":0.579980135,"20":0.5977452993,"21":0.595990479,"22":0.6087185144,"23":0.5817284584,"24":0.6034706235,"25":0.5787211657,"26":0.6050179005,"27":0.5733430982,"28":0.6167072654,"29":0.6027315855,"30":0.5851682425,"31":0.6048924327,"32":0.5891032815,"33":0.5966874361,"34":0.6039355993,"35":0.5994794369,"36":0.5868531466,"37":0.6029883623,"38":0.5988321304,"39":0.5971770287,"40":0.583915174,"41":0.6043215394,"42":0.5889738798,"43":0.6134388447,"44":0.6184983253,"45":0.6241157055,"46":0.5966073275,"47":0.6054420471,"48":0.5938620567,"49":0.6293076277,"50":0.606973052,"51":0.6160031557,"52":0.6020488739,"53":0.6253989935,"54":0.6239546537,"55":0.6092238426,"56":0.6136496067,"57":0.6141552925,"58":0.6248618364,"59":0.6018839478,"60":0.6134698391,"61":0.6270724535,"62":0.6341737509,"63":0.6177922487,"64":0.6217621565,"65":0.6244395971,"66":0.6223253012,"67":0.6185849309,"68":0.6199328899,"69":0.6261833906,"70":0.6381804943,"71":0.629899919,"72":0.6410131454,"73":0.6157393456,"74":0.628079772},"val_loss":{"0":53.0750198364,"1":52.7108764648,"2":52.3718948364,"3":52.0367469788,"4":51.6984214783,"5":51.3705596924,"6":51.0666275024,"7":50.7191085815,"8":50.3911476135,"9":50.0672340393,"10":49.7558631897,"11":49.4369392395,"12":49.1191711426,"13":48.8017730713,"14":48.4819831848,"15":48.1564178467,"16":47.8429069519,"17":47.5199699402,"18":47.2078857422,"19":46.897808075,"20":46.5766296387,"21":46.2642822266,"22":45.9699821472,"23":45.6640739441,"24":45.3573570251,"25":45.0626487732,"26":44.7704925537,"27":44.4752960205,"28":44.1861419678,"29":43.8952560425,"30":43.6122245789,"31":43.3271560669,"32":43.030708313,"33":42.7383460999,"34":42.4290008545,"35":42.1468162537,"36":41.8593406677,"37":41.5745582581,"38":41.2883300781,"39":41.0208511353,"40":40.7435913086,"41":40.469455719,"42":40.1970825195,"43":39.9251403809,"44":39.6420478821,"45":39.3872871399,"46":39.1434593201,"47":38.8763580322,"48":38.6106452942,"49":38.3497123718,"50":38.0910224915,"51":37.837348938,"52":37.5809898376,"53":37.3186187744,"54":37.0744552612,"55":36.8256378174,"56":36.5599098206,"57":36.2946166992,"58":36.0325813293,"59":35.7810020447,"60":35.5326194763,"61":35.2925338745,"62":35.0451202393,"63":34.8071937561,"64":34.5452270508,"65":34.2958755493,"66":34.0535545349,"67":33.813911438,"68":33.5854454041,"69":33.3413619995,"70":33.1015586853,"71":32.85338974,"72":32.6207695007,"73":32.3988075256,"74":32.161239624},"val_acc":{"0":0.5419501066,"1":0.571428597,"2":0.5736961365,"3":0.5804988742,"4":0.5759637356,"5":0.5646258593,"6":0.5396825671,"7":0.5396825671,"8":0.537414968,"9":0.5419501066,"10":0.5396825671,"11":0.5419501066,"12":0.5396825671,"13":0.5328798294,"14":0.5328798294,"15":0.5396825671,"16":0.5396825671,"17":0.5351473689,"18":0.5306122303,"19":0.5306122303,"20":0.5283446908,"21":0.5283446908,"22":0.5283446908,"23":0.5283446908,"24":0.5260770917,"25":0.5283446908,"26":0.5260770917,"27":0.5283446908,"28":0.5283446908,"29":0.5283446908,"30":0.5260770917,"31":0.5260770917,"32":0.5283446908,"33":0.5306122303,"34":0.5396825671,"35":0.5306122303,"36":0.5283446908,"37":0.5283446908,"38":0.5328798294,"39":0.5283446908,"40":0.5283446908,"41":0.5328798294,"42":0.5283446908,"43":0.5260770917,"44":0.5260770917,"45":0.5260770917,"46":0.5238095522,"47":0.5238095522,"48":0.5238095522,"49":0.5238095522,"50":0.5238095522,"51":0.5238095522,"52":0.5238095522,"53":0.5238095522,"54":0.5238095522,"55":0.5238095522,"56":0.5238095522,"57":0.5238095522,"58":0.5260770917,"59":0.5238095522,"60":0.5260770917,"61":0.5260770917,"62":0.5260770917,"63":0.5283446908,"64":0.5306122303,"65":0.5306122303,"66":0.5260770917,"67":0.5328798294,"68":0.5328798294,"69":0.5260770917,"70":0.5351473689,"71":0.5442177057,"72":0.5396825671,"73":0.5396825671,"74":0.5442177057},"val_auc":{"0":0.6547806263,"1":0.6550177336,"2":0.6562036276,"3":0.6573688984,"4":0.6563376188,"5":0.6559457779,"6":0.6568120122,"7":0.6565129757,"8":0.6559871435,"9":0.6567192078,"10":0.6575647593,"11":0.6568532586,"12":0.6578637958,"13":0.6569975615,"14":0.6579050422,"15":0.6576060057,"16":0.6569873095,"17":0.6565335989,"18":0.6571626067,"19":0.6574718952,"20":0.6565644741,"21":0.657533884,"22":0.6565748453,"23":0.6568738222,"24":0.6560798287,"25":0.6555642486,"26":0.6561416984,"27":0.6556261778,"28":0.6558633447,"29":0.6552239656,"30":0.6542236805,"31":0.6555951834,"32":0.6556674242,"33":0.6543784142,"34":0.6545846462,"35":0.6549146175,"36":0.6541206241,"37":0.6529347897,"38":0.6542649865,"39":0.6541205645,"40":0.655553937,"41":0.6548011899,"42":0.6543989778,"43":0.654460907,"44":0.655213654,"45":0.6547393203,"46":0.6546671391,"47":0.6553580761,"48":0.6549868584,"49":0.6542236805,"50":0.6550177336,"51":0.6545021534,"52":0.6546465158,"53":0.6557086706,"54":0.6559767723,"55":0.6556982994,"56":0.6552755833,"57":0.6547290087,"58":0.6544815302,"59":0.6534399986,"60":0.6536566019,"61":0.6531100273,"62":0.6536874771,