{"loss":{"0":54.2537155151,"1":53.8673782349,"2":53.4917793274,"3":53.1148338318,"4":52.7810668945,"5":52.448097229,"6":52.0774650574,"7":51.6969223022,"8":51.4206314087,"9":51.0320396423,"10":50.6910324097,"11":50.310546875,"12":49.9802970886,"13":49.667640686,"14":49.3280487061,"15":49.032043457,"16":48.6750297546,"17":48.3775863647,"18":48.014705658,"19":47.7211647034,"20":47.3920059204,"21":47.0708885193,"22":46.764339447,"23":46.4078407288,"24":46.1398277283,"25":45.8049545288,"26":45.4988098145,"27":45.171546936,"28":44.865322113,"29":44.5824203491,"30":44.2883377075,"31":43.9861755371,"32":43.6875534058,"33":43.3635749817,"34":43.106300354,"35":42.8248596191,"36":42.5102348328,"37":42.1979217529,"38":41.9261665344,"39":41.6672058105,"40":41.3661499023,"41":41.1030006409,"42":40.8144454956,"43":40.5243034363,"44":40.2454910278,"45":39.9866371155,"46":39.6897773743,"47":39.393321991,"48":39.1818771362,"49":38.8742599487,"50":38.5997467041,"51":38.3592643738,"52":38.0634155273,"53":37.8222618103,"54":37.5697250366,"55":37.2961120605,"56":37.0446205139,"57":36.7802772522,"58":36.5434494019,"59":36.2642707825,"60":36.0186386108,"61":35.7735404968,"62":35.5042152405,"63":35.266910553,"64":35.0022697449,"65":34.7961730957,"66":34.5240821838,"67":34.2931785583,"68":34.0610542297,"69":33.8185577393,"70":33.5880432129,"71":33.3649177551,"72":33.1215057373,"73":32.8431854248,"74":32.6412849426},"acc":{"0":0.5215908885,"1":0.5295454264,"2":0.5267045498,"3":0.5454545617,"4":0.5460227132,"5":0.5318182111,"6":0.5443181992,"7":0.5539772511,"8":0.5363636613,"9":0.5380681753,"10":0.5420454741,"11":0.5562499762,"12":0.5397727489,"13":0.5357954502,"14":0.5494318008,"15":0.5443181992,"16":0.5403409004,"17":0.5409091115,"18":0.5494318008,"19":0.5426136255,"20":0.5477272868,"21":0.5477272868,"22":0.5528408885,"23":0.5562499762,"24":0.5443181992,"25":0.5500000119,"26":0.5363636613,"27":0.5482954383,"28":0.5517045259,"29":0.5488636494,"30":0.5340909362,"31":0.5482954383,"32":0.5585227013,"33":0.5505681634,"34":0.5505681634,"35":0.5528408885,"36":0.5511363745,"37":0.5568181872,"38":0.5534090996,"39":0.5431818366,"40":0.5607954264,"41":0.5585227013,"42":0.5619317889,"43":0.5534090996,"44":0.5528408885,"45":0.5585227013,"46":0.5613636374,"47":0.5738636255,"48":0.5454545617,"49":0.5676136613,"50":0.5534090996,"51":0.5443181992,"52":0.5710227489,"53":0.5687500238,"54":0.5528408885,"55":0.5613636374,"56":0.5818181634,"57":0.5596590638,"58":0.5465909243,"59":0.5573863387,"60":0.5505681634,"61":0.5636363626,"62":0.5681818128,"63":0.5602272749,"64":0.5829545259,"65":0.5693181753,"66":0.5818181634,"67":0.5704545379,"68":0.5647727251,"69":0.5761363506,"70":0.5585227013,"71":0.5698863864,"72":0.5460227132,"73":0.5829545259,"74":0.5647727251},"auc":{"0":0.5258074999,"1":0.5666832924,"2":0.5755139589,"3":0.5960415602,"4":0.5903781652,"5":0.5733058453,"6":0.596536994,"7":0.609229207,"8":0.582560122,"9":0.5865294933,"10":0.6095347404,"11":0.6239403486,"12":0.6148436069,"13":0.606035471,"14":0.6095365286,"15":0.6000956297,"16":0.6112706661,"17":0.602881074,"18":0.6026008129,"19":0.6074634194,"20":0.6151444912,"21":0.6105976701,"22":0.6031376123,"23":0.6250175834,"24":0.5932450294,"25":0.6147168875,"26":0.6107844114,"27":0.6285297275,"28":0.6320470572,"29":0.6156153083,"30":0.603227973,"31":0.616889596,"32":0.6088320017,"33":0.6177485585,"34":0.6088584661,"35":0.6093305349,"36":0.6165751219,"37":0.6282559037,"38":0.6193044186,"39":0.6073104143,"40":0.6215642691,"41":0.6093447804,"42":0.6133723259,"43":0.6211696267,"44":0.6114037633,"45":0.6068685651,"46":0.6189485192,"47":0.6354901195,"48":0.6004953384,"49":0.6216837764,"50":0.6256111264,"51":0.61001122,"52":0.6299744844,"53":0.6294177771,"54":0.6134052277,"55":0.6207801104,"56":0.6234558821,"57":0.6228417754,"58":0.6009584665,"59":0.6142674088,"60":0.6208731532,"61":0.6225214005,"62":0.6289301515,"63":0.6268215179,"64":0.6393179893,"65":0.6118764877,"66":0.6254218817,"67":0.6152601242,"68":0.6149604321,"69":0.6169141531,"70":0.6098259687,"71":0.612205863,"72":0.6102838516,"73":0.6348770857,"74":0.6151838899},"val_loss":{"0":53.6489219666,"1":53.3607406616,"2":53.2036361694,"3":53.0818367004,"4":52.9371604919,"5":52.7730178833,"6":52.5369987488,"7":52.3222465515,"8":52.0526618958,"9":51.7926177979,"10":51.53565979,"11":51.2609405518,"12":50.9749298096,"13":50.6919898987,"14":50.3782730103,"15":50.0708465576,"16":49.7674179077,"17":49.4635047913,"18":49.1592521667,"19":48.8633804321,"20":48.5620117188,"21":48.2508087158,"22":47.9413414001,"23":47.6451454163,"24":47.3447723389,"25":47.0357437134,"26":46.7278556824,"27":46.4083595276,"28":46.1111106873,"29":45.8066444397,"30":45.5194129944,"31":45.2296600342,"32":44.9333114624,"33":44.6384468079,"34":44.3384094238,"35":44.0471191406,"36":43.7509002686,"37":43.458240509,"38":43.1754074097,"39":42.8857345581,"40":42.5954627991,"41":42.3099517822,"42":42.004283905,"43":41.7149772644,"44":41.4275512695,"45":41.1389007568,"46":40.8587799072,"47":40.5801582336,"48":40.2982978821,"49":40.0221748352,"50":39.7499504089,"51":39.4711952209,"52":39.1834602356,"53":38.8966560364,"54":38.6196594238,"55":38.3450775146,"56":38.0712013245,"57":37.7995910645,"58":37.52709198,"59":37.2441673279,"60":36.9651641846,"61":36.6930618286,"62":36.4259567261,"63":36.1602478027,"64":35.9051017761,"65":35.6558761597,"66":35.4063835144,"67":35.1537284851,"68":34.9118385315,"69":34.6600227356,"70":34.4248352051,"71":34.194644928,"72":33.9729690552,"73":33.7448577881,"74":33.5168991089},"val_acc":{"0":0.4852607846,"1":0.5079365373,"2":0.4852607846,"3":0.4852607846,"4":0.4852607846,"5":0.4852607846,"6":0.4852607846,"7":0.4852607846,"8":0.4852607846,"9":0.4852607846,"10":0.4852607846,"11":0.4852607846,"12":0.4852607846,"13":0.4852607846,"14":0.4852607846,"15":0.4852607846,"16":0.4852607846,"17":0.4852607846,"18":0.4852607846,"19":0.4852607846,"20":0.4852607846,"21":0.4852607846,"22":0.4852607846,"23":0.4852607846,"24":0.4852607846,"25":0.4852607846,"26":0.4852607846,"27":0.4852607846,"28":0.4852607846,"29":0.4852607846,"30":0.4852607846,"31":0.4852607846,"32":0.4852607846,"33":0.4852607846,"34":0.4852607846,"35":0.4852607846,"36":0.4852607846,"37":0.4852607846,"38":0.4852607846,"39":0.4852607846,"40":0.4852607846,"41":0.4852607846,"42":0.4852607846,"43":0.4852607846,"44":0.4852607846,"45":0.4852607846,"46":0.4852607846,"47":0.4852607846,"48":0.4852607846,"49":0.4852607846,"50":0.4852607846,"51":0.4852607846,"52":0.4852607846,"53":0.4852607846,"54":0.4852607846,"55":0.4852607846,"56":0.4852607846,"57":0.4852607846,"58":0.4852607846,"59":0.4852607846,"60":0.4852607846,"61":0.4852607846,"62":0.4852607846,"63":0.4852607846,"64":0.4852607846,"65":0.4852607846,"66":0.4852607846,"67":0.4852607846,"68":0.4852607846,"69":0.4852607846,"70":0.4852607846,"71":0.4852607846,"72":0.4852607846,"73":0.4852607846,"74":0.4852607846},"val_auc":{"0":0.6437894106,"1":0.6452921629,"2":0.6457861662,"3":0.6442731619,"4":0.6460949183,"5":0.6476285458,"6":0.6403310299,"7":0.6519720554,"8":0.6374902725,"9":0.636985898,"10":0.6371196508,"11":0.6425645351,"12":0.6423175335,"13":0.6411955953,"14":0.6477829218,"15":0.6432232857,"16":0.6516529322,"17":0.6538659334,"18":0.6492754221,"19":0.6552246213,"20":0.6467125416,"21":0.6460434794,"22":0.6455700397,"23":0.6415764093,"24":0.6402486563,"25":0.63306427,"26":0.637860775,"27":0.6408765316,"28":0.6414117813,"29":0.6396207809,"30":0.6373975873,"31":0.6382930279,"32":0.6395796537,"33":0.6391885281,"34":0.6355757713,"35":0.6341965199,"36":0.6383342147,"37":0.6365535855,"38":0.6358742714,"39":0.6383753419,"40":0.6416794062,"41":0.6374490261,"42":0.6325908899,"43":0.6248095632,"44":0.627207756,"45":0.6271048784,"46":0.6265181303,"47":0.6301411986,"48":0.6341862679,"49":0.6381283998,"50":0.6340936422,"51":0.6358742714,"52":0.6464449167,"53":0.6382519007,"54":0.6366153955,"55":0.6374078989,"56":0.6341966391,"57":0.6346906424,"58":0.6352772713,"59":0.6389414668,"60":0.6428424716,"61":0.6370887756,