{"loss":{"0":53.6808586121,"1":53.2904968262,"2":52.9235610962,"3":52.5605163574,"4":52.2164421082,"5":51.8693847656,"6":51.5102844238,"7":51.168422699,"8":50.866519928,"9":50.5122833252,"10":50.165561676,"11":49.8108978271,"12":49.5052375793,"13":49.143737793,"14":48.8350753784,"15":48.5001411438,"16":48.1769638062,"17":47.8548088074,"18":47.5302734375,"19":47.1954269409,"20":46.8890419006,"21":46.5908508301,"22":46.2844619751,"23":45.9710044861,"24":45.6562004089,"25":45.3459663391,"26":45.0252494812,"27":44.736289978,"28":44.4416236877,"29":44.1364097595,"30":43.822101593,"31":43.5130462646,"32":43.2771110535,"33":42.9614028931,"34":42.6750526428,"35":42.3517036438,"36":42.0867767334,"37":41.8167762756,"38":41.5367584229,"39":41.2612228394,"40":40.9865341187,"41":40.6745681763,"42":40.4154510498,"43":40.1243476868,"44":39.8608169556,"45":39.5741996765,"46":39.2976875305,"47":39.0397033691,"48":38.7661132812,"49":38.5190086365,"50":38.2699279785,"51":37.9821739197,"52":37.7443656921,"53":37.4696731567,"54":37.2141990662,"55":36.9660835266,"56":36.6804389954,"57":36.4341926575,"58":36.194393158,"59":35.9673500061,"60":35.6989555359,"61":35.4399909973,"62":35.1852836609,"63":34.9404411316,"64":34.7242965698,"65":34.4916610718,"66":34.220916748,"67":34.0059738159,"68":33.7479171753,"69":33.494682312,"70":33.2902755737,"71":33.0227279663,"72":32.8125038147,"73":32.5651550293,"74":32.3423423767},"acc":{"0":0.4982954562,"1":0.5335227251,"2":0.5454545617,"3":0.5534090996,"4":0.5551136136,"5":0.5505681634,"6":0.5568181872,"7":0.5579545498,"8":0.5443181992,"9":0.5551136136,"10":0.5568181872,"11":0.583522737,"12":0.5585227013,"13":0.583522737,"14":0.5528408885,"15":0.5698863864,"16":0.5767045617,"17":0.5670454502,"18":0.5806818008,"19":0.5823863745,"20":0.5761363506,"21":0.5738636255,"22":0.5869318247,"23":0.5738636255,"24":0.5903409123,"25":0.5744318366,"26":0.5926136374,"27":0.5789772868,"28":0.5874999762,"29":0.572727263,"30":0.5943182111,"31":0.6045454741,"32":0.5772727132,"33":0.5960227251,"34":0.5801136494,"35":0.6113636494,"36":0.5852272511,"37":0.5840908885,"38":0.5846590996,"39":0.5823863745,"40":0.5863636136,"41":0.5960227251,"42":0.5778409243,"43":0.5846590996,"44":0.5977272987,"45":0.6034091115,"46":0.5920454264,"47":0.5931817889,"48":0.6011363864,"49":0.5909090638,"50":0.5852272511,"51":0.5960227251,"52":0.5897727013,"53":0.6051136255,"54":0.5931817889,"55":0.5863636136,"56":0.5971590877,"57":0.5954545736,"58":0.6079545617,"59":0.5920454264,"60":0.5948863626,"61":0.6011363864,"62":0.6045454741,"63":0.6187499762,"64":0.59375,"65":0.5698863864,"66":0.6034091115,"67":0.5892045498,"68":0.6159090996,"69":0.6113636494,"70":0.59375,"71":0.6022727489,"72":0.6022727489,"73":0.6204545498,"74":0.6159090996},"auc":{"0":0.5109689236,"1":0.5623108149,"2":0.5686113238,"3":0.5805414915,"4":0.5806540251,"5":0.5817400813,"6":0.5972467661,"7":0.6037529707,"8":0.5761420727,"9":0.5957195759,"10":0.5879176855,"11":0.6138305664,"12":0.5906693935,"13":0.6107902527,"14":0.5890115499,"15":0.6022515893,"16":0.6091827154,"17":0.6042755842,"18":0.6194045544,"19":0.622554183,"20":0.6201847792,"21":0.6128388643,"22":0.6122586727,"23":0.6127295494,"24":0.6157445908,"25":0.6144728661,"26":0.6376067996,"27":0.6184271574,"28":0.6243867874,"29":0.6172479391,"30":0.636494875,"31":0.6464022398,"32":0.6125043631,"33":0.6267607212,"34":0.6150182486,"35":0.6559972763,"36":0.6294904947,"37":0.6239048243,"38":0.6190720797,"39":0.6184362173,"40":0.6167046428,"41":0.6337844133,"42":0.6194342971,"43":0.6385434866,"44":0.6352677345,"45":0.6451278925,"46":0.643632412,"47":0.6378855705,"48":0.6463925838,"49":0.6363098621,"50":0.6278883219,"51":0.6414382458,"52":0.6264508963,"53":0.64283216,"54":0.6362981796,"55":0.6258577108,"56":0.651032567,"57":0.6444765329,"58":0.6465723515,"59":0.6258392334,"60":0.6392000318,"61":0.6454895139,"62":0.6519485116,"63":0.6597742438,"64":0.6304447651,"65":0.6180817485,"66":0.6524342299,"67":0.6282842159,"68":0.6537687778,"69":0.658878386,"70":0.6378558278,"71":0.6569268107,"72":0.6435722113,"73":0.6609373093,"74":0.6568964124},"val_loss":{"0":53.2543678284,"1":52.8850975037,"2":52.5372467041,"3":52.1953353882,"4":51.8458404541,"5":51.4970016479,"6":51.1527366638,"7":50.8161468506,"8":50.4759292603,"9":50.1388969421,"10":49.8007469177,"11":49.4681396484,"12":49.1405410767,"13":48.8176994324,"14":48.4956207275,"15":48.1702346802,"16":47.8530731201,"17":47.5415992737,"18":47.2281417847,"19":46.9100112915,"20":46.5979309082,"21":46.2855987549,"22":45.9817428589,"23":45.680316925,"24":45.3809356689,"25":45.0736312866,"26":44.7697067261,"27":44.4694595337,"28":44.1771316528,"29":43.8768463135,"30":43.5838546753,"31":43.2930259705,"32":43.0006408691,"33":42.7099990845,"34":42.4309158325,"35":42.1475906372,"36":41.8677597046,"37":41.5883865356,"38":41.3130874634,"39":41.039642334,"40":40.7638702393,"41":40.486995697,"42":40.2211952209,"43":39.9484176636,"44":39.677482605,"45":39.4098548889,"46":39.1559829712,"47":38.891040802,"48":38.6261749268,"49":38.366104126,"50":38.1087684631,"51":37.8506660461,"52":37.5961875916,"53":37.3399009705,"54":37.0832176208,"55":36.8274841309,"56":36.5768966675,"57":36.3163414001,"58":36.0723838806,"59":35.8301925659,"60":35.5804824829,"61":35.3420372009,"62":35.0991172791,"63":34.8509216309,"64":34.606426239,"65":34.3737869263,"66":34.1436805725,"67":33.9201278687,"68":33.6923141479,"69":33.4547653198,"70":33.2154808044,"71":32.9825897217,"72":32.7491874695,"73":32.5241279602,"74":32.3000564575},"val_acc":{"0":0.6145124435,"1":0.6417233348,"2":0.6507936716,"3":0.6507936716,"4":0.6507936716,"5":0.6485260725,"6":0.6485260725,"7":0.646258533,"8":0.646258533,"9":0.646258533,"10":0.6575963497,"11":0.6575963497,"12":0.6439909339,"13":0.6485260725,"14":0.6485260725,"15":0.6507936716,"16":0.6485260725,"17":0.6417233348,"18":0.6394557953,"19":0.6394557953,"20":0.6394557953,"21":0.6394557953,"22":0.6417233348,"23":0.6371881962,"24":0.6190476418,"25":0.6258503199,"26":0.6349206567,"27":0.6349206567,"28":0.6145124435,"29":0.6145124435,"30":0.6145124435,"31":0.612244904,"32":0.612244904,"33":0.6054421663,"34":0.5986394286,"35":0.5986394286,"36":0.6031746268,"37":0.5986394286,"38":0.59410429,"39":0.5873016119,"40":0.5873016119,"41":0.5873016119,"42":0.5873016119,"43":0.5873016119,"44":0.5873016119,"45":0.5873016119,"46":0.5895691514,"47":0.5895691514,"48":0.5895691514,"49":0.5918367505,"50":0.5895691514,"51":0.5827664137,"52":0.5850340128,"53":0.5850340128,"54":0.5827664137,"55":0.5827664137,"56":0.5804988742,"57":0.5827664137,"58":0.5782312751,"59":0.5782312751,"60":0.5804988742,"61":0.5782312751,"62":0.5782312751,"63":0.5782312751,"64":0.5782312751,"65":0.5804988742,"66":0.5782312751,"67":0.5782312751,"68":0.5782312751,"69":0.5782312751,"70":0.5782312751,"71":0.5782312751,"72":0.5782312751,"73":0.5782312751,"74":0.5782312751},"val_auc":{"0":0.6928983927,"1":0.6939496994,"2":0.69471246,"3":0.6952896118,"4":0.6948876381,"5":0.6954751015,"6":0.6952793598,"7":0.6955575943,"8":0.6953308582,"9":0.6951556206,"10":0.695186615,"11":0.6953721046,"12":0.6950113177,"13":0.6958668232,"14":0.6959596872,"15":0.6949597597,"16":0.6958462,"17":0.6964029074,"18":0.6970109344,"19":0.6970418692,"20":0.6967120171,"21":0.6943929195,"22":0.6954339743,"23":0.6967841387,"24":0.6966295242,"25":0.6970829964,"26":0.6966192126,"27":0.6962894201,"28":0.6941866875,"29":0.6943413019,"30":0.6957018971,"31":0.6943929195,"32":0.6947227716,"33":0.6923314929,"34":0.693898201,"35":0.6908369064,"36":0.6924242973,"37":0.6947124004,"38":0.6941558123,"39":0.6926612854,"40":0.6918367147,"41":0.6928262711,"42":0.6931148767,"43":0.6945269108,"44":0.6934446096,"45":0.6947948933,"46":0.6916821003,"47":0.6934549809,"48":0.6948876977,"49":0.6952278018,"50":0.6942795515,"51":0.6959596276,"52":0.6960626841,"53":0.6952999234,"54":0.6961657405,"55":0.6956915855,"56":0.694547534,"57":0.6936610937,"58":0.6927437782,"59":0.6939290762,"60":0.6935786009,"61":0.6948671341,"62":0.6955575943,