{"loss":{"0":52.5660476685,"1":52.2162361145,"2":51.8383750916,"3":51.5061035156,"4":51.1393547058,"5":50.8029556274,"6":50.44921875,"7":50.1234970093,"8":49.7786750793,"9":49.4445877075,"10":49.0806007385,"11":48.7685165405,"12":48.4675369263,"13":48.1358604431,"14":47.7907485962,"15":47.4861869812,"16":47.1394348145,"17":46.8285064697,"18":46.5058631897,"19":46.2243652344,"20":45.9306678772,"21":45.5765762329,"22":45.2625007629,"23":44.978099823,"24":44.6677246094,"25":44.3328285217,"26":44.0629005432,"27":43.7587852478,"28":43.4637336731,"29":43.1864089966,"30":42.8842277527,"31":42.6142044067,"32":42.283493042,"33":42.0344238281,"34":41.7147140503,"35":41.4242897034,"36":41.1402282715,"37":40.849571228,"38":40.5999794006,"39":40.3149032593,"40":40.0327529907,"41":39.75598526,"42":39.4964981079,"43":39.2273139954,"44":38.9563102722,"45":38.6811523438,"46":38.4422492981,"47":38.1345787048,"48":37.8948326111,"49":37.6637001038,"50":37.3516387939,"51":37.104549408,"52":36.8509750366,"53":36.5844268799,"54":36.3165397644,"55":36.1020240784,"56":35.8416595459,"57":35.5942878723,"58":35.331489563,"59":35.0992050171,"60":34.8352813721,"61":34.5961990356,"62":34.3625297546,"63":34.1515274048,"64":33.8682670593,"65":33.6435050964,"66":33.4065170288,"67":33.1614112854,"68":32.9402427673,"69":32.6932754517,"70":32.4524917603,"71":32.2336044312,"72":32.0059089661,"73":31.8083324432,"74":31.5701351166},"acc":{"0":0.5119318366,"1":0.5090909004,"2":0.5329545736,"3":0.5352272987,"4":0.5551136136,"5":0.5460227132,"6":0.5500000119,"7":0.5346590877,"8":0.5420454741,"9":0.5500000119,"10":0.5647727251,"11":0.5517045259,"12":0.5363636613,"13":0.5551136136,"14":0.5477272868,"15":0.5517045259,"16":0.5625,"17":0.5625,"18":0.5636363626,"19":0.5568181872,"20":0.5477272868,"21":0.5681818128,"22":0.5681818128,"23":0.5636363626,"24":0.5602272749,"25":0.5886363387,"26":0.5647727251,"27":0.5636363626,"28":0.572727263,"29":0.5551136136,"30":0.5647727251,"31":0.5471590757,"32":0.5693181753,"33":0.5659090877,"34":0.5721591115,"35":0.5806818008,"36":0.5880681872,"37":0.583522737,"38":0.5710227489,"39":0.5886363387,"40":0.5772727132,"41":0.5806818008,"42":0.572727263,"43":0.5659090877,"44":0.5721591115,"45":0.5761363506,"46":0.5670454502,"47":0.5869318247,"48":0.572727263,"49":0.5687500238,"50":0.5874999762,"51":0.572727263,"52":0.5744318366,"53":0.5948863626,"54":0.6005681753,"55":0.5710227489,"56":0.5909090638,"57":0.5869318247,"58":0.5926136374,"59":0.5897727013,"60":0.583522737,"61":0.5943182111,"62":0.5818181634,"63":0.5664772987,"64":0.6005681753,"65":0.5852272511,"66":0.5823863745,"67":0.6011363864,"68":0.5829545259,"69":0.5926136374,"70":0.5806818008,"71":0.5931817889,"72":0.5909090638,"73":0.5789772868,"74":0.5715909004},"auc":{"0":0.5145009756,"1":0.5176879764,"2":0.5497703552,"3":0.5420503616,"4":0.5696247816,"5":0.5602048635,"6":0.5754573345,"7":0.5673696995,"8":0.5762411356,"9":0.5768686533,"10":0.5911247134,"11":0.5844540596,"12":0.565760076,"13":0.5741759539,"14":0.5898445845,"15":0.5851759315,"16":0.5967277288,"17":0.5909211636,"18":0.6039178371,"19":0.5843881965,"20":0.5651339293,"21":0.5974333882,"22":0.6032431722,"23":0.5919246674,"24":0.5949100256,"25":0.6246013641,"26":0.5945320725,"27":0.602085948,"28":0.5979975462,"29":0.5843539238,"30":0.5961616635,"31":0.5793260336,"32":0.6159716845,"33":0.5850453973,"34":0.6057561636,"35":0.6141029596,"36":0.6183205247,"37":0.6207450628,"38":0.5947549343,"39":0.6175457835,"40":0.6152124405,"41":0.6150709391,"42":0.6102685332,"43":0.6030816436,"44":0.6083686948,"45":0.616546154,"46":0.5935272574,"47":0.6254538298,"48":0.6096630096,"49":0.5924628973,"50":0.6265472174,"51":0.6083855033,"52":0.6082866192,"53":0.6257084012,"54":0.6403870583,"55":0.5994113684,"56":0.6217983365,"57":0.6172756553,"58":0.6244372725,"59":0.6158204675,"60":0.6239094734,"61":0.6302212477,"62":0.6105786562,"63":0.5969002247,"64":0.6391825676,"65":0.6237432957,"66":0.6211327314,"67":0.6344797015,"68":0.6175910234,"69":0.6300358772,"70":0.6331582069,"71":0.6291440725,"72":0.6311427355,"73":0.6061025858,"74":0.6127072573},"val_loss":{"0":52.192325592,"1":51.8155479431,"2":51.4772796631,"3":51.2120666504,"4":50.9721603394,"5":50.7532119751,"6":50.5172386169,"7":50.2651786804,"8":50.0119438171,"9":49.7458190918,"10":49.4809608459,"11":49.1973838806,"12":48.9044799805,"13":48.5786972046,"14":48.2738571167,"15":47.9720230103,"16":47.6681785583,"17":47.3551445007,"18":47.056728363,"19":46.7577781677,"20":46.4382324219,"21":46.1485481262,"22":45.8480606079,"23":45.5642700195,"24":45.2568473816,"25":44.9776802063,"26":44.7011985779,"27":44.4131507874,"28":44.0969352722,"29":43.8086051941,"30":43.5160102844,"31":43.2187690735,"32":42.9229812622,"33":42.6363220215,"34":42.3491134644,"35":42.0666007996,"36":41.7936325073,"37":41.5190467834,"38":41.2533187866,"39":40.9818191528,"40":40.7093200684,"41":40.4227371216,"42":40.1546859741,"43":39.880115509,"44":39.6132774353,"45":39.344833374,"46":39.0590362549,"47":38.7899398804,"48":38.5199203491,"49":38.2555198669,"50":37.9843635559,"51":37.7141532898,"52":37.4446144104,"53":37.195186615,"54":36.9350128174,"55":36.6813316345,"56":36.4315376282,"57":36.185043335,"58":35.9422416687,"59":35.6865196228,"60":35.455745697,"61":35.2101631165,"62":34.9646530151,"63":34.7305374146,"64":34.4838752747,"65":34.2341995239,"66":34.0016136169,"67":33.7708320618,"68":33.5322227478,"69":33.3025665283,"70":33.0642280579,"71":32.833114624,"72":32.5993804932,"73":32.3740692139,"74":32.164768219},"val_acc":{"0":0.4920634925,"1":0.628117919,"2":0.5804988742,"3":0.5102040768,"4":0.5079365373,"5":0.5079365373,"6":0.5079365373,"7":0.5079365373,"8":0.5079365373,"9":0.5079365373,"10":0.5079365373,"11":0.5079365373,"12":0.5079365373,"13":0.5079365373,"14":0.5079365373,"15":0.5079365373,"16":0.5079365373,"17":0.5079365373,"18":0.5079365373,"19":0.5079365373,"20":0.5079365373,"21":0.5079365373,"22":0.5079365373,"23":0.5079365373,"24":0.5079365373,"25":0.5079365373,"26":0.5079365373,"27":0.5079365373,"28":0.5079365373,"29":0.5079365373,"30":0.5079365373,"31":0.5079365373,"32":0.5079365373,"33":0.5079365373,"34":0.5079365373,"35":0.5079365373,"36":0.5079365373,"37":0.5079365373,"38":0.5079365373,"39":0.5079365373,"40":0.5079365373,"41":0.5079365373,"42":0.5079365373,"43":0.5079365373,"44":0.5079365373,"45":0.5079365373,"46":0.5079365373,"47":0.5079365373,"48":0.5079365373,"49":0.5079365373,"50":0.5079365373,"51":0.5079365373,"52":0.5079365373,"53":0.5079365373,"54":0.5079365373,"55":0.5079365373,"56":0.5079365373,"57":0.5079365373,"58":0.5079365373,"59":0.5079365373,"60":0.5079365373,"61":0.5079365373,"62":0.5079365373,"63":0.5079365373,"64":0.5079365373,"65":0.5079365373,"66":0.5079365373,"67":0.5079365373,"68":0.5079365373,"69":0.5079365373,"70":0.5079365373,"71":0.5079365373,"72":0.5079365373,"73":0.5079365373,"74":0.5079365373},"val_auc":{"0":0.682459712,"1":0.6822230816,"2":0.6853501797,"3":0.6841775179,"4":0.6833340526,"5":0.6856793165,"6":0.6824288368,"7":0.6810299158,"8":0.6829946041,"9":0.6790857315,"10":0.6838380098,"11":0.6778925061,"12":0.6828094125,"13":0.6846711636,"14":0.6832414269,"15":0.6846712828,"16":0.681060791,"17":0.6816264391,"18":0.6842803359,"19":0.6834266186,"20":0.681256175,"21":0.6793943048,"22":0.6839820743,"23":0.6836117506,"24":0.6803715229,"25":0.6774810553,"26":0.6835192442,"27":0.6842598319,"28":0.6759381294,"29":0.6800835133,"30":0.6801143885,"31":0.6744259596,"32":0.6771827936,"33":0.680906415,"34":0.6790652275,"35":0.6757323742,"36":0.6775119305,"37":0.6796411872,"38":0.6802789569,"39":0.674302578,"40":0.6726979017,"41":0.6870679855,"42":0.6875926256,"43":0.6841260791,"44":0.6845375299,"45":0.6817601919,"46":0.6800630093,"47":0.6839511991,"48":0.6787050962,"49":0.6675444841,"50":0.675701499,"51":0.6894235611,"52":0.6889297962,"53":0.6907402277,"54":0.6807830334,"55":0.6764318943,"56":0.6909767389,"57":0.6874382496,"58":0.6906373501,"59":0.6766685247,"60":0.6841672063,"61":0.6809681058,"62":0.6785200834,