{"loss":{"0":52.8102912903,"1":52.4236869812,"2":52.0417022705,"3":51.7092399597,"4":51.3186912537,"5":50.979637146,"6":50.5969047546,"7":50.262134552,"8":49.9446258545,"9":49.6118507385,"10":49.2812004089,"11":48.9854888916,"12":48.6379432678,"13":48.2901268005,"14":47.9257278442,"15":47.6142349243,"16":47.3235397339,"17":46.9762039185,"18":46.6632423401,"19":46.3341941833,"20":45.9995040894,"21":45.7239151001,"22":45.4117927551,"23":45.0893096924,"24":44.790096283,"25":44.4943962097,"26":44.1914558411,"27":43.9017715454,"28":43.5971031189,"29":43.3049087524,"30":43.0020866394,"31":42.6787490845,"32":42.3873405457,"33":42.1379394531,"34":41.8529777527,"35":41.5306549072,"36":41.2693710327,"37":41.0088920593,"38":40.6986427307,"39":40.4180259705,"40":40.1360702515,"41":39.8726425171,"42":39.5693130493,"43":39.3258895874,"44":39.0132827759,"45":38.8086585999,"46":38.491355896,"47":38.238445282,"48":37.9741134644,"49":37.7210617065,"50":37.4355430603,"51":37.2185440063,"52":36.9616317749,"53":36.6988830566,"54":36.4310455322,"55":36.155040741,"56":35.9037857056,"57":35.704990387,"58":35.4237136841,"59":35.1986198425,"60":34.9486083984,"61":34.6700401306,"62":34.4430656433,"63":34.1935081482,"64":33.9849205017,"65":33.729259491,"66":33.4945983887,"67":33.2669754028,"68":33.0175094604,"69":32.7913284302,"70":32.5422897339,"71":32.3198699951,"72":32.0791053772,"73":31.8525562286,"74":31.6212024689},"acc":{"0":0.5096591115,"1":0.5244318247,"2":0.5181818008,"3":0.5176136494,"4":0.5357954502,"5":0.5363636613,"6":0.5579545498,"7":0.5488636494,"8":0.5420454741,"9":0.5346590877,"10":0.5454545617,"11":0.5267045498,"12":0.5323863626,"13":0.5590909123,"14":0.5653409362,"15":0.5460227132,"16":0.5369318128,"17":0.5465909243,"18":0.5443181992,"19":0.5409091115,"20":0.5801136494,"21":0.5664772987,"22":0.5517045259,"23":0.5551136136,"24":0.5619317889,"25":0.5619317889,"26":0.5585227013,"27":0.5454545617,"28":0.5545454621,"29":0.5642045736,"30":0.5619317889,"31":0.5778409243,"32":0.5801136494,"33":0.5721591115,"34":0.5681818128,"35":0.5789772868,"36":0.5585227013,"37":0.5556818247,"38":0.5732954741,"39":0.5761363506,"40":0.5880681872,"41":0.5585227013,"42":0.5812500119,"43":0.5647727251,"44":0.5670454502,"45":0.5528408885,"46":0.5880681872,"47":0.5732954741,"48":0.5761363506,"49":0.5801136494,"50":0.5687500238,"51":0.5630682111,"52":0.5664772987,"53":0.5676136613,"54":0.5732954741,"55":0.5840908885,"56":0.5846590996,"57":0.5551136136,"58":0.583522737,"59":0.5647727251,"60":0.5613636374,"61":0.5812500119,"62":0.5857954621,"63":0.5823863745,"64":0.5625,"65":0.5659090877,"66":0.5784090757,"67":0.5693181753,"68":0.5818181634,"69":0.5647727251,"70":0.5710227489,"71":0.572727263,"72":0.5863636136,"73":0.5909090638,"74":0.5795454383},"auc":{"0":0.5190887451,"1":0.5541017056,"2":0.5663591623,"3":0.5723316669,"4":0.594949007,"5":0.5993273258,"6":0.6156531572,"7":0.6112122536,"8":0.5957542062,"9":0.5982586741,"10":0.5900509357,"11":0.5745857954,"12":0.5931824446,"13":0.5996365547,"14":0.6311165094,"15":0.6127954721,"16":0.6097414494,"17":0.6022851467,"18":0.6128038168,"19":0.6028946638,"20":0.6341569424,"21":0.6140494347,"22":0.6124261618,"23":0.6272424459,"24":0.6193283796,"25":0.6271061897,"26":0.6175253391,"27":0.6061379313,"28":0.6153000593,"29":0.6103432178,"30":0.6127140522,"31":0.6369972229,"32":0.6369876266,"33":0.6213661432,"34":0.6280024052,"35":0.6409268975,"36":0.6235556602,"37":0.6108971834,"38":0.6256785393,"39":0.6351112723,"40":0.6418559551,"41":0.6210588217,"42":0.6433267593,"43":0.6218703985,"44":0.641695857,"45":0.6050893068,"46":0.6449939013,"47":0.6275562048,"48":0.632042408,"49":0.6303572059,"50":0.6346799135,"51":0.6137026548,"52":0.6152780056,"53":0.61505723,"54":0.6249999404,"55":0.6446982622,"56":0.6415693164,"57":0.6038806438,"58":0.6302512884,"59":0.6074370146,"60":0.6073207855,"61":0.6406446695,"62":0.6406576037,"63":0.6360474825,"64":0.6169704199,"65":0.6175765991,"66":0.6256656647,"67":0.6164886951,"68":0.6292052865,"69":0.6252382994,"70":0.6295784116,"71":0.6238396764,"72":0.6390273571,"73":0.6385495663,"74":0.6390221119},"val_loss":{"0":52.2974357605,"1":51.9330978394,"2":51.6357269287,"3":51.3488349915,"4":51.0918960571,"5":50.8272132874,"6":50.5299110413,"7":50.2403106689,"8":49.9598083496,"9":49.6736030579,"10":49.379989624,"11":49.0711174011,"12":48.7746162415,"13":48.4686393738,"14":48.1731758118,"15":47.8725776672,"16":47.5619544983,"17":47.2746429443,"18":46.986541748,"19":46.6815338135,"20":46.3831253052,"21":46.1050338745,"22":45.8220405579,"23":45.5332336426,"24":45.2276420593,"25":44.9450149536,"26":44.6750869751,"27":44.4021682739,"28":44.0736465454,"29":43.7430877686,"30":43.4091110229,"31":43.0936737061,"32":42.792098999,"33":42.5102233887,"34":42.2225112915,"35":41.9453315735,"36":41.6495018005,"37":41.3675003052,"38":41.0933685303,"39":40.8117256165,"40":40.5235290527,"41":40.2427597046,"42":39.9565811157,"43":39.6734390259,"44":39.4066352844,"45":39.1054801941,"46":38.8098144531,"47":38.5263290405,"48":38.2291221619,"49":37.9554634094,"50":37.6609230042,"51":37.3818435669,"52":37.0992012024,"53":36.8270378113,"54":36.569732666,"55":36.3076400757,"56":36.0576515198,"57":35.7916526794,"58":35.5475540161,"59":35.3177757263,"60":35.0776481628,"61":34.8265190125,"62":34.5858459473,"63":34.3392753601,"64":34.108669281,"65":33.8631362915,"66":33.6321716309,"67":33.3792953491,"68":33.1510543823,"69":32.9383506775,"70":32.6915931702,"71":32.459941864,"72":32.2440834045,"73":32.0181655884,"74":31.8008060455},"val_acc":{"0":0.4875283539,"1":0.5260770917,"2":0.5124716759,"3":0.4739229083,"4":0.4739229083,"5":0.4739229083,"6":0.4739229083,"7":0.4739229083,"8":0.4739229083,"9":0.4739229083,"10":0.4739229083,"11":0.4739229083,"12":0.4739229083,"13":0.4739229083,"14":0.4739229083,"15":0.4739229083,"16":0.4739229083,"17":0.4739229083,"18":0.4739229083,"19":0.4739229083,"20":0.4739229083,"21":0.4739229083,"22":0.4739229083,"23":0.4739229083,"24":0.4739229083,"25":0.4739229083,"26":0.4739229083,"27":0.4739229083,"28":0.4739229083,"29":0.4739229083,"30":0.4739229083,"31":0.4739229083,"32":0.4739229083,"33":0.4739229083,"34":0.4739229083,"35":0.4739229083,"36":0.4739229083,"37":0.4739229083,"38":0.4739229083,"39":0.4739229083,"40":0.4739229083,"41":0.4739229083,"42":0.4739229083,"43":0.4739229083,"44":0.4739229083,"45":0.4739229083,"46":0.4739229083,"47":0.4739229083,"48":0.4739229083,"49":0.4739229083,"50":0.4739229083,"51":0.4739229083,"52":0.4739229083,"53":0.4739229083,"54":0.4739229083,"55":0.4739229083,"56":0.4739229083,"57":0.4739229083,"58":0.4739229083,"59":0.4739229083,"60":0.4739229083,"61":0.4739229083,"62":0.4739229083,"63":0.4739229083,"64":0.4739229083,"65":0.4739229083,"66":0.4739229083,"67":0.4739229083,"68":0.4739229083,"69":0.4739229083,"70":0.4739229083,"71":0.4739229083,"72":0.4739229083,"73":0.4739229083,"74":0.4739229083},"val_auc":{"0":0.6716403961,"1":0.6735687256,"2":0.6758270264,"3":0.6778274775,"4":0.6792917848,"5":0.6789721251,"6":0.6793433428,"7":0.6787555218,"8":0.6801682115,"9":0.6792814732,"10":0.6790856123,"11":0.6826224923,"12":0.6796320677,"13":0.6803848743,"14":0.6820657253,"15":0.679363966,"16":0.6810035706,"17":0.6834887266,"18":0.6807044744,"19":0.6830350161,"20":0.6830762625,"21":0.6848807335,"22":0.6843651533,"23":0.6864792109,"24":0.6847364902,"25":0.6854273081,"26":0.6821172833,"27":0.6854273081,"28":0.6833340526,"29":0.6839836836,"30":0.6864275932,"31":0.6851385832,"32":0.6870874763,"33":0.6861697435,"34":0.6850045919,"35":0.6827152967,"36":0.6837877035,"37":0.6821274757,"38":0.6825296879,"39":0.6844167709,"40":0.6821687818,"41":0.6819934845,"42":0.6831174493,"43":0.6821482182,"44":0.6804776192,"45":0.6785802841,"46":0.6787246466,"47":0.6781471968,"48":0.6759816408,"49":0.6786627173,"50":0.6764765978,"51":0.6790339947,"52":0.6723828316,"53":0.668949008,"54":0.6715887785,"55":0.6735584736,"56":0.6726716161,"57":0.6714032888,"58":0.6696811914,"59":0.6710423231,"60":0.6735274792,"61":0.6731150746,