{"loss":{"0":1.6294329166,"1":1.2880198956,"2":1.1404327154,"3":0.9614363313,"4":0.9291333556,"5":0.8813023567,"6":0.8581331968,"7":0.831638813,"8":0.7787608504,"9":0.7609620094,"10":0.7232887745,"11":0.721654892,"12":0.7058262825,"13":0.7075761557,"14":0.6874794364,"15":0.6640274525,"16":0.6535326838,"17":0.6551325917,"18":0.6224188209,"19":0.6138427854,"20":0.5994468331,"21":0.5876092315,"22":0.5818504691,"23":0.5559917688,"24":0.554823637,"25":0.5334517956,"26":0.5337474942,"27":0.5136916637,"28":0.5120278597,"29":0.4965022206,"30":0.4884668291,"31":0.4722584784,"32":0.4667266011,"33":0.4432934523,"34":0.4327585101,"35":0.4120638371},"acc":{"0":0.4938664138,"1":0.504770577,"2":0.485915482,"3":0.5120399594,"4":0.5109041333,"5":0.5161290169,"6":0.5163562298,"7":0.5163562298,"8":0.5458882451,"9":0.5547478199,"10":0.5638346076,"11":0.5661063194,"12":0.5729213953,"13":0.5701953769,"14":0.5824624896,"15":0.6040436029,"16":0.619263947,"17":0.6140390635,"18":0.6481145024,"19":0.6599273086,"20":0.6669695377,"21":0.6808269024,"22":0.6876419783,"23":0.7003634572,"24":0.7117219567,"25":0.7276238203,"26":0.7289867997,"27":0.7505679131,"28":0.7494320869,"29":0.7662426233,"30":0.7707859874,"31":0.778736949,"32":0.7907769084,"33":0.7971376777,"34":0.8128123283,"35":0.8169013858},"auc":{"0":0.4979865849,"1":0.5107988715,"2":0.4820665717,"3":0.5195909739,"4":0.5148850679,"5":0.5261613131,"6":0.5189359188,"7":0.5320546627,"8":0.5647829771,"9":0.5753676891,"10":0.5969731808,"11":0.5893647671,"12":0.6047042608,"13":0.6006882191,"14":0.6262008548,"15":0.6543156505,"16":0.6742044687,"17":0.665913403,"18":0.711727798,"19":0.7222591639,"20":0.7394021749,"21":0.7546306849,"22":0.7606874704,"23":0.7848979235,"24":0.7877424955,"25":0.8047527075,"26":0.8109100461,"27":0.8283244371,"28":0.8279289603,"29":0.8423165083,"30":0.8494592309,"31":0.8576216698,"32":0.8652938604,"33":0.8757288456,"34":0.8871449232,"35":0.8945480585},"val_loss":{"0":0.737116158,"1":0.7170007825,"2":0.6833638549,"3":0.6671793461,"4":0.6627014279,"5":0.6559666395,"6":0.6525309682,"7":0.649441421,"8":0.6385834813,"9":0.632805109,"10":0.6327574253,"11":0.6271508932,"12":0.6185557246,"13":0.6126751304,"14":0.6018089652,"15":0.590953052,"16":0.5842410922,"17":0.5718404651,"18":0.565094769,"19":0.5546473265,"20":0.5427368879,"21":0.5379200578,"22":0.5296000242,"23":0.5226125121,"24":0.5230557323,"25":0.5142233968,"26":0.5138931274,"27":0.5132574439,"28":0.5127219558,"29":0.5115773082,"30":0.5097141266,"31":0.523241818,"32":0.5092144012,"33":0.5295451283,"34":0.5207459331,"35":0.5357936025},"val_acc":{"0":0.5204359889,"1":0.5231607556,"2":0.5485922098,"3":0.6112625003,"4":0.6457765698,"5":0.665758431,"6":0.6993641853,"7":0.6821071506,"8":0.7039055228,"9":0.6993641853,"10":0.7120799422,"11":0.7057220936,"12":0.714804709,"13":0.7166212797,"14":0.7238873839,"15":0.7266121507,"16":0.7238873839,"17":0.7356948256,"18":0.7356948256,"19":0.7402361631,"20":0.7465940118,"21":0.7456857562,"22":0.7502270937,"23":0.7493187785,"24":0.7556766868,"25":0.7574931979,"26":0.7611262202,"27":0.753860116,"28":0.7520436049,"29":0.7520436049,"30":0.753860116,"31":0.7475022674,"32":0.7556766868,"33":0.762942791,"34":0.7556766868,"35":0.7547683716},"val_auc":{"0":0.619553566,"1":0.6212962866,"2":0.6096792221,"3":0.6584870815,"4":0.7002529502,"5":0.7290971875,"6":0.7492262125,"7":0.751924634,"8":0.7601869106,"9":0.7680621743,"10":0.7728967667,"11":0.7735995054,"12":0.7780604959,"13":0.7826042175,"14":0.787566185,"15":0.7939319611,"16":0.7968171239,"17":0.8018600941,"18":0.8047519922,"19":0.8096710443,"20":0.8131266832,"21":0.8137649298,"22":0.8155952096,"23":0.8208283186,"24":0.8215030432,"25":0.8229035139,"26":0.8243303299,"27":0.8236523867,"28":0.8256597519,"29":0.8266782165,"30":0.8275065422,"31":0.826374054,"32":0.8294594288,"33":0.8292972445,"34":0.8275098801,"35":0.8267658353}}