{"loss":{"0":1.6998733282,"1":1.3398483992,"2":1.1404289007,"3":1.0281975269,"4":0.9486935139,"5":0.9011759162,"6":0.8676663041,"7":0.8168043494,"8":0.793505013,"9":0.7562057376,"10":0.735925138,"11":0.7097741365,"12":0.6948977113,"13":0.6771561503,"14":0.6509210467,"15":0.6423600316,"16":0.6234375834,"17":0.6031416059,"18":0.6043367982,"19":0.5819288492,"20":0.5756494999,"21":0.5585899949,"22":0.5620750189,"23":0.5428138971,"24":0.527186811,"25":0.5294640064,"26":0.5050729513,"27":0.5016217828,"28":0.500125289,"29":0.4801352024,"30":0.4695340693,"31":0.4590524137,"32":0.439253062,"33":0.412692517},"acc":{"0":0.5002271533,"1":0.5020444989,"2":0.4922762513,"3":0.4988641441,"4":0.504543364,"5":0.5227169394,"6":0.5406633615,"7":0.552703321,"8":0.5524761677,"9":0.563380301,"10":0.5704225302,"11":0.5824624896,"12":0.5956383348,"13":0.6079055071,"14":0.640617907,"15":0.6417537332,"16":0.6574284434,"17":0.6767378449,"18":0.6740118265,"19":0.6821899414,"20":0.6987732649,"21":0.7121762633,"22":0.7169468403,"23":0.730576992,"24":0.7337573767,"25":0.7369377613,"26":0.7546569705,"27":0.7607905269,"28":0.7669241428,"29":0.77737391,"30":0.7782825828,"31":0.7887324095,"32":0.8030440807,"33":0.8141753674},"auc":{"0":0.4973649681,"1":0.5032211542,"2":0.4916132689,"3":0.502323091,"4":0.5141683221,"5":0.5347915888,"6":0.5546422005,"7":0.5743002892,"8":0.5805346966,"9":0.5975775719,"10":0.6066769361,"11":0.6235074997,"12":0.6404795647,"13":0.6563812494,"14":0.6893516779,"15":0.6954472065,"16":0.7188099027,"17":0.73948282,"18":0.7387976646,"19":0.7585743666,"20":0.7680163383,"21":0.7870161533,"22":0.7870982885,"23":0.7997915745,"24":0.8135284781,"25":0.8134543896,"26":0.831145525,"27":0.8374122381,"28":0.8403533697,"29":0.8530032039,"30":0.8577373624,"31":0.8651384115,"32":0.8784996271,"33":0.8922939301},"val_loss":{"0":0.7780249119,"1":0.7063183188,"2":0.6780876517,"3":0.6609020233,"4":0.6486560106,"5":0.6406935453,"6":0.6318672299,"7":0.624695003,"8":0.6190696955,"9":0.6099098325,"10":0.5995612144,"11":0.5947341919,"12":0.5821954012,"13":0.5721114278,"14":0.5595151186,"15":0.548235774,"16":0.5408934951,"17":0.5309736729,"18":0.5251346827,"19":0.5188996196,"20":0.5076190829,"21":0.5026000142,"22":0.4982013702,"23":0.4923962057,"24":0.496073246,"25":0.4869364798,"26":0.4827937484,"27":0.4805057943,"28":0.4792447686,"29":0.4774795175,"30":0.4771156907,"31":0.4790431559,"32":0.4817780256,"33":0.484321326},"val_acc":{"0":0.5013623834,"1":0.5277020931,"2":0.5921888947,"3":0.656675756,"4":0.6712079644,"5":0.6775658727,"6":0.69028157,"7":0.6893733144,"8":0.6884650588,"9":0.7084468603,"10":0.7138964534,"11":0.7166212797,"12":0.7266121507,"13":0.7302452326,"14":0.7447775006,"15":0.7411444187,"16":0.7447775006,"17":0.7447775006,"18":0.7520436049,"19":0.7520436049,"20":0.7565849423,"21":0.753860116,"22":0.7565849423,"23":0.7584014535,"24":0.7584014535,"25":0.7565849423,"26":0.7565849423,"27":0.7620345354,"28":0.7584014535,"29":0.7647593021,"30":0.7729337215,"31":0.7674841285,"32":0.7693006396,"33":0.7711171508},"val_auc":{"0":0.4569993317,"1":0.5098851919,"2":0.6148219109,"3":0.7098851204,"4":0.7279641628,"5":0.7343975902,"6":0.7471570373,"7":0.7602812052,"8":0.7670395374,"9":0.7769973278,"10":0.7801669836,"11":0.7878938913,"12":0.7937036157,"13":0.8017967939,"14":0.8090898991,"15":0.8168580532,"16":0.8226132393,"17":0.8254660368,"18":0.8290796876,"19":0.833204627,"20":0.836610198,"21":0.8381941915,"22":0.8422005177,"23":0.8435088992,"24":0.8454080224,"25":0.8462413549,"26":0.8459534049,"27":0.8476074934,"28":0.8479853868,"29":0.8490891457,"30":0.8480530381,"31":0.8472313881,"32":0.8471537828,"33":0.8469557762}}