{"loss":{"0":1.6887165308,"1":1.3157237768,"2":1.1479631662,"3":1.0067666769,"4":0.9348534942,"5":0.9013049006,"6":0.9079496264,"7":0.8548020124,"8":0.8459531665,"9":0.8076098561,"10":0.8011820912,"11":0.7792063355,"12":0.7528838515,"13":0.735642612,"14":0.724388361,"15":0.7181140184,"16":0.6806098223,"17":0.6646664739,"18":0.6572883129,"19":0.6385657191,"20":0.6275701523,"21":0.6137851477,"22":0.6038762331,"23":0.5949732065,"24":0.5731317997,"25":0.5604298115,"26":0.5614830256,"27":0.5352600813,"28":0.5389759541,"29":0.5157799125,"30":0.5056599975,"31":0.5049994588,"32":0.4816250205,"33":0.4677879214,"34":0.4504484832,"35":0.4522048831},"acc":{"0":0.4931849241,"1":0.5086324215,"2":0.4995456636,"3":0.4922762513,"4":0.5127214789,"5":0.5063607693,"6":0.5049977303,"7":0.5170376897,"8":0.5065879226,"9":0.5274875164,"10":0.5231713057,"11":0.5322580934,"12":0.5411176682,"13":0.5533848405,"14":0.5577010512,"15":0.5636074543,"16":0.5917764902,"17":0.6074511409,"18":0.6172194481,"19":0.6372103691,"20":0.6474329829,"21":0.6651521921,"22":0.6742389798,"23":0.6799182296,"24":0.7024080157,"25":0.7089959383,"26":0.7183098793,"27":0.7355747223,"28":0.7255792618,"29":0.7442072034,"30":0.7528396249,"31":0.7573829889,"32":0.7728305459,"33":0.7785097957,"34":0.7903226018,"35":0.7937301397},"auc":{"0":0.4941385388,"1":0.5070266128,"2":0.4979058504,"3":0.4945668578,"4":0.5205197334,"5":0.5200756192,"6":0.5044465065,"7":0.5241302252,"8":0.5162398815,"9":0.5375643373,"10":0.536724925,"11":0.5491315126,"12":0.5651710033,"13":0.5774123669,"14":0.5852180719,"15":0.592646122,"16":0.6325354576,"17":0.6580694914,"18":0.6665033698,"19":0.6902709007,"20":0.707110703,"21":0.7279419899,"22":0.7372034192,"23":0.7485643625,"24":0.7722581029,"25":0.7843067646,"26":0.7879700661,"27":0.8075029254,"28":0.8057165146,"29":0.8252594471,"30":0.8325637579,"31":0.8344207406,"32":0.8528436422,"33":0.8607333899,"34":0.872433722,"35":0.8725379705},"val_loss":{"0":0.7152150869,"1":0.6982082129,"2":0.6905442476,"3":0.6867241859,"4":0.6853435636,"5":0.6841564775,"6":0.6819247603,"7":0.6780194044,"8":0.6764000058,"9":0.6719995737,"10":0.6683481932,"11":0.6621622443,"12":0.6587936878,"13":0.6516211033,"14":0.6436902881,"15":0.632983923,"16":0.6205382943,"17":0.6122244596,"18":0.588601172,"19":0.5761159658,"20":0.5696806312,"21":0.5619847775,"22":0.5468361974,"23":0.5385905504,"24":0.5346062183,"25":0.5274714231,"26":0.5237697363,"27":0.5163376927,"28":0.5157976747,"29":0.5109986067,"30":0.5118517876,"31":0.5085044503,"32":0.5032114387,"33":0.5107100606,"34":0.507783711,"35":0.5141634345},"val_acc":{"0":0.4786557555,"1":0.4795640409,"2":0.5186194181,"3":0.5422343612,"4":0.5485922098,"5":0.5622161627,"6":0.5767484307,"7":0.6039963961,"8":0.6212534308,"9":0.6512261629,"10":0.6920980811,"11":0.6966394186,"12":0.7020890117,"13":0.6948229074,"14":0.6930063367,"15":0.7029972672,"16":0.7138964534,"17":0.7129881978,"18":0.7257038951,"19":0.7275204062,"20":0.7329699993,"21":0.7493187785,"22":0.7402361631,"23":0.7520436049,"24":0.7511353493,"25":0.7402361631,"26":0.7529518604,"27":0.7565849423,"28":0.7493187785,"29":0.753860116,"30":0.7475022674,"31":0.7475022674,"32":0.7529518604,"33":0.7438691854,"34":0.7565849423,"35":0.7475022674},"val_auc":{"0":0.4969137311,"1":0.490038991,"2":0.5320374966,"3":0.5819268227,"4":0.6143277287,"5":0.6355004907,"6":0.6651207805,"7":0.697591126,"8":0.7155189514,"9":0.7374384403,"10":0.7500594854,"11":0.7593282461,"12":0.7688711882,"13":0.7761210203,"14":0.7797458768,"15":0.7855335474,"16":0.7939199805,"17":0.8032366037,"18":0.808155179,"19":0.80910182,"20":0.8119832873,"21":0.8151108623,"22":0.816188097,"23":0.8186151981,"24":0.8200773001,"25":0.8230381012,"26":0.8232066035,"27":0.8269520998,"28":0.8292452097,"29":0.8299028873,"30":0.8300449848,"31":0.8305835724,"32":0.8325480223,"33":0.8325116038,"34":0.8322935104,"35":0.8320556879}}