{"loss":{"0":1.7710492611,"1":1.3648605347,"2":1.1033608913,"3":0.9896297455,"4":0.9230746031,"5":0.8756999373,"6":0.8517152071,"7":0.8010696769,"8":0.7754875422,"9":0.7552191019,"10":0.7253399491,"11":0.7082504034,"12":0.6890727282,"13":0.683780849,"14":0.666051805,"15":0.6462774277,"16":0.6267219186,"17":0.630781889,"18":0.6103986502,"19":0.5879915357,"20":0.5818394423,"21":0.5637646317,"22":0.5612460375,"23":0.5534382463,"24":0.5369722247,"25":0.5327986479,"26":0.5099721551,"27":0.5068414807,"28":0.4941352308,"29":0.478151083,"30":0.4698963165},"acc":{"0":0.490686059,"1":0.4945479333,"2":0.5136301517,"3":0.5206724405,"4":0.5236256123,"5":0.5390731692,"6":0.5472512245,"7":0.5463425517,"8":0.5536119938,"9":0.5622444153,"10":0.5763289332,"11":0.5883689523,"12":0.5865515471,"13":0.5990458727,"14":0.6085870266,"15":0.6238073707,"16":0.6399363875,"17":0.642662406,"18":0.6572012901,"19":0.6801453829,"20":0.6742389798,"21":0.7071785331,"22":0.7114948034,"23":0.7171739936,"24":0.7239890695,"25":0.7187641859,"26":0.7471603751,"27":0.7476147413,"28":0.7657882571,"29":0.7703316808,"30":0.7803271413},"auc":{"0":0.4933789074,"1":0.4892784357,"2":0.5139114261,"3":0.52803123,"4":0.539365828,"5":0.5578694344,"6":0.5606580973,"7":0.5702261925,"8":0.5733193159,"9":0.5807770491,"10":0.6029735804,"11":0.6171200275,"12":0.6339639425,"13":0.6398074627,"14":0.6596931219,"15":0.6815463305,"16":0.7080374956,"17":0.7063018084,"18":0.7271057367,"19":0.7518442869,"20":0.7547931671,"21":0.7788063288,"22":0.784661293,"23":0.7898436785,"24":0.8037410975,"25":0.8060256243,"26":0.8278458118,"27":0.8299751282,"28":0.8440753818,"29":0.8528020382,"30":0.857506156},"val_loss":{"0":0.7335453629,"1":0.7048413157,"2":0.6687431931,"3":0.6437267661,"4":0.6354144812,"5":0.6326836944,"6":0.6290944815,"7":0.6251386404,"8":0.6221016049,"9":0.6160610914,"10":0.6129606962,"11":0.6076015234,"12":0.6071845889,"13":0.5937535167,"14":0.5906162262,"15":0.5778360963,"16":0.5730527043,"17":0.5702306032,"18":0.5576199889,"19":0.5520204306,"20":0.54540658,"21":0.5377979279,"22":0.5377089381,"23":0.533485353,"24":0.5311655998,"25":0.5312476754,"26":0.5313498378,"27":0.5267671347,"28":0.5278518796,"29":0.5291308165,"30":0.5392391086},"val_acc":{"0":0.4877384305,"1":0.5131698251,"2":0.5867393017,"3":0.6612170935,"4":0.6666666865,"5":0.6648501158,"6":0.662125349,"7":0.6775658727,"8":0.6702997088,"9":0.6793823838,"10":0.6875567436,"11":0.6884650588,"12":0.686648488,"13":0.7138964534,"14":0.6984559298,"15":0.7138964534,"16":0.7111716866,"17":0.7048137784,"18":0.720254302,"19":0.720254302,"20":0.7211625576,"21":0.7266121507,"22":0.7266121507,"23":0.7275204062,"24":0.7302452326,"25":0.7320617437,"26":0.7375113368,"27":0.7320617437,"28":0.7338783145,"29":0.7356948256,"30":0.7375113368},"val_auc":{"0":0.4524436593,"1":0.5075801611,"2":0.6460003853,"3":0.7056413293,"4":0.7173777819,"5":0.7144243121,"6":0.7184915543,"7":0.7325479984,"8":0.7428884506,"9":0.7521004677,"10":0.7582730651,"11":0.7632874846,"12":0.7651882172,"13":0.7703592777,"14":0.7713741064,"15":0.7756625414,"16":0.7773537636,"17":0.7825874686,"18":0.788164556,"19":0.7902832031,"20":0.7939016819,"21":0.798519969,"22":0.8008794785,"23":0.8036630154,"24":0.8052239418,"25":0.8077352047,"26":0.8090270758,"27":0.8097696304,"28":0.8114608526,"29":0.8117216825,"30":0.8120779991}}