{"loss":{"0":1.6363658905,"1":1.3213409185,"2":1.0918662548,"3":1.0159447193,"4":0.9584588408,"5":0.9130787849,"6":0.889790833,"7":0.8424352407,"8":0.8197791576,"9":0.7926409245,"10":0.7682751417,"11":0.7373653054,"12":0.7253294587,"13":0.7139652371,"14":0.6999256015,"15":0.6915044188,"16":0.6731857657,"17":0.6765937805,"18":0.6603224874,"19":0.6363649964,"20":0.6201489568,"21":0.6200787425,"22":0.603949368,"23":0.588765204,"24":0.5876572132,"25":0.5744078755,"26":0.5565995574,"27":0.5512458682,"28":0.5279736519,"29":0.5220559835,"30":0.5138938427,"31":0.5075816512,"32":0.4826315641,"33":0.4634645581,"34":0.4589789808,"35":0.4275945723},"acc":{"0":0.5015901923,"1":0.4965924621,"2":0.5154474974,"3":0.5097683072,"4":0.5043162107,"5":0.5134029984,"6":0.5152203441,"7":0.5270331502,"8":0.529304862,"9":0.5320308805,"10":0.5352112651,"11":0.5472512245,"12":0.5542935133,"13":0.5533848405,"14":0.5654247999,"15":0.5810995102,"16":0.596092701,"17":0.596092701,"18":0.6203998327,"19":0.6394820809,"20":0.6556110978,"21":0.6583371162,"22":0.6658337116,"23":0.6824170947,"24":0.6921853423,"25":0.7005906701,"26":0.7146751285,"27":0.7192185521,"28":0.735347569,"29":0.743298471,"30":0.7535211444,"31":0.753975451,"32":0.7710132003,"33":0.7875965238,"34":0.7889595628,"35":0.8055429459},"auc":{"0":0.4980178475,"1":0.5053931475,"2":0.5168685317,"3":0.5007730722,"4":0.5005491972,"5":0.5158266425,"6":0.5210769176,"7":0.5285072327,"8":0.536757648,"9":0.5433627963,"10":0.5505540371,"11":0.5670369267,"12":0.5796746612,"13":0.586849153,"14":0.600014925,"15":0.6180488467,"16":0.6387530565,"17":0.6342617273,"18":0.6648762226,"19":0.6922453642,"20":0.7156939507,"21":0.7184284925,"22":0.7351741195,"23":0.7523081303,"24":0.7594482899,"25":0.7685267925,"26":0.7884441614,"27":0.7957888246,"28":0.8133186698,"29":0.8199939728,"30":0.8273193836,"31":0.8318719864,"32":0.849104166,"33":0.8622045517,"34":0.8663527966,"35":0.8845674396},"val_loss":{"0":0.6896600127,"1":0.6863791943,"2":0.6873814464,"3":0.6921637654,"4":0.6849204302,"5":0.6756420135,"6":0.6683983803,"7":0.6619570255,"8":0.6520899534,"9":0.6510018706,"10":0.6497815251,"11":0.6381419897,"12":0.6350295544,"13":0.6276822686,"14":0.6211456656,"15":0.6095125079,"16":0.5985569358,"17":0.5907872319,"18":0.5786274672,"19":0.5606110692,"20":0.5532827973,"21":0.5413175225,"22":0.5312200189,"23":0.5215203762,"24":0.5184207559,"25":0.5102522969,"26":0.5050488114,"27":0.5077600479,"28":0.4987564087,"29":0.4989393353,"30":0.4969891012,"31":0.4939986467,"32":0.4920361042,"33":0.5090510845,"34":0.5106006265,"35":0.5059264898},"val_acc":{"0":0.5186194181,"1":0.5576748252,"2":0.5322434306,"3":0.5122615695,"4":0.5113533139,"5":0.5222525001,"6":0.5613079071,"7":0.6094459295,"8":0.665758431,"9":0.6721162796,"10":0.6439600587,"11":0.714804709,"12":0.7093551159,"13":0.7111716866,"14":0.7093551159,"15":0.7184377909,"16":0.7229791284,"17":0.7284287214,"18":0.7257038951,"19":0.7347865701,"20":0.7402361631,"21":0.7411444187,"22":0.7366030812,"23":0.7447775006,"24":0.7456857562,"25":0.7484105229,"26":0.7529518604,"27":0.7529518604,"28":0.7465940118,"29":0.7593097091,"30":0.7611262202,"31":0.7620345354,"32":0.7602179646,"33":0.753860116,"34":0.762942791,"35":0.7556766868},"val_auc":{"0":0.5305074453,"1":0.567643404,"2":0.6205710173,"3":0.6322010756,"4":0.7000706196,"5":0.7368088961,"6":0.749519825,"7":0.7628329992,"8":0.7716876268,"9":0.7755141854,"10":0.7740092278,"11":0.786970973,"12":0.7842713594,"13":0.7870617509,"14":0.7937363982,"15":0.7974129319,"16":0.8013286591,"17":0.80075109,"18":0.8054853678,"19":0.8087278605,"20":0.8152210116,"21":0.8169618845,"22":0.8184850216,"23":0.8221994638,"24":0.8247703314,"25":0.8290061951,"26":0.828324616,"27":0.830786705,"28":0.832067132,"29":0.8343046904,"30":0.8347486258,"31":0.8356330395,"32":0.8354514837,"33":0.8341991305,"34":0.8329021931,"35":0.8338311911}}