{"loss":{"0":53.1469535828,"1":51.3106079102,"2":49.5516967773,"3":47.8499221802,"4":46.1984138489,"5":44.6086120605,"6":43.0616340637,"7":41.5804710388,"8":40.1285934448,"9":38.7146110535,"10":37.3493652344,"11":36.01304245,"12":34.7404632568,"13":33.4853172302,"14":32.2729454041,"15":31.0880184174,"16":29.956111908,"17":28.8361778259,"18":27.7599773407,"19":26.7167186737,"20":25.6950569153,"21":24.717338562,"22":23.7615394592,"23":22.8247032166,"24":21.9268112183,"25":21.0482254028,"26":20.1901779175,"27":19.3700008392,"28":18.5748195648,"29":17.8061141968,"30":17.0546188354,"31":16.3235778809,"32":15.624871254,"33":14.9362945557,"34":14.2818374634,"35":13.6341104507,"36":13.0145835876,"37":12.4248752594,"38":11.8565921783,"39":11.2874937057,"40":10.7611370087,"41":10.243221283,"42":9.7393417358,"43":9.2612314224,"44":8.8021850586,"45":8.3533906937,"46":7.92547369,"47":7.5122656822,"48":7.120704174,"49":6.7487273216,"50":6.3787007332,"51":6.0250573158,"52":5.70449543,"53":5.3786211014,"54":5.0851473808,"55":4.792429924,"56":4.5112743378,"57":4.2486190796,"58":3.9990367889,"59":3.7705988884,"60":3.5374393463,"61":3.3143901825,"62":3.1148631573,"63":2.928661108,"64":2.7461912632,"65":2.5802481174,"66":2.411772728,"67":2.2570822239,"68":2.1109287739,"69":1.9827153683,"70":1.8597755432,"71":1.7458488941,"72":1.6357610226,"73":1.531942606,"74":1.4443423748,"75":1.3514171839,"76":1.2700493336,"77":1.2048615217,"78":1.1295542717,"79":1.072529912,"80":1.0168075562,"81":0.9555614591,"82":0.9118562937,"83":0.8667173982,"84":0.8329335451,"85":0.8003312349,"86":0.7639719248,"87":0.7310039997,"88":0.7134143114,"89":0.6884772778,"90":0.6645094156,"91":0.6583688259,"92":0.6418545842,"93":0.6287235022,"94":0.6193413138,"95":0.6062431335,"96":0.5931044221,"97":0.5902038813,"98":0.5835171342,"99":0.5814509988,"100":0.5811188221,"101":0.5794761777},"acc":{"0":0.5322283506,"1":0.5658108592,"2":0.5809771419,"3":0.5943018198,"4":0.6057848334,"5":0.6145596504,"6":0.6276676655,"7":0.6258260012,"8":0.6382840276,"9":0.6433755755,"10":0.6523669958,"11":0.6688332558,"12":0.663850069,"13":0.6764163971,"14":0.6832412481,"15":0.6874661446,"16":0.6857328415,"17":0.6981908679,"18":0.7003574967,"19":0.7007908225,"20":0.7119488716,"21":0.7039324045,"22":0.7057740092,"23":0.7115155458,"24":0.7189903855,"25":0.7148737907,"26":0.7236485481,"27":0.7264651656,"28":0.7225652933,"29":0.7216986418,"30":0.7279818058,"31":0.7287400961,"32":0.7305817604,"33":0.7340483069,"34":0.7323150039,"35":0.7343733311,"36":0.7340483069,"37":0.7400065064,"38":0.7374065518,"39":0.7383815646,"40":0.7367565632,"41":0.7393565178,"42":0.7375149131,"43":0.7411981225,"44":0.7398981452,"45":0.7421731353,"46":0.7396814823,"47":0.7455313802,"48":0.7468313575,"49":0.7423897982,"50":0.7443397045,"51":0.7509478927,"52":0.7449896932,"53":0.7498645782,"54":0.745206356,"55":0.7475896478,"56":0.745206356,"57":0.7513812184,"58":0.7468313575,"59":0.7497562766,"60":0.7520312071,"61":0.7507312298,"62":0.7556061149,"63":0.7497562766,"64":0.7507312298,"65":0.7498645782,"66":0.7496479154,"67":0.7541978359,"68":0.7576643825,"69":0.7570143938,"70":0.7572310567,"71":0.7554977536,"72":0.749106288,"73":0.7520312071,"74":0.753439486,"75":0.7545228004,"76":0.7597226501,"77":0.7511645555,"78":0.756581068,"79":0.7511645555,"80":0.7589643598,"81":0.7559310794,"82":0.7602643371,"83":0.7597226501,"84":0.7597226501,"85":0.7572310567,"86":0.7602643371,"87":0.7603726387,"88":0.7571227551,"89":0.7617809772,"90":0.7615643144,"91":0.7559310794,"92":0.7608059645,"93":0.7610226274,"94":0.7583143711,"95":0.7632975578,"96":0.7661141753,"97":0.7686057687,"98":0.7644892335,"99":0.7663308382,"100":0.7602643371,"101":0.7621059418},"auc":{"0":0.5330448151,"1":0.5748814344,"2":0.5789861679,"3":0.579762876,"4":0.5866099,"5":0.5862926841,"6":0.5915634036,"7":0.5800489187,"8":0.5812449455,"9":0.5849235058,"10":0.5830828547,"11":0.595615387,"12":0.5772277117,"13":0.5924029946,"14":0.5954911709,"15":0.6021975279,"16":0.5935195684,"17":0.603631258,"18":0.6063097715,"19":0.598090291,"20":0.6049723625,"21":0.598482728,"22":0.5975241065,"23":0.6053391099,"24":0.6009079814,"25":0.602941215,"26":0.6138579249,"27":0.6101331711,"28":0.6046539545,"29":0.600291729,"30":0.6038466692,"31":0.6096175909,"32":0.5999363661,"33":0.6063765287,"34":0.6056838036,"35":0.6182345748,"36":0.6165316105,"37":0.6075048447,"38":0.604866147,"39":0.6189236641,"40":0.6059869528,"41":0.6114574671,"42":0.6155250669,"43":0.6190201044,"44":0.6100744009,"45":0.6179460287,"46":0.6175031662,"47":0.6167396307,"48":0.6198071241,"49":0.6134127975,"50":0.6248488426,"51":0.6295866966,"52":0.6134796143,"53":0.6265588999,"54":0.6130695343,"55":0.6199116707,"56":0.6271243095,"57":0.6223676801,"58":0.6289174557,"59":0.6173534393,"60":0.6208833456,"61":0.6329125762,"62":0.6273159981,"63":0.6225219965,"64":0.6254613996,"65":0.6196345091,"66":0.6278377771,"67":0.6341160536,"68":0.6375507116,"69":0.6315123439,"70":0.6326371431,"71":0.6283891201,"72":0.6297054291,"73":0.6324642301,"74":0.6240921021,"75":0.6374202967,"76":0.6360282898,"77":0.6268126369,"78":0.6333734989,"79":0.6245857477,"80":0.624592185,"81":0.6415401101,"82":0.633770287,"83":0.6401175857,"84":0.6357095242,"85":0.6365386248,"86":0.643001914,"87":0.6467778683,"88":0.6412411928,"89":0.6467289925,"90":0.6536285877,"91":0.6404144168,"92":0.6441780329,"93":0.644375205,"94":0.6445145607,"95":0.6532572508,"96":0.6599977016,"97":0.6584004164,"98":0.6588776112,"99":0.6533168554,"100":0.6500196457,"101":0.6516529918},"val_loss":{"0":52.0329399109,"1":50.31067276,"2":48.5993041992,"3":46.8963127136,"4":45.2809028625,"5":43.7018165588,"6":42.2045631409,"7":40.7162284851,"8":39.2781486511,"9":37.8887214661,"10":36.5572357178,"11":35.2430610657,"12":33.9819107056,"13":32.7588043213,"14":31.566034317,"15":30.4135894775,"16":29.2958564758,"17":28.204120636,"18":27.1395301819,"19":26.1112480164,"20":25.1113643646,"21":24.1392345428,"22":23.200460434,"23":22.286567688,"24":21.3991928101,"25":20.5375747681,"26":19.7026062012,"27":18.8930244446,"28":18.1077213287,"29":17.3463191986,"30":16.6095790863,"31":15.8963251114,"32":15.2060441971,"33":14.538269043,"34":13.891617775,"35":13.2671051025,"36":12.6612854004,"37":12.0769300461,"38":11.5111303329,"39":10.965382576,"40":10.4412612915,"41":9.9351873398,"42":9.4447336197,"43":8.975725174,"44":8.5274381638,"45":8.1010704041,"46":7.6839804649,"47":7.2846951485,"48":6.9016985893,"49":6.5319452286,"50":6.1734433174,"51":5.8309049606,"52":5.5082235336,"53":5.1941843033,"54":4.8999843597,"55":4.6171450615,"56":4.3464112282,"57":4.0942511559,"58":3.8587327003,"59":3.6282262802,"60":3.4034385681,"61":3.2020716667,"62":3.0101566315,"63":2.8187360764,"64":2.6446068287,"65":2.4785139561,"66":2.3216204643,"67":2.1781673431,"68":2.0432734489,"69":1.9108105898,"70":1.7967116833,"71":1.680727005,"72":1.571606636,"73":1.4660160542,"74":1.3805445433,"75":1.3027424812,"76":1.2313703299,"77":1.1581873894,"78":1.0974725485,"79":1.0349504948,"80":0.9785351753,"81":0.9548156857,"82":0.8855753541,"83":0.852094233,"84":0.8102890849,"85":0.7722994089,"86":0.7423280478,"87":0.7214409709,"88":0.7013430595,"89":0.6673417091,"90":0.6652756929,"91":0.6439723372,"92":0.6270496845,"93":0.6325002313,"94":0.6159239411,"95":0.6077082753,"96":0.5899388194,"97":0.5952179432,"98":0.5799262524,"99":0.5844210982,"100":0.6043262482,"101":0.5957344174},"val_acc":{"0":0.6737434864,"1":0.6351819634,"2":0.6477469802,"3":0.7097053528,"4":0.716204524,"5":0.728336215,"6":0.7287694812,"7":0.7439341545,"8":0.7590987682,"9":0.7590987682,"10":0.7586655021,"11":0.762131691,"12":0.762131691,"13":0.7625650167,"14":0.7612651587,"15":0.7616984248,"16":0.7616984248,"17":0.7616984248,"18":0.7625650167,"19":0.762131691,"20":0.7634315491,"21":0.7647313476,"22":0.7647313476,"23":0.7647313476,"24":0.7642980814,"25":0.7638648152,"26":0.7638648152,"27":0.7638648152,"28":0.7638648152,"29":0.7664644718,"30":0.7642980814,"31":0.766897738,"32":0.7673310041,"33":0.7681975961,