{"loss":{"0":54.0783538818,"1":53.7323112488,"2":53.3498153687,"3":52.971446991,"4":52.5982818604,"5":52.220867157,"6":51.8732681274,"7":51.5163879395,"8":51.1816635132,"9":50.8128547668,"10":50.4233474731,"11":50.1470184326,"12":49.7725105286,"13":49.3945960999,"14":49.0744094849,"15":48.7256584167,"16":48.3720855713,"17":48.0483283997,"18":47.7308921814,"19":47.3808860779,"20":47.0461120605,"21":46.7551269531,"22":46.3810501099,"23":46.0701637268,"24":45.7729377747,"25":45.4357948303,"26":45.0928611755,"27":44.7741508484,"28":44.4955368042,"29":44.1724510193,"30":43.8625030518,"31":43.5617980957,"32":43.2613868713,"33":42.9412117004,"34":42.6596107483,"35":42.3855819702,"36":42.0443992615,"37":41.7527923584,"38":41.4779281616,"39":41.180606842,"40":40.8886642456,"41":40.609916687,"42":40.3293266296,"43":40.0151062012,"44":39.7516708374,"45":39.446269989,"46":39.1762313843,"47":38.8991165161,"48":38.6243209839,"49":38.3456039429,"50":38.0821762085,"51":37.8162269592,"52":37.553691864,"53":37.2550163269,"54":36.9944381714,"55":36.7314987183,"56":36.4514656067,"57":36.1996040344,"58":35.9334373474,"59":35.6686096191,"60":35.4127006531,"61":35.1419944763,"62":34.917640686,"63":34.6514320374,"64":34.3938140869,"65":34.1672401428,"66":33.8990097046,"67":33.6508483887,"68":33.3726425171,"69":33.1769523621,"70":32.9111747742,"71":32.6926269531,"72":32.4108886719,"73":32.1994247437,"74":31.9458847046},"acc":{"0":0.6608884335,"1":0.6538461447,"2":0.6608884335,"3":0.6560130119,"4":0.6679306626,"5":0.6652221084,"6":0.6738895178,"7":0.6749728918,"8":0.6603466868,"9":0.6782231927,"10":0.681473434,"11":0.6630552411,"12":0.6755146384,"13":0.6744312048,"14":0.6793066263,"15":0.6836403012,"16":0.6771397591,"17":0.6782231927,"18":0.6711809039,"19":0.6673889756,"20":0.6841819882,"21":0.6603466868,"22":0.6744312048,"23":0.6863488555,"24":0.680931747,"25":0.6744312048,"26":0.7047670484,"27":0.7026002407,"28":0.6863488555,"29":0.691765964,"30":0.6906825304,"31":0.6863488555,"32":0.6863488555,"33":0.6830986142,"34":0.681473434,"35":0.6852654219,"36":0.6955579519,"37":0.6901408434,"38":0.6906825304,"39":0.6971830726,"40":0.6895991564,"41":0.680931747,"42":0.6803900599,"43":0.6836403012,"44":0.6928493977,"45":0.7085590363,"46":0.691224277,"47":0.6825568676,"48":0.6923077106,"49":0.6993499398,"50":0.6960996985,"51":0.6863488555,"52":0.6933911443,"53":0.7015168071,"54":0.6977248192,"55":0.7069339156,"56":0.6993499398,"57":0.6895991564,"58":0.7009750605,"59":0.7063922286,"60":0.7091007829,"61":0.7063922286,"62":0.6982665062,"63":0.7042253613,"64":0.7080173492,"65":0.7047670484,"66":0.691765964,"67":0.7015168071,"68":0.7210184336,"69":0.7107259035,"70":0.716143012,"71":0.6977248192,"72":0.7275189757,"73":0.7042253613,"74":0.7085590363},"auc":{"0":0.5410087705,"1":0.5161966085,"2":0.5414093733,"3":0.5479476452,"4":0.5754381418,"5":0.5781289935,"6":0.5654443502,"7":0.5769218802,"8":0.5581860542,"9":0.5746918321,"10":0.5943343639,"11":0.5511726141,"12":0.5639272332,"13":0.5912691355,"14":0.576888442,"15":0.585069418,"16":0.5949025154,"17":0.5852665305,"18":0.5811545849,"19":0.5977874398,"20":0.5981737375,"21":0.5711044073,"22":0.6087070704,"23":0.6091942191,"24":0.5842214823,"25":0.6023380756,"26":0.6234747171,"27":0.629610002,"28":0.6035094857,"29":0.597695291,"30":0.6087475419,"31":0.5995994806,"32":0.6114639044,"33":0.6143933535,"34":0.5993022323,"35":0.5691518188,"36":0.6091926098,"37":0.6073457003,"38":0.5955184698,"39":0.6005324125,"40":0.6007255912,"41":0.5949876308,"42":0.5890955329,"43":0.6094969511,"44":0.5953897834,"45":0.6120187044,"46":0.5973487496,"47":0.6023241282,"48":0.5994865894,"49":0.6006524563,"50":0.5963616967,"51":0.5768344402,"52":0.5790961981,"53":0.6095725298,"54":0.6022164822,"55":0.5953492522,"56":0.6078408957,"57":0.6058372259,"58":0.610352993,"59":0.6207257509,"60":0.6072694063,"61":0.6370685101,"62":0.5996916294,"63":0.6194263697,"64":0.6220275164,"65":0.5969847441,"66":0.6133546233,"67":0.6205119491,"68":0.6462222338,"69":0.5923737884,"70":0.6184369326,"71":0.6008782387,"72":0.6530982256,"73":0.6124072671,"74":0.6309229136},"val_loss":{"0":53.68516922,"1":53.3395080566,"2":52.9623908997,"3":52.5867118835,"4":52.2209320068,"5":51.8556594849,"6":51.4984321594,"7":51.1455307007,"8":50.7931480408,"9":50.448097229,"10":50.108165741,"11":49.7723655701,"12":49.4396400452,"13":49.1113510132,"14":48.7810249329,"15":48.4563140869,"16":48.1346359253,"17":47.8115348816,"18":47.4834899902,"19":47.1580886841,"20":46.8319511414,"21":46.5078430176,"22":46.1905326843,"23":45.8789863586,"24":45.5638198853,"25":45.2519264221,"26":44.9253501892,"27":44.6060523987,"28":44.297580719,"29":43.9819450378,"30":43.6719284058,"31":43.3659248352,"32":43.0625114441,"33":42.7600860596,"34":42.4534492493,"35":42.1434669495,"36":41.8386230469,"37":41.5404167175,"38":41.2427978516,"39":40.951625824,"40":40.6612091064,"41":40.3741798401,"42":40.0912475586,"43":39.8070602417,"44":39.524143219,"45":39.2416419983,"46":38.9623680115,"47":38.6869544983,"48":38.4139556885,"49":38.1440925598,"50":37.8753051758,"51":37.6030044556,"52":37.3330802917,"53":37.0654945374,"54":36.7980766296,"55":36.5293121338,"56":36.2667732239,"57":36.0073204041,"58":35.7481498718,"59":35.48695755,"60":35.230304718,"61":34.9750099182,"62":34.7200126648,"63":34.4662971497,"64":34.2146720886,"65":33.9624938965,"66":33.7134819031,"67":33.4656677246,"68":33.2177848816,"69":32.9718093872,"70":32.725856781,"71":32.4799118042,"72":32.2386894226,"73":31.9976940155,"74":31.757396698},"val_acc":{"0":0.7792207599,"1":0.7792207599,"2":0.7792207599,"3":0.7792207599,"4":0.7792207599,"5":0.7792207599,"6":0.7792207599,"7":0.7835497856,"8":0.7835497856,"9":0.7748917937,"10":0.7489177585,"11":0.7337662578,"12":0.729437232,"13":0.7186146975,"14":0.686147213,"15":0.6688311696,"16":0.6493506432,"17":0.6471861601,"18":0.6428571343,"19":0.6363636255,"20":0.6385281682,"21":0.6363636255,"22":0.6320346594,"23":0.6233766079,"24":0.6168830991,"25":0.614718616,"26":0.6255411506,"27":0.6320346594,"28":0.6320346594,"29":0.6363636255,"30":0.6385281682,"31":0.6406926513,"32":0.6406926513,"33":0.6428571343,"34":0.6450216174,"35":0.658008635,"36":0.6774891615,"37":0.6948052049,"38":0.7164502144,"39":0.7164502144,"40":0.7164502144,"41":0.7164502144,"42":0.7121211886,"43":0.7121211886,"44":0.7164502144,"45":0.7272727489,"46":0.7272727489,"47":0.7251082063,"48":0.7164502144,"49":0.6969696879,"50":0.6926407218,"51":0.699134171,"52":0.7056276798,"53":0.7012987137,"54":0.7121211886,"55":0.7186146975,"56":0.7164502144,"57":0.7142857313,"58":0.7186146975,"59":0.7272727489,"60":0.7272727489,"61":0.729437232,"62":0.7337662578,"63":0.7359307408,"64":0.7337662578,"65":0.729437232,"66":0.7316017151,"67":0.7359307408,"68":0.7380952239,"69":0.7380952239,"70":0.7445887327,"71":0.7467532754,"72":0.7489177585,"73":0.7510822415,"74":0.7575757504},"val_auc":{"0":0.6317129135,"1":0.631508708,"2":0.6318491697,"3":0.6311137676,"4":0.6313862205,"5":0.6307734251,"6":0.6310457587,"7":0.6304466128,"8":0.6296840906,"9":0.6307325363,"10":0.6314270496,"11":0.6309368014,"12":0.6306781173,"13":0.6314270496,"14":0.6307461858,"15":0.6308823824,"16":0.6314542294,"17":0.6313861609,"18":0.6315495968,"19":0.6322848797,"20":0.6313861609,"21":0.631944418,"22":0.6330065727,"23":0.6328295469,"24":0.633251667,"25":0.6335375905,"26":0.6333469152,"27":0.6332788467,"28":0.6337145567,"29":0.6336464882,"30":0.6336601973,"31":0.633605659,"32":0.6339051723,"33":0.6343137026,"34":0.6342592239,"35":0.6341367364,"36":0.6349673271,"37":0.6351034641,"38":0.6347903013,"39":0.6344771385,"40":0.6345587969,"41":0.6341639757,"42":0.6345179677,"43":0.6352397203,"44":0.634626925,"45":0.6355528235,"46":0.634041369,"47":0.6352396011,"48":0.6349945664,"49":0.6343818903,"50":0.6347494721,"51":0.6351851821,"52":0.6347494125,"53":0.6356890202,"54":0.6351579428,"55":0.6357570887,"56":0.6357706785,"57":0.6356072426,"58":0.6357979178,"59":0.6347767115,"60":0.6350218058,"61":0.6357434988,"62":0.6350762844,