{"loss":{"0":54.0761680603,"1":53.7174186707,"2":53.2911834717,"3":52.8934707642,"4":52.56823349,"5":52.1963653564,"6":51.7823219299,"7":51.4272193909,"8":51.0773735046,"9":50.7472648621,"10":50.3542251587,"11":50.0310134888,"12":49.6800460815,"13":49.3501205444,"14":48.9823646545,"15":48.6190567017,"16":48.2497367859,"17":47.9696311951,"18":47.5671043396,"19":47.2606506348,"20":46.9395179749,"21":46.6099700928,"22":46.2894477844,"23":45.9590682983,"24":45.5795402527,"25":45.3314590454,"26":44.9647521973,"27":44.6540107727,"28":44.318813324,"29":44.0355987549,"30":43.7205810547,"31":43.4044265747,"32":43.1188240051,"33":42.8151245117,"34":42.4922027588,"35":42.1807403564,"36":41.8685646057,"37":41.5953903198,"38":41.2992324829,"39":40.9781799316,"40":40.6832046509,"41":40.4042701721,"42":40.1307601929,"43":39.8155708313,"44":39.5133705139,"45":39.288936615,"46":38.9650917053,"47":38.6596107483,"48":38.4325447083,"49":38.1284332275,"50":37.8484725952,"51":37.5560569763,"52":37.2954826355,"53":37.0516586304,"54":36.762802124,"55":36.4668197632,"56":36.2498779297,"57":35.9963493347,"58":35.7208328247,"59":35.4504508972,"60":35.2150535583,"61":34.9735412598,"62":34.6726608276,"63":34.4075737,"64":34.1658439636,"65":33.9188423157,"66":33.6648674011,"67":33.4441375732,"68":33.1683044434,"69":32.9210624695,"70":32.6308135986,"71":32.4314117432,"72":32.2197723389,"73":31.9528656006,"74":31.6847305298},"acc":{"0":0.3174431324,"1":0.3255687952,"2":0.351029247,"3":0.3472372591,"4":0.3336944878,"5":0.3542795181,"6":0.3634886146,"7":0.3553629518,"8":0.3634886146,"9":0.365113765,"10":0.3802816868,"11":0.3770314157,"12":0.3781148493,"13":0.3813651204,"14":0.3678223193,"15":0.3867822289,"16":0.3927410543,"17":0.3846153915,"18":0.4024918675,"19":0.3992415965,"20":0.3997833133,"21":0.4203683734,"22":0.4024918675,"23":0.4209100902,"24":0.4479956627,"25":0.4100758433,"26":0.443120271,"27":0.4203683734,"28":0.4355362952,"29":0.4349945784,"30":0.4349945784,"31":0.4512459338,"32":0.4274106324,"33":0.4317443073,"34":0.4398699999,"35":0.4572047591,"36":0.4534127712,"37":0.4442036748,"38":0.4566630423,"39":0.4647887349,"40":0.4631635845,"41":0.4718309939,"42":0.4490790963,"43":0.4718309939,"44":0.4783315361,"45":0.4658721685,"46":0.4907909036,"47":0.5086674094,"48":0.4804983735,"49":0.4902491868,"50":0.5,"51":0.5102925301,"52":0.5173347592,"53":0.4924160242,"54":0.5178765059,"55":0.5362946987,"56":0.5097507834,"57":0.5043336749,"58":0.5135427713,"59":0.5292524099,"60":0.5032502413,"61":0.5167930722,"62":0.5357529521,"63":0.539003253,"64":0.539003253,"65":0.5178765059,"66":0.5352112651,"67":0.5422534943,"68":0.5292524099,"69":0.5563380122,"70":0.5698808432,"71":0.553629458,"72":0.5455037951,"73":0.5601300001,"74":0.5704225302},"auc":{"0":0.5262881517,"1":0.5196479559,"2":0.5595254302,"3":0.5915966034,"4":0.5598068237,"5":0.574590981,"6":0.5681009293,"7":0.5922811031,"8":0.581616044,"9":0.5867394209,"10":0.590699017,"11":0.5951478481,"12":0.5794714093,"13":0.5899184942,"14":0.5910280347,"15":0.594923377,"16":0.6051517725,"17":0.5837866068,"18":0.6234246492,"19":0.6085211039,"20":0.5961680412,"21":0.5953900814,"22":0.5913627744,"23":0.6135693789,"24":0.6291983724,"25":0.5920356512,"26":0.6345956326,"27":0.598572433,"28":0.5948865414,"29":0.5883272886,"30":0.5963960886,"31":0.6137831807,"32":0.6053855419,"33":0.6052569151,"34":0.5777516365,"35":0.6274523735,"36":0.600748837,"37":0.5903443098,"38":0.609724164,"39":0.61961025,"40":0.631070137,"41":0.6014117002,"42":0.5930299759,"43":0.6222316027,"44":0.6176584959,"45":0.5969312191,"46":0.6042076349,"47":0.6380517483,"48":0.6003857255,"49":0.6215487719,"50":0.6234526038,"51":0.6387046576,"52":0.6305691004,"53":0.6020753384,"54":0.6292351484,"55":0.6338425875,"56":0.6112636328,"57":0.5955587029,"58":0.5962682962,"59":0.6187663078,"60":0.593888998,"61":0.5871910453,"62":0.6212207079,"63":0.6279594898,"64":0.6177278161,"65":0.5980423689,"66":0.5990967751,"67":0.6099845767,"68":0.6070401669,"69":0.6054080725,"70":0.6512312889,"71":0.6136453748,"72":0.6024109125,"73":0.6133431792,"74":0.6244006157},"val_loss":{"0":53.5672111511,"1":53.1468658447,"2":52.7773132324,"3":52.4084472656,"4":52.0975341797,"5":51.8357963562,"6":51.5845222473,"7":51.3000411987,"8":50.9909248352,"9":50.6710548401,"10":50.3463516235,"11":50.0311164856,"12":49.6887779236,"13":49.375328064,"14":49.01329422,"15":48.6996536255,"16":48.3776702881,"17":48.0721206665,"18":47.7570075989,"19":47.3985786438,"20":47.0607757568,"21":46.7163963318,"22":46.3634147644,"23":46.0135498047,"24":45.6709365845,"25":45.3362464905,"26":44.9926834106,"27":44.6801528931,"28":44.4022216797,"29":44.0894927979,"30":43.7945823669,"31":43.4886474609,"32":43.1572608948,"33":42.8715667725,"34":42.5689926147,"35":42.2873764038,"36":41.9814834595,"37":41.685508728,"38":41.3686790466,"39":41.0509796143,"40":40.7820930481,"41":40.4538726807,"42":40.1517715454,"43":39.8272972107,"44":39.5049057007,"45":39.2113189697,"46":38.9421005249,"47":38.6708755493,"48":38.4076843262,"49":38.1255493164,"50":37.8437995911,"51":37.5757751465,"52":37.3180580139,"53":37.0604362488,"54":36.8156814575,"55":36.5687065125,"56":36.2871246338,"57":36.0239181519,"58":35.7670173645,"59":35.4966506958,"60":35.2649536133,"61":34.9999732971,"62":34.7469673157,"63":34.4869422913,"64":34.2583961487,"65":34.0178260803,"66":33.7552909851,"67":33.5055961609,"68":33.2226028442,"69":32.9756164551,"70":32.7256584167,"71":32.4772644043,"72":32.2009544373,"73":31.9685935974,"74":31.7283840179},"val_acc":{"0":0.2424242496,"1":0.2424242496,"2":0.2424242496,"3":0.2424242496,"4":0.2424242496,"5":0.2424242496,"6":0.2424242496,"7":0.2424242496,"8":0.2424242496,"9":0.2424242496,"10":0.2424242496,"11":0.2424242496,"12":0.2424242496,"13":0.2424242496,"14":0.2424242496,"15":0.2424242496,"16":0.2424242496,"17":0.2424242496,"18":0.2424242496,"19":0.2424242496,"20":0.2424242496,"21":0.2424242496,"22":0.2424242496,"23":0.2424242496,"24":0.2424242496,"25":0.2424242496,"26":0.2424242496,"27":0.2424242496,"28":0.2424242496,"29":0.2424242496,"30":0.2424242496,"31":0.2424242496,"32":0.2424242496,"33":0.2424242496,"34":0.2424242496,"35":0.2424242496,"36":0.2424242496,"37":0.2424242496,"38":0.2424242496,"39":0.2424242496,"40":0.2424242496,"41":0.2424242496,"42":0.2424242496,"43":0.2424242496,"44":0.2424242496,"45":0.2424242496,"46":0.2424242496,"47":0.2424242496,"48":0.2424242496,"49":0.2424242496,"50":0.2424242496,"51":0.2424242496,"52":0.2424242496,"53":0.2424242496,"54":0.2424242496,"55":0.2424242496,"56":0.2424242496,"57":0.2424242496,"58":0.2424242496,"59":0.2424242496,"60":0.2424242496,"61":0.2424242496,"62":0.2424242496,"63":0.2424242496,"64":0.2424242496,"65":0.2424242496,"66":0.2424242496,"67":0.2424242496,"68":0.2445887476,"69":0.2489177436,"70":0.2489177436,"71":0.2489177436,"72":0.2619047761,"73":0.2597402632,"74":0.2554112673},"val_auc":{"0":0.615369916,"1":0.6218367219,"2":0.6231760979,"3":0.6253699064,"4":0.6251530647,"5":0.6275892854,"6":0.6276658773,"7":0.6272704601,"8":0.6264541149,"9":0.6243749857,"10":0.6249107122,"11":0.6258801222,"12":0.6287372708,"13":0.6241453886,"14":0.6245535612,"15":0.6253699064,"16":0.6224617362,"17":0.6253188848,"18":0.6267729998,"19":0.6248214245,"20":0.622436285,"21":0.6247831583,"22":0.6244004965,"23":0.6258928776,"24":0.6235331297,"25":0.6233036518,"26":0.6273342371,"27":0.6277424097,"28":0.6263520718,"29":0.6272066832,"30":0.6269642711,"31":0.6265178323,"32":0.6272704601,"33":0.6285841465,"34":0.6277040839,"35":0.6270408034,"36":0.6271045804,"37":0.6286224127,"38":0.6247448921,"39":0.6247321367,"40":0.6242856979,"41":0.6239413023,"42":0.6243112087,"43":0.6250765324,"44":0.6252678633,"45":0.6262117028,"46":0.6262117624,"47":0.6281632185,"48":0.6285713911,"49":0.6286479235,"50":0.6294642687,"51":0.6295152903,"52":0.6289285421,"53":0.627857089,"54":0.6293622255,"55":0.6303316355,"56":0.628469348,"57":0.6273086071,"58":0.6278825998,"59":0.6293622255,"60":0.6291326284,"61":0.6285841465,"62":0.6267729998,