{"loss":{"0":53.2494697571,"1":52.8808860779,"2":52.5061988831,"3":52.1374206543,"4":51.7729187012,"5":51.4182739258,"6":51.0671310425,"7":50.6898536682,"8":50.3309516907,"9":49.9930534363,"10":49.6480178833,"11":49.3236274719,"12":48.9838638306,"13":48.618724823,"14":48.2985267639,"15":47.9790267944,"16":47.6165847778,"17":47.2745742798,"18":46.9739379883,"19":46.6503486633,"20":46.3236274719,"21":45.9792556763,"22":45.6789512634,"23":45.3602561951,"24":45.0328102112,"25":44.7384109497,"26":44.4123344421,"27":44.1102981567,"28":43.7921981812,"29":43.4930877686,"30":43.195350647,"31":42.8969345093,"32":42.5765151978,"33":42.2958602905,"34":41.9844894409,"35":41.7290458679,"36":41.4163818359,"37":41.1057701111,"38":40.8388328552,"39":40.5493011475,"40":40.2489967346,"41":39.9776191711,"42":39.6861763,"43":39.4145927429,"44":39.1527252197,"45":38.8429985046,"46":38.6064033508,"47":38.2996444702,"48":38.0368919373,"49":37.7848701477,"50":37.4967002869,"51":37.2325820923,"52":36.9582023621,"53":36.7095718384,"54":36.4556732178,"55":36.2092437744,"56":35.94090271,"57":35.6587715149,"58":35.4134788513,"59":35.1344871521,"60":34.893787384,"61":34.6495132446,"62":34.3907814026,"63":34.1517524719,"64":33.9043502808,"65":33.6447944641,"66":33.403503418,"67":33.1653137207,"68":32.9614334106,"69":32.6789703369,"70":32.4678344727,"71":32.2017822266,"72":31.9659614563,"73":31.7507972717,"74":31.494178772},"acc":{"0":0.6565546989,"1":0.6603466868,"2":0.6598049998,"3":0.652762711,"4":0.6619718075,"5":0.6657637954,"6":0.6684723496,"7":0.6787648797,"8":0.6717226505,"9":0.6744312048,"10":0.6798483133,"11":0.666305542,"12":0.6646803617,"13":0.6906825304,"14":0.6793066263,"15":0.6592632532,"16":0.6852654219,"17":0.6782231927,"18":0.6793066263,"19":0.6830986142,"20":0.6944745183,"21":0.691765964,"22":0.6836403012,"23":0.6787648797,"24":0.6836403012,"25":0.6765980721,"26":0.6955579519,"27":0.6760563254,"28":0.6830986142,"29":0.6874322891,"30":0.6836403012,"31":0.6717226505,"32":0.6960996985,"33":0.6879739761,"34":0.6988082528,"35":0.6858071685,"36":0.6960996985,"37":0.705850482,"38":0.6933911443,"39":0.705850482,"40":0.7009750605,"41":0.6874322891,"42":0.7063922286,"43":0.6939328313,"44":0.6825568676,"45":0.7145178914,"46":0.7091007829,"47":0.7096424699,"48":0.7085590363,"49":0.6879739761,"50":0.7009750605,"51":0.7004333735,"52":0.7123510242,"53":0.7096424699,"54":0.6841819882,"55":0.6836403012,"56":0.6890574098,"57":0.7123510242,"58":0.7026002407,"59":0.7091007829,"60":0.6993499398,"61":0.6993499398,"62":0.7101841569,"63":0.715601325,"64":0.7009750605,"65":0.7063922286,"66":0.7134344578,"67":0.7080173492,"68":0.6765980721,"69":0.7226435542,"70":0.6982665062,"71":0.7047670484,"72":0.7080173492,"73":0.7042253613,"74":0.7091007829},"auc":{"0":0.5315816402,"1":0.5366563797,"2":0.5478261113,"3":0.5655454993,"4":0.5668563247,"5":0.5707353354,"6":0.564458549,"7":0.5899071097,"8":0.59027493,"9":0.5940536261,"10":0.5912048817,"11":0.5690022707,"12":0.5728377104,"13":0.5994293094,"14":0.5885955095,"15":0.5651248693,"16":0.5906356573,"17":0.6038244963,"18":0.5764181614,"19":0.5809206963,"20":0.5820807219,"21":0.6106721163,"22":0.5955379009,"23":0.5946165323,"24":0.607293725,"25":0.5902283192,"26":0.6065667868,"27":0.5937503576,"28":0.597927928,"29":0.6137712598,"30":0.591838479,"31":0.5996462107,"32":0.6113072634,"33":0.5953326225,"34":0.6216341257,"35":0.5787911415,"36":0.6030493975,"37":0.6157103777,"38":0.6046822071,"39":0.6090945005,"40":0.6130605936,"41":0.6059991717,"42":0.6123195887,"43":0.6027492881,"44":0.5827696323,"45":0.6289917231,"46":0.5809440017,"47":0.6199928522,"48":0.617074728,"49":0.5869643688,"50":0.620405674,"51":0.6130022407,"52":0.6220267415,"53":0.6102825403,"54":0.5986043811,"55":0.5797840357,"56":0.5980920792,"57":0.6084514856,"58":0.605273068,"59":0.6343518496,"60":0.6215299964,"61":0.6121197939,"62":0.6219420433,"63":0.6098463535,"64":0.6099271774,"65":0.6248273849,"66":0.6292366385,"67":0.6134454012,"68":0.5772664547,"69":0.6327654123,"70":0.5982498527,"71":0.6285003424,"72":0.6329562664,"73":0.604737401,"74":0.6346123219},"val_loss":{"0":52.8369979858,"1":52.472946167,"2":52.113445282,"3":51.7528533936,"4":51.3915405273,"5":51.0342063904,"6":50.6809539795,"7":50.3282699585,"8":49.9806480408,"9":49.6361274719,"10":49.2915916443,"11":48.9514961243,"12":48.6130981445,"13":48.2764320374,"14":47.94323349,"15":47.6108474731,"16":47.2814025879,"17":46.954574585,"18":46.629486084,"19":46.3061599731,"20":45.9851341248,"21":45.6659202576,"22":45.3492088318,"23":45.0338134766,"24":44.7200431824,"25":44.4084777832,"26":44.0997314453,"27":43.7927894592,"28":43.4872512817,"29":43.1833343506,"30":42.8817825317,"31":42.5818977356,"32":42.284828186,"33":41.9893226624,"34":41.6951522827,"35":41.4032936096,"36":41.1139945984,"37":40.8256568909,"38":40.5394935608,"39":40.254234314,"40":39.9721946716,"41":39.6899833679,"42":39.4119529724,"43":39.1331558228,"44":38.8537101746,"45":38.5792617798,"46":38.307346344,"47":38.0326347351,"48":37.7616348267,"49":37.4932403564,"50":37.2265663147,"51":36.9615745544,"52":36.6999740601,"53":36.4414672852,"54":36.1809234619,"55":35.9193725586,"56":35.6631469727,"57":35.4093742371,"58":35.1529083252,"59":34.9010772705,"60":34.6514129639,"61":34.4041404724,"62":34.1552047729,"63":33.9062728882,"64":33.6581344604,"65":33.4152183533,"66":33.1717758179,"67":32.9309463501,"68":32.6880226135,"69":32.4465560913,"70":32.2096977234,"71":31.9755744934,"72":31.7410545349,"73":31.5056762695,"74":31.2722511292},"val_acc":{"0":0.7965368032,"1":0.7965368032,"2":0.7965368032,"3":0.7965368032,"4":0.7965368032,"5":0.7965368032,"6":0.7965368032,"7":0.7965368032,"8":0.7965368032,"9":0.7965368032,"10":0.7965368032,"11":0.7965368032,"12":0.7965368032,"13":0.7965368032,"14":0.7965368032,"15":0.7965368032,"16":0.7965368032,"17":0.7965368032,"18":0.7965368032,"19":0.7965368032,"20":0.7965368032,"21":0.7965368032,"22":0.7965368032,"23":0.7965368032,"24":0.7965368032,"25":0.7965368032,"26":0.7965368032,"27":0.7965368032,"28":0.7965368032,"29":0.7965368032,"30":0.7965368032,"31":0.7965368032,"32":0.7965368032,"33":0.7965368032,"34":0.7965368032,"35":0.7965368032,"36":0.7965368032,"37":0.7965368032,"38":0.7965368032,"39":0.7965368032,"40":0.7965368032,"41":0.7965368032,"42":0.7965368032,"43":0.7965368032,"44":0.7965368032,"45":0.7965368032,"46":0.7965368032,"47":0.7965368032,"48":0.7965368032,"49":0.7965368032,"50":0.7965368032,"51":0.7965368032,"52":0.7965368032,"53":0.7965368032,"54":0.7965368032,"55":0.7965368032,"56":0.7965368032,"57":0.7965368032,"58":0.7965368032,"59":0.7965368032,"60":0.7965368032,"61":0.7965368032,"62":0.7965368032,"63":0.7965368032,"64":0.7965368032,"65":0.7965368032,"66":0.7965368032,"67":0.7965368032,"68":0.7965368032,"69":0.7965368032,"70":0.7965368032,"71":0.7965368032,"72":0.7965368032,"73":0.7965368032,"74":0.7965368032},"val_auc":{"0":0.6800705194,"1":0.6789286137,"2":0.6831203699,"3":0.6849415302,"4":0.6844502091,"5":0.6846091747,"6":0.6838575602,"7":0.6859822869,"8":0.6859678626,"9":0.6855342388,"10":0.6861991286,"11":0.6868062019,"12":0.686632812,"13":0.6885985136,"14":0.6890900135,"15":0.6896392107,"16":0.6880493164,"17":0.6874132752,"18":0.6877602339,"19":0.6879335642,"20":0.6888442039,"21":0.6882227063,"22":0.6881937981,"23":0.6872109175,"24":0.6883961558,"25":0.688786447,"26":0.6889020205,"27":0.6876734495,"28":0.6874855757,"29":0.6890466213,"30":0.6880781651,"31":0.6883528233,"32":0.6876590252,"33":0.6878035069,"34":0.6893357038,"35":0.6886129975,"36":0.6882227659,"37":0.688959837,"38":0.6889164448,"39":0.6885406971,"40":0.6869941354,"41":0.6877890825,"42":0.6882516146,"43":0.688800931,"44":0.6885695457,"45":0.6888297796,"46":0.6888442636,"47":0.688959837,"48":0.6901739836,"49":0.6897114515,"50":0.6896392107,"51":0.6891766787,"52":0.6884683967,"53":0.6892200708,"54":0.6894512773,"55":0.6898126602,"56":0.6904631257,"57":0.6896392107,"58":0.6896392107,"59":0.6897981763,"60":0.6905642748,"61":0.689494729,"62":0.6892778873,