{"loss":{"0":52.4055557251,"1":52.01171875,"2":51.6210136414,"3":51.2799720764,"4":50.9069747925,"5":50.5282325745,"6":50.2023353577,"7":49.8482055664,"8":49.4907150269,"9":49.1476402283,"10":48.8080482483,"11":48.4512672424,"12":48.1358909607,"13":47.7829246521,"14":47.4639015198,"15":47.1173706055,"16":46.8073616028,"17":46.4633483887,"18":46.1534919739,"19":45.8200263977,"20":45.4924278259,"21":45.155506134,"22":44.8395385742,"23":44.5372543335,"24":44.2334861755,"25":43.9317779541,"26":43.6126899719,"27":43.3094024658,"28":43.0055046082,"29":42.6956634521,"30":42.3834075928,"31":42.0899467468,"32":41.8094749451,"33":41.5037345886,"34":41.2168655396,"35":40.925327301,"36":40.6145896912,"37":40.3368530273,"38":40.0587921143,"39":39.754535675,"40":39.4785118103,"41":39.1808433533,"42":38.9069824219,"43":38.6493759155,"44":38.3637428284,"45":38.1026306152,"46":37.8210945129,"47":37.5515785217,"48":37.2749328613,"49":37.0035247803,"50":36.7214202881,"51":36.4835319519,"52":36.2147407532,"53":35.9557914734,"54":35.6808128357,"55":35.4524345398,"56":35.1854820251,"57":34.9030685425,"58":34.6717987061,"59":34.4051437378,"60":34.1637496948,"61":33.9264678955,"62":33.6736183167,"63":33.4345626831,"64":33.2053756714,"65":32.947971344,"66":32.6976470947,"67":32.4550323486,"68":32.2222328186,"69":31.9813861847,"70":31.7372875214,"71":31.5280456543,"72":31.2544460297,"73":31.0350055695,"74":30.7985248566},"acc":{"0":0.5460454822,"1":0.5579631925,"2":0.5774647593,"3":0.5910075903,"4":0.5969663858,"5":0.6007583737,"6":0.6099674702,"7":0.6153846383,"8":0.6072589159,"9":0.6137594581,"10":0.6094257832,"11":0.6159263253,"12":0.6072589159,"13":0.6099674702,"14":0.6115926504,"15":0.6267605424,"16":0.6294690967,"17":0.6397616267,"18":0.6245937347,"19":0.6338028312,"20":0.6403033733,"21":0.6386782527,"22":0.642470181,"23":0.6348862648,"24":0.6359696388,"25":0.6375948191,"26":0.6338028312,"27":0.6511375904,"28":0.6403033733,"29":0.6516792774,"30":0.6565546989,"31":0.6495124698,"32":0.641928494,"33":0.6587215662,"34":0.6533044577,"35":0.6354279518,"36":0.6782231927,"37":0.6592632532,"38":0.6630552411,"39":0.6695557833,"40":0.6728060842,"41":0.6749728918,"42":0.6755146384,"43":0.6549295783,"44":0.6722643375,"45":0.6700975299,"46":0.6728060842,"47":0.6771397591,"48":0.6825568676,"49":0.6852654219,"50":0.6928493977,"51":0.6863488555,"52":0.6749728918,"53":0.6885157228,"54":0.6852654219,"55":0.6717226505,"56":0.6776814461,"57":0.705308795,"58":0.6950162649,"59":0.6890574098,"60":0.6933911443,"61":0.6760563254,"62":0.6928493977,"63":0.6971830726,"64":0.6836403012,"65":0.6928493977,"66":0.6993499398,"67":0.7009750605,"68":0.6977248192,"69":0.7096424699,"70":0.7091007829,"71":0.6971830726,"72":0.7139761448,"73":0.7123510242,"74":0.7215601206},"auc":{"0":0.5093753338,"1":0.5369211435,"2":0.5835524201,"3":0.5480895042,"4":0.571831286,"5":0.5903099775,"6":0.5883789062,"7":0.5999774337,"8":0.6003671885,"9":0.5869804025,"10":0.5852696896,"11":0.6100596786,"12":0.5853970051,"13":0.6111917496,"14":0.5881949067,"15":0.6069003344,"16":0.5950694084,"17":0.6052379608,"18":0.5952251554,"19":0.6028340459,"20":0.6143704653,"21":0.6205404997,"22":0.626098156,"23":0.6114984751,"24":0.6120854616,"25":0.6109675169,"26":0.610137105,"27":0.6148684025,"28":0.605848074,"29":0.6172964573,"30":0.6093664765,"31":0.6190064549,"32":0.6032875776,"33":0.6078541279,"34":0.5954511762,"35":0.605076611,"36":0.6189733744,"37":0.6165548563,"38":0.616994679,"39":0.6310867667,"40":0.6208181381,"41":0.6404111981,"42":0.639565587,"43":0.6052863598,"44":0.6157745719,"45":0.6131333113,"46":0.6256211996,"47":0.6083294749,"48":0.6229581833,"49":0.6302757263,"50":0.6375820041,"51":0.6233382225,"52":0.6297826767,"53":0.6306841373,"54":0.6467894316,"55":0.6164523959,"56":0.6174554825,"57":0.6522477865,"58":0.6365426183,"59":0.6528941989,"60":0.6356799603,"61":0.6276159286,"62":0.6382937431,"63":0.6274908781,"64":0.6190831661,"65":0.6200805306,"66":0.6421785355,"67":0.6320002675,"68":0.632968545,"69":0.6360794902,"70":0.6484776735,"71":0.6217517853,"72":0.6627973318,"73":0.6542055607,"74":0.6499931812},"val_loss":{"0":51.9303855896,"1":51.535118103,"2":51.1656341553,"3":50.8105392456,"4":50.4536056519,"5":50.1007881165,"6":49.752784729,"7":49.4089355469,"8":49.057308197,"9":48.7129859924,"10":48.3759002686,"11":48.0390510559,"12":47.7055473328,"13":47.3720169067,"14":47.0400772095,"15":46.7127723694,"16":46.3860549927,"17":46.0624580383,"18":45.7399940491,"19":45.420665741,"20":45.1042175293,"21":44.7909660339,"22":44.4769897461,"23":44.1681137085,"24":43.8561630249,"25":43.5491027832,"26":43.2453994751,"27":42.9406089783,"28":42.6429672241,"29":42.3482589722,"30":42.0487480164,"31":41.7525672913,"32":41.4597015381,"33":41.1666374207,"34":40.881526947,"35":40.5909919739,"36":40.3017578125,"37":40.0163230896,"38":39.7357444763,"39":39.4556503296,"40":39.1694984436,"41":38.8889808655,"42":38.6125297546,"43":38.3386611938,"44":38.0679321289,"45":37.7993583679,"46":37.532951355,"47":37.2638626099,"48":36.9975166321,"49":36.7363395691,"50":36.4736709595,"51":36.2158622742,"52":35.9559707642,"53":35.6999473572,"54":35.441493988,"55":35.1856803894,"56":34.9265823364,"57":34.6714134216,"58":34.4208908081,"59":34.1727600098,"60":33.927520752,"61":33.6874313354,"62":33.4412651062,"63":33.1995544434,"64":32.9563102722,"65":32.7094726562,"66":32.4724578857,"67":32.2352294922,"68":32.0015068054,"69":31.7734642029,"70":31.5379676819,"71":31.3111839294,"72":31.0810070038,"73":30.8479652405,"74":30.6145095825},"val_acc":{"0":0.7922077775,"1":0.7922077775,"2":0.7922077775,"3":0.800865829,"4":0.7987012863,"5":0.8073592782,"6":0.8095238209,"7":0.813852787,"8":0.800865829,"9":0.7922077775,"10":0.8051947951,"11":0.8073592782,"12":0.8073592782,"13":0.8095238209,"14":0.8073592782,"15":0.8073592782,"16":0.8051947951,"17":0.8073592782,"18":0.8051947951,"19":0.8073592782,"20":0.800865829,"21":0.8030303121,"22":0.8051947951,"23":0.800865829,"24":0.8051947951,"25":0.8051947951,"26":0.7965368032,"27":0.7987012863,"28":0.7922077775,"29":0.7922077775,"30":0.7922077775,"31":0.7922077775,"32":0.7922077775,"33":0.7922077775,"34":0.7922077775,"35":0.7922077775,"36":0.7987012863,"37":0.800865829,"38":0.7943723202,"39":0.7922077775,"40":0.800865829,"41":0.800865829,"42":0.800865829,"43":0.7987012863,"44":0.7965368032,"45":0.7922077775,"46":0.7922077775,"47":0.7922077775,"48":0.7922077775,"49":0.7922077775,"50":0.7922077775,"51":0.7922077775,"52":0.7922077775,"53":0.7922077775,"54":0.7922077775,"55":0.7922077775,"56":0.7922077775,"57":0.7943723202,"58":0.7943723202,"59":0.7943723202,"60":0.7943723202,"61":0.7922077775,"62":0.7922077775,"63":0.7922077775,"64":0.7922077775,"65":0.7987012863,"66":0.7965368032,"67":0.7943723202,"68":0.7943723202,"69":0.7922077775,"70":0.7943723202,"71":0.7922077775,"72":0.7922077775,"73":0.7943723202,"74":0.800865829},"val_auc":{"0":0.6678335667,"1":0.6652293205,"2":0.6571749449,"3":0.6621698141,"4":0.658782959,"5":0.6664247513,"6":0.6625540257,"7":0.6481386423,"8":0.653617382,"9":0.6591529846,"10":0.6514116526,"11":0.657630384,"12":0.645434916,"13":0.6498747468,"14":0.655410409,"15":0.6488643885,"16":0.6524362564,"17":0.6499031782,"18":0.6558657289,"19":0.6528347135,"20":0.6516109705,"21":0.6422615051,"22":0.65099895,"23":0.6522227526,"24":0.6567907333,"25":0.6647170782,"26":0.6602913737,"27":0.6598786116,"28":0.6428875923,"29":0.6367827654,"30":0.6479394436,"31":0.6521943212,"32":0.6441968083,"33":0.64587605,"34":0.6465305686,"35":0.6475409269,"36":0.6497609019,"37":0.6490351558,"38":0.6433714628,"39":0.6425745487,"40":0.6458902359,"41":0.6481244564,"42":0.6434283853,"43":0.6481386423,"44":0.6458048224,"45":0.6444529891,"46":0.6437698603,"47":0.6449936628,"48":0.6397995949,"49":0.6364839077,"50":0.6389458179,"51":0.6401411295,"52":0.6430726051,"53":0.6448087692,"54":0.6448941231,"55":0.6428164244,"56":0.6473987103,"57":0.6490493417,"58":0.6503158808,"59":0.6457622051,"60":0.6522939205,"61":0.6462032795,"62":0.6472421288,