{"loss":{"0":47.0984230042,"1":22.0190868378,"2":9.5604972839,"3":3.8097028732,"4":1.4674087763,"5":0.6803646088,"6":0.4671639204,"7":0.4138598144,"8":0.3979514837},"acc":{"0":0.7194236517,"1":0.7651392221,"2":0.77618891,"3":0.7864803672,"4":0.8009966612,"5":0.8121547103,"6":0.8194128275,"7":0.8303542137,"8":0.8342541456},"auc":{"0":0.6091932058,"1":0.6666629314,"2":0.7080126405,"3":0.7515588999,"4":0.7840830684,"5":0.7992598414,"6":0.8201147318,"7":0.8364421129,"8":0.8496787548},"val_loss":{"0":31.9614219666,"1":14.539727211,"2":6.3106126785,"3":2.7483429909,"4":1.6329666376,"5":0.9088565111,"6":1.1171840429,"7":1.0824868679,"8":1.0798280239},"val_acc":{"0":0.3071923852,"1":0.335788548,"2":0.2525996566,"3":0.2582322359,"4":0.2469670773,"5":0.5506932139,"6":0.2738301456,"7":0.3266897798,"8":0.3973136842},"val_auc":{"0":0.532951355,"1":0.701898396,"2":0.7698395848,"3":0.7922506332,"4":0.7931357622,"5":0.806170702,"6":0.7905065417,"7":0.8120037913,"8":0.8026689291}}