{"loss":{"0":47.495174408,"1":22.2468223572,"2":9.6719064713,"3":3.8519284725,"4":1.4686939716,"5":0.6581107378,"6":0.4347085357,"7":0.3753485978,"8":0.3579963744,"9":0.3384128213,"10":0.3277313113,"11":0.3154717088,"12":0.3046116233,"13":0.2883177996,"14":0.2720985711},"acc":{"0":0.7337233424,"1":0.7757555842,"2":0.7805221677,"3":0.7972050905,"4":0.8109630346,"5":0.8252627254,"6":0.8344708085,"7":0.8468204737,"8":0.8513703942,"9":0.8587368727,"10":0.8636117578,"11":0.8735781312,"12":0.8741198182,"13":0.8849529028,"14":0.8921027184},"auc":{"0":0.6286647916,"1":0.6805180311,"2":0.7359601259,"3":0.7706050277,"4":0.8090296984,"5":0.8325870037,"6":0.8554868698,"7":0.8755289316,"8":0.884141922,"9":0.8988108039,"10":0.9048002958,"11":0.9113018513,"12":0.9191122651,"13":0.9279997945,"14":0.9371194839},"val_loss":{"0":32.2177810669,"1":14.5717935562,"2":6.1019849777,"3":2.4397835732,"4":1.270673275,"5":0.7361559272,"6":0.586633563,"7":0.559665978,"8":0.6284800172,"9":0.5124815106,"10":0.5498507619,"11":0.5112499595,"12":0.5331122875,"13":0.5914818645,"14":0.5702826977},"val_acc":{"0":0.5485268831,"1":0.7105719447,"2":0.68110919,"3":0.6854419708,"4":0.5814558268,"5":0.70667243,"6":0.7214038372,"7":0.7469670773,"8":0.6936741471,"9":0.7820624113,"10":0.7525996566,"11":0.7915944457,"12":0.7811958194,"13":0.7422010303,"14":0.7655979395},"val_auc":{"0":0.5479079485,"1":0.6884342432,"2":0.7253335118,"3":0.748103261,"4":0.7624074817,"5":0.7743167877,"6":0.7726392746,"7":0.7792258859,"8":0.7764750719,"9":0.7790941596,"10":0.7802257538,"11":0.7853728533,"12":0.7744960189,"13":0.775167942,"14":0.7658253908}}