{"loss":{"0":48.0617904663,"1":22.524848938,"2":9.8032197952,"3":3.9227318764,"4":1.5198116302,"5":0.7009170055,"6":0.4810912311,"7":0.4268321097,"8":0.3998973668,"9":0.3856272697,"10":0.3630682528,"11":0.3500883579},"acc":{"0":0.5144621134,"1":0.7203986645,"2":0.7671974897,"3":0.7690390944,"4":0.7827970982,"5":0.7982884049,"6":0.8113963604,"7":0.8199545145,"8":0.8299209476,"9":0.8381540179,"10":0.8494204283,"11":0.8562452793},"auc":{"0":0.6118423939,"1":0.6483713984,"2":0.6871344447,"3":0.711836338,"4":0.7577101588,"5":0.7910202742,"6":0.8121900558,"7":0.8303683996,"8":0.8503239751,"9":0.8633487225,"10":0.8803696632,"11":0.8886601329},"val_loss":{"0":32.7018928528,"1":14.8083400726,"2":6.2286419868,"3":2.5798478127,"4":1.2187988758,"5":0.8580878377,"6":0.8898150325,"7":0.7801989913,"8":0.617610395,"9":0.7626308203,"10":0.7975401878,"11":0.6506847143},"val_acc":{"0":0.2417677641,"1":0.3297227025,"2":0.5476602912,"3":0.4228769541,"4":0.4930675924,"5":0.5320624113,"6":0.4337088466,"7":0.5918543935,"8":0.7036395073,"9":0.5948873758,"10":0.5749566555,"11":0.6889081597},"val_auc":{"0":0.5578457117,"1":0.6586207747,"2":0.7066140175,"3":0.6376471519,"4":0.7360096574,"5":0.7334253788,"6":0.7533652782,"7":0.7712531686,"8":0.7943236828,"9":0.7906633615,"10":0.7780317664,"11":0.7885603905}}