,loss,acc,auc,val_loss,val_acc,val_auc
0,47.09842300415039,0.7194236516952515,0.6091932058334351,31.961421966552734,0.3071923851966858,0.5329513549804688
1,22.019086837768555,0.7651392221450806,0.6666629314422607,14.539727210998535,0.3357885479927063,0.7018983960151672
2,9.560497283935547,0.7761889100074768,0.7080126404762268,6.310612678527832,0.25259965658187866,0.7698395848274231
3,3.8097028732299805,0.7864803671836853,0.7515588998794556,2.748342990875244,0.2582322359085083,0.7922506332397461
4,1.4674087762832642,0.8009966611862183,0.7840830683708191,1.6329666376113892,0.24696707725524902,0.7931357622146606
5,0.6803646087646484,0.8121547102928162,0.7992598414421082,0.9088565111160278,0.5506932139396667,0.8061707019805908
6,0.46716392040252686,0.8194128274917603,0.8201147317886353,1.117184042930603,0.2738301455974579,0.7905065417289734
7,0.4138598144054413,0.8303542137145996,0.8364421129226685,1.082486867904663,0.32668977975845337,0.8120037913322449
8,0.39795148372650146,0.8342541456222534,0.8496787548065186,1.0798280239105225,0.3973136842250824,0.8026689291000366
