{"loss":{"0":47.3142547607,"1":22.1458511353,"2":9.6445999146,"3":3.8771429062,"4":1.5290715694,"5":0.7272614837,"6":0.5020697117,"7":0.4385644495,"8":0.4278822839,"9":0.3997220695,"10":0.3768103123,"11":0.3536229432,"12":0.3408586979,"13":0.3182258606,"14":0.3058530986,"15":0.3014768958,"16":0.2794179916,"17":0.2778744996,"18":0.2644586265,"19":0.2497148961,"20":0.2425483018,"21":0.2317243665,"22":0.2224337161},"acc":{"0":0.5752356052,"1":0.7400065064,"2":0.7738056779,"3":0.7938468456,"4":0.8035965562,"5":0.8161629438,"6":0.8249377012,"7":0.8388040066,"8":0.8341457844,"9":0.8484454751,"10":0.8566786051,"11":0.8641533852,"12":0.8697865605,"13":0.876286447,"14":0.8820279241,"15":0.8850612044,"16":0.8919943571,"17":0.89221102,"18":0.8994691968,"19":0.9049940705,"20":0.9103022218,"21":0.9136604667,"22":0.9153937697},"auc":{"0":0.6137849689,"1":0.677855134,"2":0.7380842566,"3":0.7776938677,"4":0.8046088219,"5":0.8255330324,"6":0.8463420272,"7":0.8639585376,"8":0.8639757633,"9":0.8804531097,"10":0.8923911452,"11":0.9043639898,"12":0.9088758826,"13":0.9218356609,"14":0.9262856245,"15":0.9268995523,"16":0.9387434721,"17":0.9374662638,"18":0.9449658394,"19":0.9515610933,"20":0.9533385038,"21":0.9582099915,"22":0.9614642262},"val_loss":{"0":32.0731811523,"1":14.4784889221,"2":6.8339724541,"3":3.5497877598,"4":2.6057033539,"5":2.5303943157,"6":1.7549153566,"7":1.4010788202,"8":1.8232055902,"9":1.4318448305,"10":1.2898578644,"11":1.0564684868,"12":1.0619581938,"13":1.0823744535,"14":0.8263341188,"15":0.8350810409,"16":0.820222199,"17":0.7610474825,"18":0.9338683486,"19":0.5984306335,"20":0.6382517815,"21":0.7599580884,"22":0.6886227131},"val_acc":{"0":0.3219237328,"1":0.7175043225,"2":0.2677643001,"3":0.2465337962,"4":0.2274696678,"5":0.2274696678,"6":0.2344020754,"7":0.2829289436,"8":0.241334483,"9":0.2907279134,"10":0.3375216722,"11":0.5160312057,"12":0.512131691,"13":0.5207972527,"14":0.6429809332,"15":0.6802426577,"16":0.6746100783,"17":0.6945407391,"18":0.6412478089,"19":0.7686308622,"20":0.7915944457,"21":0.7335355282,"22":0.7686308622},"val_auc":{"0":0.5736238956,"1":0.7431060076,"2":0.7160692215,"3":0.7374184728,"4":0.7371188402,"5":0.7554779053,"6":0.7463142276,"7":0.7686744928,"8":0.7695739269,"9":0.7707111835,"10":0.7687888145,"11":0.7787127495,"12":0.7789242268,"13":0.7768731713,"14":0.7734621167,"15":0.7791250944,"16":0.7757599354,"17":0.7716566324,"18":0.7760441303,"19":0.7713067532,"20":0.7689591646,"21":0.7716197968,"22":0.7669898868}}