{"loss":{"0":47.1888847351,"1":22.1129016876,"2":9.6227645874,"3":3.833272934,"4":1.4728264809,"5":0.6723046899,"6":0.4578129053,"7":0.3994042873,"8":0.3721614778,"9":0.350376904,"10":0.3335375786},"acc":{"0":0.7613476515,"1":0.7666558623,"2":0.7755389214,"3":0.7869136333,"4":0.7993716598,"5":0.8104214072,"6":0.8229877353,"7":0.8334958553,"8":0.8407539725,"9":0.8532119989,"10":0.8555952907},"auc":{"0":0.6419117451,"1":0.6726068258,"2":0.7176122665,"3":0.7743295431,"4":0.8102917671,"5":0.832826972,"6":0.8477487564,"7":0.8656914234,"8":0.8826187849,"9":0.8959310651,"10":0.9058530331},"val_loss":{"0":31.8970661163,"1":14.4630613327,"2":6.0522727966,"3":2.3480374813,"4":0.9769471288,"5":0.6800938845,"6":0.5407015085,"7":0.5129546523,"8":0.5191680789,"9":0.5211380124,"10":0.5757055879},"val_acc":{"0":0.7214038372,"1":0.7404679656,"2":0.7110052109,"3":0.7396013737,"4":0.7833622098,"5":0.7248700261,"6":0.797227025,"7":0.7733969092,"8":0.7725303173,"9":0.7872617245,"10":0.7963604927},"val_auc":{"0":0.588978529,"1":0.7137337923,"2":0.7449268103,"3":0.7677797079,"4":0.7705456018,"5":0.7602790594,"6":0.7675845623,"7":0.7705048919,"8":0.7691224813,"9":0.779447794,"10":0.7821655273}}