{"loss":{"0":51.8822135925,"1":48.3966598511,"2":45.1477241516,"3":42.0906562805,"4":39.2111587524,"5":36.5151863098,"6":33.9609832764,"7":31.5420360565,"8":29.2714309692,"9":27.1332969666,"10":25.1072540283,"11":23.2017192841,"12":21.4075202942,"13":19.7029151917,"14":18.1162834167,"15":16.6241970062,"16":15.2210178375,"17":13.8988780975,"18":12.6793298721,"19":11.5337266922,"20":10.466337204,"21":9.4729528427,"22":8.5562076569,"23":7.7062706947,"24":6.9216737747,"25":6.2003560066,"26":5.5402364731,"27":4.9343767166,"28":4.3878178596,"29":3.8869228363,"30":3.4406912327,"31":3.0358374119,"32":2.6747395992,"33":2.3548276424,"34":2.0735104084,"35":1.8310722113,"36":1.615686655,"37":1.4251314402,"38":1.2642710209,"39":1.13433671,"40":1.0160636902,"41":0.927396059,"42":0.8523079157,"43":0.7926687002,"44":0.7397792935,"45":0.7028381824,"46":0.6707870364,"47":0.652042985,"48":0.6318412423,"49":0.623328805,"50":0.6165353656,"51":0.6059159636,"52":0.6046164632,"53":0.5987089872,"54":0.5940563083,"55":0.5965756178,"56":0.5917371511},"acc":{"0":0.6760548353,"1":0.6911119819,"2":0.7037317753,"3":0.7082272768,"4":0.7190597653,"5":0.7197096944,"6":0.7223094702,"7":0.732437849,"8":0.7309754491,"9":0.7355792522,"10":0.7340085506,"11":0.7403997183,"12":0.7364458442,"13":0.7463034391,"14":0.745978415,"15":0.7446785569,"16":0.748036623,"17":0.7499322891,"18":0.7496615052,"19":0.7517738342,"20":0.7528029084,"21":0.7497698069,"22":0.7519904971,"23":0.7535611987,"24":0.7510697246,"25":0.7541569471,"26":0.7567567825,"27":0.7574067116,"28":0.7567567825,"29":0.7594107389,"30":0.7583274841,"31":0.7590857148,"32":0.7602773309,"33":0.7601689696,"34":0.7607647777,"35":0.7590315938,"36":0.7626604438,"37":0.7653685808,"38":0.7669392824,"39":0.7642311454,"40":0.7652602792,"41":0.7655310631,"42":0.7665601373,"43":0.7647186518,"44":0.766993463,"45":0.7689433098,"46":0.7699182034,"47":0.7701890469,"48":0.7687808275,"49":0.7731679678,"50":0.7679683566,"51":0.7710014582,"52":0.7731679678,"53":0.7731679678,"54":0.7733304501,"55":0.7713806033,"56":0.7738178968},"auc":{"0":0.5646119118,"1":0.5941749811,"2":0.5945661068,"3":0.6015775204,"4":0.6104227304,"5":0.5971119404,"6":0.6033719778,"7":0.6152639985,"8":0.6154193878,"9":0.6120080352,"10":0.6173703074,"11":0.6175302267,"12":0.6155202389,"13":0.6333825588,"14":0.6298068166,"15":0.6312413216,"16":0.6308323145,"17":0.6422703266,"18":0.6362355947,"19":0.6363412142,"20":0.6392630339,"21":0.6436166167,"22":0.640527606,"23":0.6428444386,"24":0.6414043903,"25":0.6476826668,"26":0.647810936,"27":0.6517995596,"28":0.6514522433,"29":0.6578661203,"30":0.6539148092,"31":0.657106638,"32":0.6597961187,"33":0.6628782749,"34":0.6612360477,"35":0.657556653,"36":0.6581590176,"37":0.6662096977,"38":0.667876482,"39":0.6655384302,"40":0.6742892265,"41":0.6697759628,"42":0.6691395044,"43":0.6678593159,"44":0.6735947132,"45":0.6733983755,"46":0.6771070957,"47":0.673097074,"48":0.6808460951,"49":0.6762609482,"50":0.6769009829,"51":0.6812871695,"52":0.6745131612,"53":0.6816557646,"54":0.683165729,"55":0.6769099832,"56":0.680560708},"val_loss":{"0":49.9759521484,"1":46.6239204407,"2":43.4773864746,"3":40.520740509,"4":37.7369155884,"5":35.112323761,"6":32.6377601624,"7":30.3007640839,"8":28.0959968567,"9":26.0154514313,"10":24.0554580688,"11":22.2080745697,"12":20.4680862427,"13":18.8300476074,"14":17.2891998291,"15":15.8394966125,"16":14.4826755524,"17":13.2142868042,"18":12.0293426514,"19":10.9247665405,"20":9.8991966248,"21":8.9444971085,"22":8.0630111694,"23":7.2499289513,"24":6.5004892349,"25":5.8143692017,"26":5.1828780174,"27":4.6110038757,"28":4.0934166908,"29":3.6201162338,"30":3.1982934475,"31":2.8165543079,"32":2.4777710438,"33":2.1761977673,"34":1.9123173952,"35":1.6852040291,"36":1.4829565287,"37":1.3191347122,"38":1.1734038591,"39":1.0573306084,"40":0.9539520741,"41":0.8782560825,"42":0.8064930439,"43":0.7566823959,"44":0.7059189081,"45":0.6712572575,"46":0.6465658545,"47":0.6356907487,"48":0.6192362905,"49":0.5988574028,"50":0.6039808989,"51":0.5929302573,"52":0.6023957133,"53":0.5871067643,"54":0.5909018517,"55":0.5943586826,"56":0.5933820605},"val_acc":{"0":0.7593154311,"1":0.7677642703,"2":0.7720970511,"3":0.7710138559,"4":0.7718803883,"5":0.7718803883,"6":0.772313714,"7":0.771663785,"8":0.771663785,"9":0.7718803883,"10":0.7733969092,"11":0.7731802464,"12":0.7733969092,"13":0.7733969092,"14":0.7740467787,"15":0.7736135125,"16":0.7720970511,"17":0.772313714,"18":0.7725303173,"19":0.7729635835,"20":0.7736135125,"21":0.7742634416,"22":0.7746967077,"23":0.7744800448,"24":0.7742634416,"25":0.7725303173,"26":0.7733969092,"27":0.7727469802,"28":0.7727469802,"29":0.7727469802,"30":0.7727469802,"31":0.772313714,"32":0.7727469802,"33":0.7746967077,"34":0.7731802464,"35":0.7733969092,"36":0.7749133706,"37":0.7729635835,"38":0.7740467787,"39":0.7731802464,"40":0.7740467787,"41":0.7718803883,"42":0.7738301754,"43":0.7718803883,"44":0.7749133706,"45":0.7751299739,"46":0.7762131691,"47":0.7766464353,"48":0.7809792161,"49":0.7788128257,"50":0.7738301754,"51":0.7781628966,"52":0.7720970511,"53":0.7772963643,"54":0.7768630981,"55":0.7714471221,"56":0.7766464353},"val_auc":{"0":0.6673537493,"1":0.6703140736,"2":0.6733657122,"3":0.6754932404,"4":0.6777030826,"5":0.6786195636,"6":0.6802532673,"7":0.681532383,"8":0.6832190752,"9":0.6851498485,"10":0.6858508587,"11":0.6883811355,"12":0.6882039309,"13":0.6906411648,"14":0.6895772219,"15":0.6933517456,"16":0.6951589584,"17":0.6959661245,"18":0.6974467635,"19":0.6983375549,"20":0.6971674562,"21":0.6991907358,"22":0.7002404928,"23":0.6998881102,"24":0.700119257,"25":0.7005220652,"26":0.7006821632,"27":0.7011643648,"28":0.7011786699,"29":0.7016335726,"30":0.7014113665,"31":0.7020286322,"32":0.7018561959,"33":0.7008883953,"34":0.7024670839,"35":0.7024803162,"36":0.704043746,"37":0.70401752,"38":0.7037509084,"39":0.7040814757,"40":0.7034605742,"41":0.7031739354,"42":0.7034571767,"43":0.7030030489,"44":0.7047584653,"45":0.7046095729,"46":0.7012833357,"47":0.7018994093,"48":0.7011443377,"49":0.7010806799,"50":0.7003959417,"51":0.7048618793,"52":0.7030438781,"53":0.7036297321,"54":0.7022088766,"55":0.7056206465,"56":0.7026179433}}