{"loss":{"0":52.2550964355,"1":48.7648086548,"2":45.5025177002,"3":42.4286231995,"4":39.5447807312,"5":36.8264541626,"6":34.272403717,"7":31.8542289734,"8":29.5774650574,"9":27.4221458435,"10":25.3892269135,"11":23.4840011597,"12":21.6727867126,"13":19.9761714935,"14":18.3760375977,"15":16.8730430603,"16":15.4659404755,"17":14.1367053986,"18":12.9010286331,"19":11.7434177399,"20":10.6576862335,"21":9.6596984863,"22":8.7277154922,"23":7.869831562,"24":7.0639915466,"25":6.3405404091,"26":5.6654810905,"27":5.0518193245,"28":4.4884147644,"29":3.979981184,"30":3.5130674839,"31":3.099448204,"32":2.7275311947,"33":2.3986592293,"34":2.1099646091,"35":1.8513082266,"36":1.6296546459,"37":1.4293601513,"38":1.2631659508,"39":1.1230683327,"40":1.0022777319,"41":0.9014405608,"42":0.818774879,"43":0.7474638224,"44":0.6903408766,"45":0.6572061777,"46":0.6255307198,"47":0.599423945,"48":0.5802386999,"49":0.5714151263,"50":0.5609123707,"51":0.5538618565,"52":0.5542446375,"53":0.550021112,"54":0.5421899557,"55":0.5450494289,"56":0.5432126522,"57":0.5405699015,"58":0.5375714898,"59":0.5403147936,"60":0.5357787013,"61":0.5369940996,"62":0.5339984894,"63":0.5323777795},"acc":{"0":0.6488111615,"1":0.6695553064,"2":0.6836916804,"3":0.6939825416,"4":0.7047067285,"5":0.713481009,"6":0.7155391574,"7":0.7232302427,"8":0.7252342701,"9":0.7263716459,"10":0.729675591,"11":0.7317337394,"12":0.736012578,"13":0.7359042168,"14":0.7359583974,"15":0.7362833619,"16":0.7383956909,"17":0.7433786392,"18":0.7413204908,"19":0.7480908036,"20":0.7485240698,"21":0.7466825247,"22":0.747386694,"23":0.7493364811,"24":0.7490115166,"25":0.7481991053,"26":0.7507988811,"27":0.7524779439,"28":0.7551860213,"29":0.7506363988,"30":0.7564317584,"31":0.754969418,"32":0.7580025196,"33":0.7549152374,"34":0.7571900487,"35":0.7554568648,"36":0.7533987164,"37":0.7586524487,"38":0.7575150132,"39":0.7581650019,"40":0.7581650019,"41":0.760710597,"42":0.7608730793,"43":0.7632020712,"44":0.7655310631,"45":0.7649894357,"46":0.762822926,"47":0.7637978792,"48":0.7666143179,"49":0.7629854083,"50":0.7637978792,"51":0.7675350904,"52":0.7658560276,"53":0.7630937696,"54":0.7653144002,"55":0.7643936276,"56":0.7655852437,"57":0.7661809921,"58":0.7664518356,"59":0.7681308389,"60":0.7678058743,"61":0.768509984,"62":0.7676433921,"63":0.7688891292},"auc":{"0":0.5621311069,"1":0.5848031044,"2":0.5917812586,"3":0.6056019068,"4":0.6070648432,"5":0.6095325947,"6":0.6092939377,"7":0.6112952828,"8":0.614058733,"9":0.6231229901,"10":0.6264373064,"11":0.619058013,"12":0.628249824,"13":0.6282021403,"14":0.6310077906,"15":0.6314455271,"16":0.6282556057,"17":0.6360435486,"18":0.6348087192,"19":0.637803793,"20":0.6417855024,"21":0.6391012669,"22":0.6424890161,"23":0.6355323792,"24":0.6484054327,"25":0.636567831,"26":0.6401436329,"27":0.6384755373,"28":0.6435005069,"29":0.6433676481,"30":0.6498465538,"31":0.650146842,"32":0.6527098417,"33":0.6513047814,"34":0.6475834846,"35":0.6494708061,"36":0.6492451429,"37":0.6524376869,"38":0.6526511908,"39":0.6516014338,"40":0.6504676938,"41":0.6534345746,"42":0.6568483114,"43":0.6654984951,"44":0.6717318296,"45":0.6598035097,"46":0.6630584002,"47":0.6664453745,"48":0.6684134007,"49":0.6654379368,"50":0.6671978235,"51":0.6682569981,"52":0.6637005806,"53":0.6657961011,"54":0.6755837202,"55":0.67002666,"56":0.6702919006,"57":0.6739150286,"58":0.6750551462,"59":0.6713637114,"60":0.6757339239,"61":0.6730012894,"62":0.6784723997,"63":0.6781727076},"val_loss":{"0":50.3147850037,"1":46.9651947021,"2":43.8074569702,"3":40.84349823,"4":38.0505981445,"5":35.4228210449,"6":32.9464836121,"7":30.6025714874,"8":28.3905124664,"9":26.3096733093,"10":24.3370018005,"11":22.4829273224,"12":20.7350540161,"13":19.0866451263,"14":17.540063858,"15":16.0833301544,"16":14.7181053162,"17":13.4397668839,"18":12.2446727753,"19":11.1290903091,"20":10.0900878906,"21":9.1243572235,"22":8.2292509079,"23":7.4021954536,"24":6.6394648552,"25":5.9386286736,"26":5.2956328392,"27":4.7089719772,"28":4.1760854721,"29":3.6915831566,"30":3.2559874058,"31":2.8647360802,"32":2.5154821873,"33":2.20484519,"34":1.9314974546,"35":1.6921117306,"36":1.4837987423,"37":1.3036823273,"38":1.1504298449,"39":1.0208153725,"40":0.9120470881,"41":0.8216293454,"42":0.7490566373,"43":0.690271914,"44":0.6435273886,"45":0.6094104648,"46":0.5816502571,"47":0.5617595911,"48":0.5484067202,"49":0.541785717,"50":0.5322759151,"51":0.5260850191,"52":0.5247650146,"53":0.522654593,"54":0.5202624798,"55":0.5201533437,"56":0.5188289285,"57":0.5180132985,"58":0.5168007016,"59":0.5164845586,"60":0.5154639482,"61":0.5160852671,"62":0.517314136,"63":0.5166952014},"val_acc":{"0":0.7688474655,"1":0.7601819634,"2":0.7673310041,"3":0.7673310041,"4":0.7712305188,"5":0.7710138559,"6":0.7690641284,"7":0.771663785,"8":0.7720970511,"9":0.7703639269,"10":0.7727469802,"11":0.7736135125,"12":0.7738301754,"13":0.7740467787,"14":0.7740467787,"15":0.7733969092,"16":0.7755632401,"17":0.7744800448,"18":0.7755632401,"19":0.7753466368,"20":0.7738301754,"21":0.7751299739,"22":0.7749133706,"23":0.7759965062,"24":0.7757799029,"25":0.7746967077,"26":0.7755632401,"27":0.7766464353,"28":0.7746967077,"29":0.7759965062,"30":0.7759965062,"31":0.7759965062,"32":0.7757799029,"33":0.7762131691,"34":0.7757799029,"35":0.7762131691,"36":0.7762131691,"37":0.7755632401,"38":0.7768630981,"39":0.7770797014,"40":0.7757799029,"41":0.7762131691,"42":0.7753466368,"43":0.7762131691,"44":0.7762131691,"45":0.7785961628,"46":0.7755632401,"47":0.7766464353,"48":0.7759965062,"49":0.7788128257,"50":0.776429832,"51":0.7766464353,"52":0.7770797014,"53":0.7781628966,"54":0.7788128257,"55":0.7790294886,"56":0.7783795595,"57":0.7798960209,"58":0.7790294886,"59":0.7785961628,"60":0.7781628966,"61":0.7790294886,"62":0.7803292871,"63":0.7753466368},"val_auc":{"0":0.6678232551,"1":0.6711535454,"2":0.6757040024,"3":0.6776669025,"4":0.6806865335,"5":0.6814611554,"6":0.6825370789,"7":0.6838209629,"8":0.6842409968,"9":0.6846455336,"10":0.68514961,"11":0.6855102777,"12":0.6856307983,"13":0.6861560941,"14":0.6865670681,"15":0.6862617731,"16":0.6867623329,"17":0.6868242621,"18":0.6870667934,"19":0.6879040003,"20":0.6874057055,"21":0.6880812645,"22":0.6879149079,"23":0.6882390976,"24":0.688468039,"25":0.688701272,"26":0.6890829802,"27":0.6893842816,"28":0.6893595457,"29":0.6897183657,"30":0.6901291609,"31":0.6900892258,"32":0.6900802255,"33":0.6908665299,"34":0.6905591488,"35":0.6907836199,"36":0.6918333769,"37":0.6919898987,"38":0.6921390295,"39":0.6927878857,"40":0.6923359632,"41":0.693821013,"42":0.6935425997,"43":0.6944166422,"44":0.695851922,"45":0.6964250803,"46":0.6953181028,"47":0.6954289675,"48":0.6959564686,"49":0.6963845491,"50":0.695749104,"51":0.6976183653,"52":0.6972544789,"53":0.6976179481,"54":0.6978456378,"55":0.695199132,"56":0.6972552538,"57":0.6985282302,"58":0.6984918118,"59":0.6990276575,"60":0.698466301,"61":0.6970409155,"62":0.6988314986,"63":0.6982744932}}