{"loss":{"0":51.9816665649,"1":48.4277458191,"2":45.1349411011,"3":42.0209274292,"4":39.1222457886,"5":36.3665618896,"6":33.7918052673,"7":31.3670654297,"8":29.0703639984,"9":26.9288005829,"10":24.8854522705,"11":23.000793457,"12":21.1942596436,"13":19.5205345154,"14":17.9321041107,"15":16.4488716125,"16":15.0633516312,"17":13.7595815659,"18":12.5462837219,"19":11.4139823914,"20":10.3574409485,"21":9.3826675415,"22":8.4729118347,"23":7.6369333267,"24":6.8711438179,"25":6.165263176,"26":5.5078845024,"27":4.914083004,"28":4.3677415848,"29":3.8744893074,"30":3.4331064224,"31":3.0357677937,"32":2.6769602299,"33":2.35957551,"34":2.0807471275,"35":1.8309903145,"36":1.6227524281,"37":1.4335180521,"38":1.2732093334,"39":1.136652112,"40":1.0192289352,"41":0.9318911433,"42":0.8524023294,"43":0.7869797945,"44":0.7328209281,"45":0.6970661283,"46":0.6684194803,"47":0.6404799819,"48":0.6264622808,"49":0.6126689911,"50":0.6038482785,"51":0.5934686661,"52":0.5939670801,"53":0.5907821655},"acc":{"0":0.3126252592,"1":0.3368899822,"2":0.3621838391,"3":0.3847695291,"4":0.4126090109,"5":0.4370362461,"6":0.4648215473,"7":0.4833450615,"8":0.5153550506,"9":0.5355576277,"10":0.565238595,"11":0.5830579996,"12":0.6062394977,"13":0.6168553233,"14":0.6416617036,"15":0.6519525647,"16":0.6642473936,"17":0.6759464741,"18":0.6844499707,"19":0.689432919,"20":0.7043275833,"21":0.7090396881,"22":0.714943409,"23":0.7166224122,"24":0.7215512395,"25":0.7230135798,"26":0.7329794765,"27":0.7321128845,"28":0.7387206554,"29":0.7389914989,"30":0.7428911924,"31":0.7442994118,"32":0.7457076311,"33":0.7476574779,"34":0.7511780262,"35":0.7509072423,"36":0.7491739988,"37":0.7528029084,"38":0.7559443116,"39":0.7572442293,"40":0.7599523664,"41":0.7531820536,"42":0.7554568648,"43":0.7590857148,"44":0.7623354793,"45":0.7610355616,"46":0.7564317584,"47":0.7617938519,"48":0.762172997,"49":0.7616313696,"50":0.7620646954,"51":0.7654227614,"52":0.7641770244,"53":0.7616855502},"auc":{"0":0.560341835,"1":0.6019798517,"2":0.6071311235,"3":0.6102499962,"4":0.6095110178,"5":0.6112853289,"6":0.6137012243,"7":0.6026010513,"8":0.6068099737,"9":0.6026114225,"10":0.6121563315,"11":0.5981340408,"12":0.6080406308,"13":0.5988026857,"14":0.6040967703,"15":0.6011009216,"16":0.6031279564,"17":0.6076800227,"18":0.6090080738,"19":0.6071341038,"20":0.6191021204,"21":0.6145527363,"22":0.6169907451,"23":0.6280719042,"24":0.6164684892,"25":0.6155737638,"26":0.6237080693,"27":0.6246141791,"28":0.6334424019,"29":0.6353294849,"30":0.6352171898,"31":0.6341548562,"32":0.6402444839,"33":0.6405498981,"34":0.6435863972,"35":0.6500582099,"36":0.6421459913,"37":0.6461961269,"38":0.6496970654,"39":0.6527142525,"40":0.6569867134,"41":0.6505070329,"42":0.6546845436,"43":0.6563552618,"44":0.6629000306,"45":0.6603834629,"46":0.656088829,"47":0.6606837511,"48":0.6575809121,"49":0.6621629,"50":0.6639000177,"51":0.6670234203,"52":0.6616923809,"53":0.66188097},"val_loss":{"0":49.8916015625,"1":46.6060562134,"2":43.3718147278,"3":40.4392967224,"4":37.5344810486,"5":34.9197616577,"6":32.4083900452,"7":30.0320358276,"8":27.8150978088,"9":25.7209224701,"10":23.7783164978,"11":21.89478302,"12":20.1676979065,"13":18.5512161255,"14":17.0238056183,"15":15.5948972702,"16":14.2562828064,"17":13.0027656555,"18":11.8381252289,"19":10.7533464432,"20":9.7452812195,"21":8.8115653992,"22":7.9487543106,"23":7.1522607803,"24":6.4125618935,"25":5.7389221191,"26":5.1218061447,"27":4.5583548546,"28":4.0472435951,"29":3.5856006145,"30":3.1720454693,"31":2.7972297668,"32":2.4575841427,"33":2.1593563557,"34":1.8966960907,"35":1.6672031879,"36":1.4739044905,"37":1.3100774288,"38":1.1612925529,"39":1.0237027407,"40":0.9224296212,"41":0.8501979113,"42":0.7697694898,"43":0.7223193645,"44":0.6822466254,"45":0.6362555623,"46":0.6233161688,"47":0.6078637838,"48":0.591809094,"49":0.5846716762,"50":0.558686018,"51":0.5607982874,"52":0.5667846799,"53":0.5729307532},"val_acc":{"0":0.2400346547,"1":0.2400346547,"2":0.2400346547,"3":0.2400346547,"4":0.2610485256,"5":0.2517330945,"6":0.3568024337,"7":0.5517764091,"8":0.6421144009,"9":0.7023397088,"10":0.7179375887,"11":0.7448006868,"12":0.75,"13":0.7523829937,"14":0.7554159164,"15":0.758015573,"16":0.7632148862,"17":0.7660312057,"18":0.7673310041,"19":0.7681975961,"20":0.7707972527,"21":0.7697140574,"22":0.7686308622,"23":0.7705805898,"24":0.7710138559,"25":0.7720970511,"26":0.771663785,"27":0.7705805898,"28":0.7697140574,"29":0.7697140574,"30":0.7703639269,"31":0.7701473236,"32":0.7701473236,"33":0.7720970511,"34":0.7714471221,"35":0.7710138559,"36":0.7714471221,"37":0.7710138559,"38":0.7707972527,"39":0.7749133706,"40":0.7749133706,"41":0.7718803883,"42":0.7727469802,"43":0.7712305188,"44":0.7718803883,"45":0.7751299739,"46":0.7729635835,"47":0.7707972527,"48":0.7720970511,"49":0.7725303173,"50":0.7781628966,"51":0.7738301754,"52":0.7727469802,"53":0.7707972527},"val_auc":{"0":0.6630018353,"1":0.6642118096,"2":0.6678380966,"3":0.6695767045,"4":0.6721205711,"5":0.6741648316,"6":0.6759941578,"7":0.674051404,"8":0.6763163209,"9":0.6747094989,"10":0.6732356548,"11":0.6781983376,"12":0.6764884591,"13":0.6730262637,"14":0.6800611019,"15":0.682040453,"16":0.6808699369,"17":0.6806162,"18":0.6826691628,"19":0.6827808619,"20":0.6815427542,"21":0.6836323738,"22":0.6834567785,"23":0.6856724024,"24":0.6853466034,"25":0.6860747933,"26":0.6870909929,"27":0.6870039701,"28":0.6888444424,"29":0.6888743639,"30":0.6901890635,"31":0.6909803152,"32":0.6914256811,"33":0.6904304028,"34":0.6954227686,"35":0.6937460303,"36":0.6950105429,"37":0.6961601973,"38":0.6967694759,"39":0.6970985532,"40":0.698595047,"41":0.6977312565,"42":0.6998345256,"43":0.7000844479,"44":0.6993076801,"45":0.70355618,"46":0.7018691897,"47":0.7029905319,"48":0.7013342381,"49":0.7020033598,"50":0.7032093406,"51":0.7034672499,"52":0.7031981349,"53":0.7037394047}}