{"loss":{"0":53.2203979492,"1":49.6036987305,"2":46.2527923584,"3":43.0716285706,"4":40.1139678955,"5":37.3148574829,"6":34.6831932068,"7":32.1955795288,"8":29.8541812897,"9":27.6643409729,"10":25.5813598633,"11":23.6157588959,"12":21.7838726044,"13":20.0582084656,"14":18.4245357513,"15":16.9089336395,"16":15.4846839905,"17":14.1401767731,"18":12.8905858994,"19":11.7241868973,"20":10.6313648224,"21":9.6231279373,"22":8.6946201324,"23":7.822810173,"24":7.0353999138,"25":6.2956805229,"26":5.6206350327,"27":5.0132918358,"28":4.4496998787,"29":3.9410984516,"30":3.4884552956,"31":3.0713181496,"32":2.7093997002,"33":2.381964922,"34":2.091637373,"35":1.8377238512,"36":1.6159334183,"37":1.4187762737,"38":1.2603728771,"39":1.1206378937,"40":1.0021586418,"41":0.907481432,"42":0.8260429502,"43":0.7639353871,"44":0.7128317356,"45":0.6683961749,"46":0.6324646473,"47":0.6174263954,"48":0.5997523069,"49":0.5839672685,"50":0.5735915303,"51":0.5714085102,"52":0.5632577538,"53":0.5608376861,"54":0.5567802787,"55":0.5549616218,"56":0.5531978011,"57":0.549621582},"acc":{"0":0.2811027467,"1":0.307425648,"2":0.3264366686,"3":0.347235024,"4":0.3648377955,"5":0.3922439516,"6":0.413421452,"7":0.4413692355,"8":0.4704002738,"9":0.4951524734,"10":0.5253208876,"11":0.5585224628,"12":0.5742837191,"13":0.5915073156,"14":0.6195634604,"15":0.6283377409,"16":0.6446406245,"17":0.6621892452,"18":0.6734549999,"19":0.6861290336,"20":0.6965281963,"21":0.709256351,"22":0.708660543,"23":0.7195472121,"24":0.7238260508,"25":0.7286464572,"26":0.7341169119,"27":0.7336835861,"28":0.7404538989,"29":0.7420787811,"30":0.7400205731,"31":0.7475491762,"32":0.7464117408,"33":0.7494448423,"34":0.7500406504,"35":0.7538861632,"36":0.7498781085,"37":0.7572984099,"38":0.7578399777,"39":0.7570817471,"40":0.7561609745,"41":0.760060668,"42":0.7591398954,"43":0.7617938519,"44":0.7622812986,"45":0.7619563341,"46":0.7653144002,"47":0.7621188164,"48":0.7627146244,"49":0.7645561099,"50":0.7632020712,"51":0.7649894357,"52":0.7679683566,"53":0.7703515291,"54":0.7675350904,"55":0.7687808275,"56":0.7701348662,"57":0.7693765759},"auc":{"0":0.5595647097,"1":0.5963162184,"2":0.6077165604,"3":0.6199038029,"4":0.6127357483,"5":0.6127433777,"6":0.6092861891,"7":0.6117910743,"8":0.6151335239,"9":0.6069806218,"10":0.6061874032,"11":0.6143131256,"12":0.6103234291,"13":0.6040821671,"14":0.6159800291,"15":0.6050777435,"16":0.5966762304,"17":0.6059423685,"18":0.6083546281,"19":0.6081119776,"20":0.6175296903,"21":0.618309617,"22":0.6165366769,"23":0.6242668629,"24":0.6169325113,"25":0.6257715225,"26":0.631967783,"27":0.624465704,"28":0.6333504915,"29":0.6401896477,"30":0.6349306107,"31":0.6419161558,"32":0.633325696,"33":0.6357579827,"34":0.642385006,"35":0.6429467797,"36":0.6450344324,"37":0.6524556875,"38":0.6474134922,"39":0.6476165056,"40":0.6525089741,"41":0.6505076289,"42":0.6551071405,"43":0.6519846916,"44":0.6531772017,"45":0.658446908,"46":0.6670725346,"47":0.6578614712,"48":0.6591053009,"49":0.6633886099,"50":0.6661493778,"51":0.662881732,"52":0.6680618525,"53":0.6675834656,"54":0.6714086533,"55":0.6708798409,"56":0.6696910262,"57":0.6730935574},"val_loss":{"0":50.9637413025,"1":47.5502243042,"2":44.3245658875,"3":41.2893829346,"4":38.4805374146,"5":35.8333740234,"6":33.3170852661,"7":30.9427833557,"8":28.6666793823,"9":26.5282783508,"10":24.5382595062,"11":22.6355609894,"12":20.8399066925,"13":19.1283149719,"14":17.5364665985,"15":16.0542907715,"16":14.6797199249,"17":13.3765621185,"18":12.1821155548,"19":11.051153183,"20":10.0093393326,"21":9.044005394,"22":8.1477775574,"23":7.3229103088,"24":6.5620918274,"25":5.8645677567,"26":5.226436615,"27":4.6437120438,"28":4.1198143959,"29":3.6427698135,"30":3.2113051414,"31":2.8207571507,"32":2.4769923687,"33":2.1730427742,"34":1.9048029184,"35":1.6744762659,"36":1.468829751,"37":1.2894632816,"38":1.1430242062,"39":1.0171684027,"40":0.9091193676,"41":0.8206831217,"42":0.7454321384,"43":0.6936796308,"44":0.646425128,"45":0.6147502661,"46":0.5858647823,"47":0.5652506351,"48":0.5606293678,"49":0.5429781079,"50":0.5429360867,"51":0.539550066,"52":0.5338610411,"53":0.523814559,"54":0.5235523582,"55":0.5311973095,"56":0.5312546492,"57":0.542560041},"val_acc":{"0":0.2400346547,"1":0.2400346547,"2":0.2400346547,"3":0.2400346547,"4":0.2400346547,"5":0.2400346547,"6":0.2400346547,"7":0.2406845689,"8":0.2946273685,"9":0.3853986263,"10":0.4664211571,"11":0.5225303173,"12":0.6195840836,"13":0.7042894363,"14":0.7532495856,"15":0.7651646733,"16":0.7677642703,"17":0.7694973946,"18":0.7705805898,"19":0.772313714,"20":0.7751299739,"21":0.7755632401,"22":0.7759965062,"23":0.7751299739,"24":0.7746967077,"25":0.7755632401,"26":0.7751299739,"27":0.7753466368,"28":0.7762131691,"29":0.776429832,"30":0.776429832,"31":0.7777296305,"32":0.7770797014,"33":0.7785961628,"34":0.7792460918,"35":0.7772963643,"36":0.7777296305,"37":0.7781628966,"38":0.7783795595,"39":0.7783795595,"40":0.7785961628,"41":0.7783795595,"42":0.779679358,"43":0.7805459499,"44":0.7801126242,"45":0.7809792161,"46":0.7779462934,"47":0.7807625532,"48":0.7809792161,"49":0.7816291451,"50":0.7792460918,"51":0.7814124823,"52":0.7801126242,"53":0.7824956775,"54":0.7835788727,"55":0.7794627547,"56":0.7781628966,"57":0.7811958194},"val_auc":{"0":0.6684041023,"1":0.672424674,"2":0.6751585007,"3":0.6770450473,"4":0.6802229881,"5":0.681584239,"6":0.6843914986,"7":0.6865768433,"8":0.6870407462,"9":0.6875254512,"10":0.6866327524,"11":0.6886190176,"12":0.6884796023,"13":0.6886103153,"14":0.69197613,"15":0.6928733587,"16":0.6938505173,"17":0.6908928156,"18":0.6933175325,"19":0.6932028532,"20":0.6948398948,"21":0.6945245266,"22":0.6971747875,"23":0.6971959472,"24":0.7003899813,"25":0.7009884119,"26":0.6994703412,"27":0.7026513815,"28":0.7025145292,"29":0.7021534443,"30":0.7040288448,"31":0.706700325,"32":0.7062084675,"33":0.7071980238,"34":0.7069115043,"35":0.7080923319,"36":0.7095124722,"37":0.7096172571,"38":0.7097531557,"39":0.7101954222,"40":0.7086148858,"41":0.7117552757,"42":0.7105151415,"43":0.7090428472,"44":0.7103005648,"45":0.7103024721,"46":0.7128754854,"47":0.7130031586,"48":0.7127668858,"49":0.7131342888,"50":0.7126415968,"51":0.7125271559,"52":0.7128452659,"53":0.7143342495,"54":0.7145895362,"55":0.7146677971,"56":0.7160410881,"57":0.714109242}}