{"loss":{"0":50.1910362244,"1":46.7924461365,"2":43.6114845276,"3":40.629032135,"4":37.8320274353,"5":35.1974639893,"6":32.7286338806,"7":30.3863334656,"8":28.1957454681,"9":26.1257858276,"10":24.1738376617,"11":22.3276367188,"12":20.5996112823,"13":18.9711761475,"14":17.4355831146,"15":15.9960479736,"16":14.6552715302,"17":13.3860235214,"18":12.2142524719,"19":11.1080303192,"20":10.0846290588,"21":9.1322832108,"22":8.2516269684,"23":7.4362196922,"24":6.6881756783,"25":5.9905104637,"26":5.3561472893,"27":4.7787566185,"28":4.2505064011,"29":3.7694938183,"30":3.3417458534,"31":2.9551815987,"32":2.6049118042,"33":2.2998356819,"34":2.0307626724,"35":1.7851810455,"36":1.5795947313,"37":1.4031311274,"38":1.2514641285,"39":1.1195614338,"40":1.0051597357,"41":0.9148821235,"42":0.843909204,"43":0.7785730362,"44":0.729242444,"45":0.6937944293,"46":0.6645757556,"47":0.6398236752,"48":0.6344926953,"49":0.6168281436,"50":0.6066010594,"51":0.6026936769,"52":0.5997641683,"53":0.5972823501,"54":0.587903738,"55":0.5911203623,"56":0.5848545432,"57":0.583832562,"58":0.5807706714,"59":0.5792565942,"60":0.5765056014,"61":0.5713654757,"62":0.5738794208,"63":0.5725722909,"64":0.5709056258,"65":0.5675935745,"66":0.5658788085},"acc":{"0":0.5988734365,"1":0.622379899,"2":0.6465362906,"3":0.6650598645,"4":0.6829875708,"5":0.6969614625,"6":0.701456964,"7":0.7179223299,"8":0.7183556557,"9":0.7254508734,"10":0.7268049717,"11":0.7333586216,"12":0.7362292409,"13":0.7383956909,"14":0.7440285683,"15":0.7458159328,"16":0.7457618117,"17":0.7457618117,"18":0.7467367053,"19":0.7513946891,"20":0.7498781085,"21":0.7539944649,"22":0.7566484213,"23":0.7543194294,"24":0.7525320649,"25":0.7577858567,"26":0.7585440874,"27":0.758598268,"28":0.7589232326,"29":0.7589232326,"30":0.762172997,"31":0.7599523664,"32":0.7598440051,"33":0.7604939342,"34":0.7617396712,"35":0.7653144002,"36":0.766993463,"37":0.7630395889,"38":0.7662893534,"39":0.7601148486,"40":0.7675350904,"41":0.7699182034,"42":0.7661268711,"43":0.7691599131,"44":0.7672642469,"45":0.7716513872,"46":0.7681850195,"47":0.7710014582,"48":0.7686183453,"49":0.7701890469,"50":0.7691599131,"51":0.7700265646,"52":0.7708389759,"53":0.7711097598,"54":0.7737095952,"55":0.7718138695,"56":0.7751178145,"57":0.7729513049,"58":0.7735471129,"59":0.7732762694,"60":0.7740345597,"61":0.7776092887,"62":0.7750094533,"63":0.7760927081,"64":0.7754969597,"65":0.7752261162,"66":0.7773384452},"auc":{"0":0.5663024187,"1":0.5812495947,"2":0.5895347595,"3":0.60338974,"4":0.6012208462,"5":0.6106024981,"6":0.6046868563,"7":0.6168667674,"8":0.6160042882,"9":0.613504231,"10":0.612819016,"11":0.6257798672,"12":0.6200404167,"13":0.6211755872,"14":0.630594492,"15":0.6309660673,"16":0.6232664585,"17":0.6338070631,"18":0.6284629703,"19":0.6382898092,"20":0.6381751895,"21":0.6415984631,"22":0.6435838342,"23":0.6415603161,"24":0.6403746605,"25":0.6505157351,"26":0.6514344215,"27":0.65163517,"28":0.6529340744,"29":0.6606027484,"30":0.6554948688,"31":0.6561774611,"32":0.6636048555,"33":0.6636952162,"34":0.6587995291,"35":0.6678696871,"36":0.667160213,"37":0.6613518596,"38":0.6587666869,"39":0.6633057594,"40":0.6688680649,"41":0.6716500521,"42":0.6683403254,"43":0.6739224195,"44":0.6788994074,"45":0.6762064695,"46":0.6771109104,"47":0.6819660664,"48":0.6681750417,"49":0.6771659851,"50":0.6810696721,"51":0.6791307926,"52":0.6766758561,"53":0.6757373214,"54":0.6857306957,"55":0.6792713404,"56":0.6862937212,"57":0.6829624176,"58":0.6842594743,"59":0.6885515451,"60":0.6882597804,"61":0.6926935911,"62":0.687703371,"63":0.6882612705,"64":0.6912633181,"65":0.6940296292,"66":0.6938602924},"val_loss":{"0":48.397983551,"1":45.1193466187,"2":42.0512580872,"3":39.1307601929,"4":36.4254341125,"5":33.8878135681,"6":31.4752349854,"7":29.2150402069,"8":27.0802574158,"9":25.062746048,"10":23.170545578,"11":21.3901500702,"12":19.7118625641,"13":18.1299324036,"14":16.6495723724,"15":15.2694282532,"16":13.9549732208,"17":12.7366886139,"18":11.6010036469,"19":10.5405435562,"20":9.5542783737,"21":8.6397237778,"22":7.7896118164,"23":7.0075216293,"24":6.2875213623,"25":5.6285777092,"26":5.020301342,"27":4.4699149132,"28":3.9668171406,"29":3.5132668018,"30":3.1047365665,"31":2.7396624088,"32":2.4133901596,"33":2.1262049675,"34":1.8715691566,"35":1.6496850252,"36":1.4578353167,"37":1.2920020819,"38":1.1520199776,"39":1.0319116116,"40":0.9326711297,"41":0.851344645,"42":0.7930914164,"43":0.7324423194,"44":0.6919183731,"45":0.6592163444,"46":0.6339457035,"47":0.6156355739,"48":0.604010582,"49":0.5930885673,"50":0.5863152146,"51":0.5826494098,"52":0.5789328218,"53":0.577709794,"54":0.5764612556,"55":0.5731714964,"56":0.5759592652,"57":0.575070262,"58":0.5664404631,"59":0.5674016476,"60":0.5646712184,"61":0.5632247925,"62":0.5627906919,"63":0.5611565113,"64":0.5657287836,"65":0.5627840757,"66":0.5653784871},"val_acc":{"0":0.6299826503,"1":0.6663778424,"2":0.6884748936,"3":0.7354852557,"4":0.7380849123,"5":0.7424176931,"6":0.7515164614,"7":0.7532495856,"8":0.7590987682,"9":0.7636481524,"10":0.7632148862,"11":0.76278162,"12":0.7629982829,"13":0.7679809332,"14":0.7677642703,"15":0.7655979395,"16":0.7699306607,"17":0.7697140574,"18":0.7707972527,"19":0.7725303173,"20":0.7727469802,"21":0.7731802464,"22":0.7729635835,"23":0.7729635835,"24":0.7736135125,"25":0.7733969092,"26":0.7746967077,"27":0.7744800448,"28":0.7749133706,"29":0.7753466368,"30":0.7753466368,"31":0.7744800448,"32":0.7738301754,"33":0.7744800448,"34":0.7738301754,"35":0.7742634416,"36":0.7749133706,"37":0.7751299739,"38":0.7740467787,"39":0.7755632401,"40":0.776429832,"41":0.7755632401,"42":0.7742634416,"43":0.7757799029,"44":0.7746967077,"45":0.7755632401,"46":0.7766464353,"47":0.7770797014,"48":0.7757799029,"49":0.7772963643,"50":0.7777296305,"51":0.7779462934,"52":0.7775130272,"53":0.7753466368,"54":0.7759965062,"55":0.7783795595,"56":0.7759965062,"57":0.7746967077,"58":0.7772963643,"59":0.7768630981,"60":0.7770797014,"61":0.7770797014,"62":0.7751299739,"63":0.7766464353,"64":0.7736135125,"65":0.7727469802,"66":0.7731802464},"val_auc":{"0":0.6686645746,"1":0.6739444733,"2":0.6778832078,"3":0.6802699566,"4":0.6811284423,"5":0.684632957,"6":0.6849823594,"7":0.6866366863,"8":0.6883049011,"9":0.6902417541,"10":0.691267848,"11":0.6933963299,"12":0.6933112144,"13":0.6931449175,"14":0.6950124502,"15":0.6953957081,"16":0.6963604689,"17":0.6982914805,"18":0.6989189386,"19":0.6991751194,"20":0.7000456452,"21":0.7005777359,"22":0.7015550137,"23":0.7017513514,"24":0.7018623352,"25":0.7025517821,"26":0.7040339708,"27":0.7052102089,"28":0.7060569525,"29":0.7055437565,"30":0.7069066763,"31":0.7074743509,"32":0.7075617313,"33":0.7069487572,"34":0.7066481113,"35":0.706812501,"36":0.7082893252,"37":0.7088820934,"38":0.7076622248,"39":0.7084965706,"40":0.7089618444,"41":0.7095496655,"42":0.709221065,"43":0.7117229104,"44":0.7128909826,"45":0.7117971778,"46":0.7123138905,"47":0.714353323,"48":0.7127771378,"49":0.7140058875,"50":0.7140190601,"51":0.7157614231,"52":0.7140191793,"53":0.7156609297,"54":0.714553833,"55":0.7130885124,"56":0.7134709358,"57":0.7152562141,"58":0.7177820206,"59":0.7179524302,"60":0.7157126665,"61":0.7165151238,"62":0.7188379765,"63":0.7178844213,"64":0.7184541821,"65":0.7181854844,"66":0.7161026001}}