{"loss":{"0":1.0598813295,"1":0.7181727886,"2":0.6079352498,"3":0.5499184132,"4":0.5115301609,"5":0.4799977541,"6":0.4572271109,"7":0.4388812482,"8":0.4262438118,"9":0.4106631875,"10":0.3955076337,"11":0.3833124638,"12":0.3703552485},"acc":{"0":0.625649929,"1":0.6703314781,"2":0.7167460918,"3":0.7440424562,"4":0.769118309,"5":0.7867742777,"6":0.8044302464,"7":0.8165619373,"8":0.8214904666,"9":0.8319973946,"10":0.8346512318,"11":0.8417460918,"12":0.8458080292},"auc":{"0":0.4977526963,"1":0.5292881727,"2":0.5893622637,"3":0.6503484249,"4":0.7063446045,"5":0.7542561889,"6":0.7798207402,"7":0.8011145592,"8":0.8121823072,"9":0.8271127939,"10":0.8422784209,"11":0.8541475534,"12":0.8652660847},"val_loss":{"0":0.5444582701,"1":0.5124631524,"2":0.5042735934,"3":0.4744388461,"4":0.4472791553,"5":0.3973730505,"6":0.3943035901,"7":0.3852546513,"8":0.3794566095,"9":0.3788402081,"10":0.3793073595,"11":0.4155811369,"12":0.3838974833},"val_acc":{"0":0.7610485554,"1":0.7610485554,"2":0.8041594625,"3":0.81889081,"4":0.8264731169,"5":0.8392547369,"6":0.8394713998,"7":0.841204524,"8":0.8407712579,"9":0.8403379321,"10":0.8418543935,"11":0.8297227025,"12":0.8381716013},"val_auc":{"0":0.6397805214,"1":0.7472361326,"2":0.7790952921,"3":0.8103224039,"4":0.8279920816,"5":0.8406900764,"6":0.8455772996,"7":0.8494000435,"8":0.8505032063,"9":0.8521192074,"10":0.8511636257,"11":0.8520549536,"12":0.8501198888}}