{"loss":{"0":1.1139098406,"1":0.6524627805,"2":0.5716425776,"3":0.5385251045,"4":0.5025730133,"5":0.4743851125,"6":0.4571826756,"7":0.4381467402,"8":0.4280318022,"9":0.4151303172,"10":0.3991021812,"11":0.3872432113,"12":0.3756172657,"13":0.3602106869},"acc":{"0":0.6059358716,"1":0.6937283278,"2":0.7395472527,"3":0.7605611086,"4":0.7832539082,"5":0.7961980104,"6":0.8098461628,"7":0.8185658455,"8":0.8269605637,"9":0.8345970511,"10":0.8414211273,"11":0.8480286002,"12":0.8504657745,"13":0.8585897088},"auc":{"0":0.5474501848,"1":0.5587581396,"2":0.6085476279,"3":0.6481127739,"4":0.7090013027,"5":0.746692121,"6":0.7705514431,"7":0.7917186618,"8":0.8023549318,"9":0.8145599961,"10":0.8312216401,"11":0.8415304422,"12":0.8511229753,"13":0.863747716},"val_loss":{"0":0.5002534986,"1":0.4960071743,"2":0.4777280986,"3":0.4470515847,"4":0.4250674844,"5":0.4130696356,"6":0.4048591554,"7":0.4001214206,"8":0.3960257769,"9":0.3946958184,"10":0.3920173645,"11":0.3957857192,"12":0.3978965282,"13":0.4014893472},"val_acc":{"0":0.7673310041,"1":0.7710138559,"2":0.7920277119,"3":0.8100086451,"4":0.8232235909,"5":0.8318890929,"6":0.8312391639,"7":0.8314558268,"8":0.8340554833,"9":0.8360052109,"10":0.8349220157,"11":0.8355719447,"12":0.8299393654,"13":0.8288561702},"val_auc":{"0":0.7423988581,"1":0.7636504173,"2":0.7841184139,"3":0.8023613691,"4":0.8148584962,"5":0.8214862347,"6":0.8262129426,"7":0.8305148482,"8":0.8339841962,"9":0.836746037,"10":0.838937521,"11":0.8395804763,"12":0.8409930468,"13":0.8407582641}}