{"loss":{"0":1.0598820448,"1":0.6921855807,"2":0.5923555493,"3":0.5366984606,"4":0.4986411035,"5":0.4678179324,"6":0.4467165172,"7":0.4270119965,"8":0.4135019183,"9":0.3967688382,"10":0.3849401474,"11":0.3754451871},"acc":{"0":0.5979202986,"1":0.6876624823,"2":0.731477499,"3":0.7615901232,"4":0.7817374468,"5":0.798093617,"6":0.8137997985,"7":0.8249566555,"8":0.8261481524,"9":0.836438477,"10":0.8409336805,"11":0.845374763},"auc":{"0":0.5207256079,"1":0.5638006926,"2":0.6215419769,"3":0.6765216589,"4":0.7238401175,"5":0.7663990259,"6":0.7872959971,"7":0.8089137077,"8":0.8227853775,"9":0.8384869099,"10":0.850322485,"11":0.8598868847},"val_loss":{"0":0.5131059289,"1":0.4923456311,"2":0.4646880031,"3":0.4407567382,"4":0.4263510406,"5":0.4161397815,"6":0.4079459012,"7":0.404692322,"8":0.3982518017,"9":0.399202615,"10":0.4019844532,"11":0.4035868943},"val_acc":{"0":0.7577989697,"1":0.754766047,"2":0.7863951325,"3":0.814124763,"4":0.8221403956,"5":0.827772975,"6":0.8329722881,"7":0.8301559687,"8":0.8336221576,"9":0.8351386189,"10":0.8342720866,"11":0.8258232474},"val_auc":{"0":0.7351517081,"1":0.7817386389,"2":0.8008415699,"3":0.8137667179,"4":0.8217490911,"5":0.8277379274,"6":0.8342397213,"7":0.8370576501,"8":0.8400943875,"9":0.840892911,"10":0.8418595791,"11":0.84115839}}