{"loss":{"0":1.1049746275,"1":0.6983138919,"2":0.5996537805,"3":0.547921896,"4":0.5069723129,"5":0.479350239,"6":0.451944083,"7":0.4359045923,"8":0.423938483,"9":0.4097674191,"10":0.3959262967,"11":0.3847495317,"12":0.3733839989,"13":0.3529285192},"acc":{"0":0.565695405,"1":0.6814341545,"2":0.7219995856,"3":0.7533578873,"4":0.7782170773,"5":0.7913236618,"6":0.8076256514,"7":0.820461452,"8":0.8239818215,"9":0.8304809332,"10":0.8386048675,"11":0.8445082307,"12":0.8494367599,"13":0.8565858006},"auc":{"0":0.4952003658,"1":0.5416152477,"2":0.5950726867,"3":0.6508318782,"4":0.7065240741,"5":0.7494533658,"6":0.7810531259,"7":0.7979146242,"8":0.812147975,"9":0.8251488209,"10":0.8394299746,"11":0.8505648375,"12":0.8583338261,"13":0.8754749894},"val_loss":{"0":0.5317691565,"1":0.4952777624,"2":0.4742476642,"3":0.4530169368,"4":0.4202624261,"5":0.3996542692,"6":0.3900998831,"7":0.3865966797,"8":0.3821845651,"9":0.3841965795,"10":0.3788375854,"11":0.3818443418,"12":0.3809200227,"13":0.3836239576},"val_acc":{"0":0.7636481524,"1":0.7677642703,"2":0.7846620679,"3":0.8093587756,"4":0.8290727735,"5":0.8370884061,"6":0.8386048675,"7":0.8386048675,"8":0.8390381336,"9":0.8386048675,"10":0.8401213288,"11":0.8407712579,"12":0.8427209854,"13":0.8409878612},"val_auc":{"0":0.6957244873,"1":0.7465119362,"2":0.7702764273,"3":0.7943518162,"4":0.8141286969,"5":0.828276217,"6":0.8347811103,"7":0.838321805,"8":0.8398185968,"9":0.8425805569,"10":0.8448944092,"11":0.8457812667,"12":0.8460270166,"13":0.8457106352}}