{"loss":{"0":1.0954164267,"1":0.7260376811,"2":0.6511642933,"3":0.594230175,"4":0.5411035419,"5":0.5013840795,"6":0.4770377278,"7":0.4561839104,"8":0.4373212159,"9":0.4238398671,"10":0.4119623899,"11":0.39758268,"12":0.3847300112,"13":0.3726510406},"acc":{"0":0.6164969802,"1":0.6824089885,"2":0.7167460918,"3":0.7383015752,"4":0.7584488988,"5":0.7810875177,"6":0.7973895073,"7":0.8070840836,"8":0.8178076148,"9":0.8225736618,"10":0.8305351138,"11":0.838983953,"12":0.841204524,"13":0.8497075438},"auc":{"0":0.5171144009,"1":0.5330067873,"2":0.5690976381,"3":0.6148142219,"4":0.6731356382,"5":0.7242963314,"6":0.7537449598,"7":0.7777901888,"8":0.7986314297,"9":0.8136302233,"10":0.8259572983,"11":0.8375710249,"12":0.8510205746,"13":0.8601154089},"val_loss":{"0":0.531432569,"1":0.5109686255,"2":0.4813216627,"3":0.4516915679,"4":0.4289747775,"5":0.4115363061,"6":0.3962590694,"7":0.4044783413,"8":0.385754317,"9":0.3866104186,"10":0.3814358413,"11":0.384483546,"12":0.3827326596,"13":0.3927129805},"val_acc":{"0":0.7614818215,"1":0.7614818215,"2":0.7653812766,"3":0.8143414259,"4":0.8247400522,"5":0.8299393654,"6":0.8342720866,"7":0.8353552818,"8":0.8368717432,"9":0.8392547369,"10":0.841204524,"11":0.8409878612,"12":0.8422877192,"13":0.835788548},"val_auc":{"0":0.6986418962,"1":0.7737504244,"2":0.7894992828,"3":0.811047256,"4":0.82312572,"5":0.8324312568,"6":0.838026464,"7":0.8404591084,"8":0.8433067203,"9":0.844612956,"10":0.846303463,"11":0.8451699018,"12":0.8463515043,"13":0.8449428678}}