{"loss":{"0":0.5121030807,"1":0.4696488678,"2":0.4406366348,"3":0.4313011169,"4":0.4149976671,"5":0.3992747068},"acc":{"0":0.7681473494,"1":0.7892740965,"2":0.8141928315,"3":0.8093174696,"4":0.819068253,"5":0.8282773495},"auc":{"0":0.6968668103,"1":0.7668347359,"2":0.7982881069,"3":0.8121905327,"4":0.8282316923,"5":0.8423705101},"val_loss":{"0":0.4764497578,"1":0.4782312214,"2":0.4483782947,"3":0.4623979032,"4":0.4707093239,"5":0.4573922455},"val_acc":{"0":0.7900432944,"1":0.7813853025,"2":0.8073592782,"3":0.7900432944,"4":0.7900432944,"5":0.7987012863},"val_auc":{"0":0.7490960956,"1":0.7588196993,"2":0.7786027789,"3":0.7685176134,"4":0.7619189024,"5":0.762306273}}