{"loss":{"0":0.5284927487,"1":0.4711864591,"2":0.4461341202,"3":0.4426221848,"4":0.4222750962,"5":0.4097576737,"6":0.3834201992,"7":0.3806270957,"8":0.3526956141},"acc":{"0":0.7578548193,"1":0.7903575301,"2":0.8028169274,"3":0.8212351203,"4":0.8212351203,"5":0.8271939158,"6":0.8320693374,"7":0.8412784338,"8":0.8510292768},"auc":{"0":0.6292554736,"1":0.7387475967,"2":0.7779148221,"3":0.7716308832,"4":0.8038700819,"5":0.8182015419,"6":0.8480448723,"7":0.84494555,"8":0.8720555902},"val_loss":{"0":0.4813759923,"1":0.4726397991,"2":0.458965838,"3":0.4456207454,"4":0.4413231909,"5":0.4318467975,"6":0.4515821338,"7":0.4530190825,"8":0.507570684},"val_acc":{"0":0.7683982849,"1":0.770562768,"2":0.7965368032,"3":0.7878788114,"4":0.7922077775,"5":0.7900432944,"6":0.7748917937,"7":0.7965368032,"8":0.7922077775},"val_auc":{"0":0.7765818834,"1":0.8030948639,"2":0.8030196428,"3":0.8085203171,"4":0.8135948181,"5":0.820260644,"6":0.8064527512,"7":0.8105250001,"8":0.8104623556}}