{"loss":{"0":0.5393089056,"1":0.4889235497,"2":0.4612615108,"3":0.4537378848,"4":0.4369809926,"5":0.4237497747,"6":0.4044718742},"acc":{"0":0.755687952,"1":0.7860238552,"2":0.8033586144,"3":0.7984831929,"4":0.8136511445,"5":0.8206933737,"6":0.8358613253},"auc":{"0":0.6303253174,"1":0.7289159298,"2":0.7672303915,"3":0.7779263854,"4":0.7968146801,"5":0.8074884415,"6":0.8304627538},"val_loss":{"0":0.4786915779,"1":0.4700314701,"2":0.4534184039,"3":0.4465291202,"4":0.4657402337,"5":0.4590088725,"6":0.4616526961},"val_acc":{"0":0.7835497856,"1":0.7835497856,"2":0.7900432944,"3":0.800865829,"4":0.7878788114,"5":0.7987012863,"6":0.7922077775},"val_auc":{"0":0.7336934805,"1":0.7722955942,"2":0.7727624178,"3":0.7734560966,"4":0.7746965885,"5":0.7786180973,"6":0.7833532691}}