,loss,acc,auc,val_loss,val_acc,val_auc
0,0.5121030807495117,0.768147349357605,0.6968668103218079,0.47644975781440735,0.790043294429779,0.7490960955619812
1,0.4696488678455353,0.7892740964889526,0.7668347358703613,0.4782312214374542,0.7813853025436401,0.7588196992874146
2,0.44063663482666016,0.8141928315162659,0.798288106918335,0.4483782947063446,0.8073592782020569,0.7786027789115906
3,0.4313011169433594,0.8093174695968628,0.8121905326843262,0.46239790320396423,0.790043294429779,0.7685176134109497
4,0.4149976670742035,0.8190682530403137,0.828231692314148,0.47070932388305664,0.790043294429779,0.7619189023971558
5,0.39927470684051514,0.8282773494720459,0.8423705101013184,0.45739224553108215,0.798701286315918,0.762306272983551
