,loss,acc,auc,val_loss,val_acc,val_auc
0,0.5239123702049255,0.7686890363693237,0.6250226497650146,0.4949299395084381,0.7683982849121094,0.7483741641044617
1,0.47117602825164795,0.7849404215812683,0.7347305417060852,0.46922755241394043,0.7878788113594055,0.770077109336853
2,0.4574665427207947,0.7854821085929871,0.7574426531791687,0.4658547639846802,0.7922077775001526,0.7809537649154663
3,0.43500766158103943,0.8087757229804993,0.7891440391540527,0.4607972204685211,0.8051947951316833,0.7824535965919495
4,0.42199745774269104,0.8017334938049316,0.8071560859680176,0.46041324734687805,0.8008658289909363,0.7831720113754272
5,0.41854482889175415,0.8169013857841492,0.8101826906204224,0.4783477485179901,0.7878788113594055,0.782138466835022
6,0.3977741003036499,0.8261104822158813,0.8333495855331421,0.5238319635391235,0.7835497856140137,0.7822771668434143
7,0.37592512369155884,0.8353196382522583,0.8539621829986572,0.4837925434112549,0.7965368032455444,0.7826048135757446
