{"loss":{"0":0.5239123702,"1":0.4711760283,"2":0.4574665427,"3":0.4350076616,"4":0.4219974577,"5":0.4185448289,"6":0.3977741003,"7":0.3759251237},"acc":{"0":0.7686890364,"1":0.7849404216,"2":0.7854821086,"3":0.808775723,"4":0.8017334938,"5":0.8169013858,"6":0.8261104822,"7":0.8353196383},"auc":{"0":0.6250226498,"1":0.7347305417,"2":0.7574426532,"3":0.7891440392,"4":0.807156086,"5":0.8101826906,"6":0.8333495855,"7":0.853962183},"val_loss":{"0":0.4949299395,"1":0.4692275524,"2":0.465854764,"3":0.4607972205,"4":0.4604132473,"5":0.4783477485,"6":0.5238319635,"7":0.4837925434},"val_acc":{"0":0.7683982849,"1":0.7878788114,"2":0.7922077775,"3":0.8051947951,"4":0.800865829,"5":0.7878788114,"6":0.7835497856,"7":0.7965368032},"val_auc":{"0":0.7483741641,"1":0.7700771093,"2":0.7809537649,"3":0.7824535966,"4":0.7831720114,"5":0.7821384668,"6":0.7822771668,"7":0.7826048136}}