,loss,acc,auc,val_loss,val_acc,val_auc
0,0.5393089056015015,0.755687952041626,0.6303253173828125,0.47869157791137695,0.7835497856140137,0.7336934804916382
1,0.4889235496520996,0.7860238552093506,0.7289159297943115,0.4700314700603485,0.7835497856140137,0.7722955942153931
2,0.461261510848999,0.8033586144447327,0.7672303915023804,0.45341840386390686,0.790043294429779,0.7727624177932739
3,0.45373788475990295,0.7984831929206848,0.7779263854026794,0.4465291202068329,0.8008658289909363,0.7734560966491699
4,0.4369809925556183,0.8136511445045471,0.7968146800994873,0.46574023365974426,0.7878788113594055,0.7746965885162354
5,0.42374977469444275,0.8206933736801147,0.8074884414672852,0.4590088725090027,0.798701286315918,0.7786180973052979
6,0.40447187423706055,0.835861325263977,0.8304627537727356,0.4616526961326599,0.7922077775001526,0.7833532691001892
