{"loss":{"0":0.5230666399,"1":0.4887459874,"2":0.4688615203,"3":0.4494033158,"4":0.4369547367,"5":0.4324199855},"acc":{"0":0.7621884942,"1":0.7827735543,"2":0.794691205,"3":0.8071506023,"4":0.8125677109,"5":0.8152762651},"auc":{"0":0.6808497906,"1":0.7377704382,"2":0.760633707,"3":0.7898162007,"4":0.8003810644,"5":0.8049701452},"val_loss":{"0":0.4389063418,"1":0.4446681738,"2":0.4224128425,"3":0.4555861056,"4":0.4245800376,"5":0.4271240532},"val_acc":{"0":0.8116883039,"1":0.8181818128,"2":0.8181818128,"3":0.8160173297,"4":0.8095238209,"5":0.8116883039},"val_auc":{"0":0.7587487698,"1":0.7648777962,"2":0.783688724,"3":0.767914176,"4":0.7815139294,"5":0.7761191726}}