,loss,acc,auc,val_loss,val_acc,val_auc
0,0.5284927487373352,0.7578548192977905,0.629255473613739,0.4813759922981262,0.7683982849121094,0.776581883430481
1,0.47118645906448364,0.7903575301170349,0.7387475967407227,0.472639799118042,0.7705627679824829,0.8030948638916016
2,0.44613412022590637,0.8028169274330139,0.777914822101593,0.45896583795547485,0.7965368032455444,0.803019642829895
3,0.44262218475341797,0.8212351202964783,0.7716308832168579,0.44562074542045593,0.7878788113594055,0.8085203170776367
4,0.4222750961780548,0.8212351202964783,0.8038700819015503,0.4413231909275055,0.7922077775001526,0.8135948181152344
5,0.40975767374038696,0.8271939158439636,0.8182015419006348,0.4318467974662781,0.790043294429779,0.8202606439590454
6,0.3834201991558075,0.8320693373680115,0.8480448722839355,0.451582133769989,0.7748917937278748,0.806452751159668
7,0.3806270956993103,0.8412784337997437,0.8449455499649048,0.45301908254623413,0.7965368032455444,0.8105250000953674
8,0.35269561409950256,0.8510292768478394,0.8720555901527405,0.5075706839561462,0.7922077775001526,0.8104623556137085
