,loss,acc,auc,val_loss,val_acc,val_auc
0,0.5230666399002075,0.7621884942054749,0.6808497905731201,0.43890634179115295,0.8116883039474487,0.7587487697601318
1,0.4887459874153137,0.7827735543251038,0.7377704381942749,0.444668173789978,0.8181818127632141,0.7648777961730957
2,0.46886152029037476,0.7946912050247192,0.7606337070465088,0.42241284251213074,0.8181818127632141,0.7836887240409851
3,0.449403315782547,0.8071506023406982,0.7898162007331848,0.45558610558509827,0.8160173296928406,0.7679141759872437
4,0.4369547367095947,0.8125677108764648,0.800381064414978,0.42458003759384155,0.8095238208770752,0.7815139293670654
5,0.4324199855327606,0.8152762651443481,0.8049701452255249,0.4271240532398224,0.8116883039474487,0.7761191725730896
