{"loss":{"0":62.8059501648,"1":54.2911605835,"2":46.9037246704,"3":40.4369735718,"4":34.7996520996,"5":29.8453922272,"6":25.5402202606,"7":21.771024704,"8":18.4914150238,"9":15.6479310989,"10":13.1780118942,"11":11.0498886108,"12":9.2499542236,"13":7.6953811646,"14":6.3655719757,"15":5.2485046387,"16":4.3011441231,"17":3.5118434429,"18":2.8596003056,"19":2.3221366405,"20":1.8777974844,"21":1.5208973885,"22":1.2150372267,"23":0.9686923623,"24":0.7966206074,"25":0.6402108073,"26":0.5320270658,"27":0.4327661395,"28":0.3623307049,"29":0.3086186945,"30":0.2743149996,"31":0.2423110604,"32":0.23502554,"33":0.2117099911},"acc":{"0":0.6765980721,"1":0.7437703013,"2":0.7535211444,"3":0.7611051202,"4":0.7589382529,"5":0.7762730122,"6":0.7806067467,"7":0.8066088557,"8":0.8179848194,"9":0.8412784338,"10":0.8634886146,"11":0.8791982532,"12":0.8786565661,"13":0.8954496384,"14":0.911700964,"15":0.9100758433,"16":0.9257854819,"17":0.9312025905,"18":0.9317443371,"19":0.9328277111,"20":0.9414951205,"21":0.936619699,"22":0.9485373497,"23":0.9572047591,"24":0.9474539757,"25":0.9566630721,"26":0.9534127712,"27":0.9631636143,"28":0.9647887349,"29":0.9702058434,"30":0.9685807228,"31":0.9669556022,"32":0.9637053013,"33":0.9674972892},"auc":{"0":0.6162632704,"1":0.6816657782,"2":0.6884607077,"3":0.7156893611,"4":0.7086892128,"5":0.7678651214,"6":0.788361907,"7":0.8188815117,"8":0.8557524681,"9":0.877141118,"10":0.9119294286,"11":0.9322576523,"12":0.9363187551,"13":0.9433609247,"14":0.9578031301,"15":0.9613558054,"16":0.969406724,"17":0.9713120461,"18":0.9723294973,"19":0.975330174,"20":0.9754290581,"21":0.9767619371,"22":0.9820845127,"23":0.9882057905,"24":0.9848613739,"25":0.9897122383,"26":0.9875904918,"27":0.9915989041,"28":0.9930443764,"29":0.9939054251,"30":0.9941836596,"31":0.9941301346,"32":0.9919297099,"33":0.994607687},"val_loss":{"0":58.3561439514,"1":50.5817565918,"2":43.727432251,"3":37.7008132935,"4":32.4239196777,"5":27.8704185486,"6":23.7586917877,"7":20.3631248474,"8":17.3364086151,"9":15.1951255798,"10":12.7160997391,"11":10.7938280106,"12":9.0505523682,"13":7.8757133484,"14":6.6119103432,"15":5.3430318832,"16":4.3813385963,"17":3.5602977276,"18":2.9334542751,"19":2.4041056633,"20":2.1169564724,"21":1.8590915203,"22":1.6110332012,"23":1.7001729012,"24":1.1648336649,"25":1.2095557451,"26":1.0322883129,"27":1.0559509993,"28":0.8250619173,"29":0.8090648651,"30":0.8021169305,"31":0.8769288063,"32":0.900837779,"33":0.8615531921},"val_acc":{"0":0.6796537042,"1":0.4177489281,"2":0.4502164423,"3":0.458874464,"4":0.42640692,"5":0.3636363745,"6":0.57359308,"7":0.4523809552,"8":0.4891774952,"9":0.2575757504,"10":0.3679653704,"11":0.4090909064,"12":0.4913419783,"13":0.4069263935,"14":0.4870129824,"15":0.6060606241,"16":0.6623376608,"17":0.7251082063,"18":0.770562768,"19":0.7792207599,"20":0.7207792401,"21":0.6926407218,"22":0.7121211886,"23":0.5952380896,"24":0.7532467246,"25":0.699134171,"26":0.7207792401,"27":0.6904761791,"28":0.7597402334,"29":0.7683982849,"30":0.7597402334,"31":0.729437232,"32":0.7186146975,"33":0.7359307408},"val_auc":{"0":0.6344265938,"1":0.4919937849,"2":0.4839101434,"3":0.4701059163,"4":0.5346203446,"5":0.5820506215,"6":0.7468621731,"7":0.7371771336,"8":0.7553848624,"9":0.7310305238,"10":0.7734504938,"11":0.7525956035,"12":0.778008759,"13":0.7432205677,"14":0.7577092052,"15":0.7410382032,"16":0.7487604022,"17":0.7553977966,"18":0.7490056753,"19":0.7700026035,"20":0.7467588186,"21":0.7549328804,"22":0.7641787529,"23":0.7362990379,"24":0.7539255619,"25":0.7441761494,"26":0.7486700416,"27":0.748037219,"28":0.770157516,"29":0.757864058,"30":0.7545066476,"31":0.7379132509,"32":0.7370609045,"33":0.7446409464}}