{"loss":{"0":63.567150116,"1":54.9819450378,"2":47.523815155,"3":40.9921035767,"4":35.2963485718,"5":30.3095550537,"6":25.9425582886,"7":22.1527233124,"8":18.8119792938,"9":15.9508304596,"10":13.4661417007,"11":11.3200321198,"12":9.4535112381,"13":7.8710484505,"14":6.5438785553,"15":5.3917446136,"16":4.4105081558,"17":3.6223638058,"18":2.9386472702,"19":2.3784677982,"20":1.9180307388,"21":1.5453908443,"22":1.2303946018,"23":0.9955196977,"24":0.796962738,"25":0.6501982212},"acc":{"0":0.5195016265,"1":0.6457204819,"2":0.6852654219,"3":0.7139761448,"4":0.7432286143,"5":0.7508125901,"6":0.7713975906,"7":0.7735644579,"8":0.8104008436,"9":0.8261104822,"10":0.8309859037,"11":0.8299024701,"12":0.8716142774,"13":0.8802816868,"14":0.872697711,"15":0.8846153617,"16":0.9035753012,"17":0.897074759,"18":0.9106175303,"19":0.921993494,"20":0.9192849398,"21":0.9279523492,"22":0.9312025905,"23":0.9328277111,"24":0.9501625299,"25":0.9404116869},"auc":{"0":0.5701930523,"1":0.6238311529,"2":0.640121758,"3":0.6813910007,"4":0.6972395182,"5":0.7387385368,"6":0.7722682953,"7":0.79289186,"8":0.8601227403,"9":0.8576413393,"10":0.8731075525,"11":0.8939113617,"12":0.9201381803,"13":0.9319557548,"14":0.9270384312,"15":0.9357845187,"16":0.9558914304,"17":0.9493160248,"18":0.9595480561,"19":0.9620702863,"20":0.9670413733,"21":0.9709935188,"22":0.9789477587,"23":0.9782075882,"24":0.982437551,"25":0.9818971753},"val_loss":{"0":59.0047416687,"1":51.196105957,"2":44.2265892029,"3":38.1504135132,"4":32.8888969421,"5":28.2934837341,"6":24.370388031,"7":20.8165664673,"8":17.8004684448,"9":15.2599916458,"10":12.9718523026,"11":10.9678621292,"12":9.2742300034,"13":8.0647420883,"14":7.2227058411,"15":6.8167443275,"16":6.6249756813,"17":5.4290122986,"18":4.9236531258,"19":4.2635011673,"20":4.6189579964,"21":3.997910738,"22":3.8468635082,"23":4.03079319,"24":4.0533013344,"25":3.9454491138},"val_acc":{"0":0.57359308,"1":0.4112554193,"2":0.4848484993,"3":0.4978354871,"4":0.4891774952,"5":0.3246753216,"6":0.2857142985,"7":0.2965368032,"8":0.3030303121,"9":0.3030303121,"10":0.2987012863,"11":0.2792207897,"12":0.3203463256,"13":0.2900432944,"14":0.2489177436,"15":0.2575757504,"16":0.2489177436,"17":0.2489177436,"18":0.2489177436,"19":0.2489177436,"20":0.2489177436,"21":0.2510822415,"22":0.2510822415,"23":0.2489177436,"24":0.2489177436,"25":0.2489177436},"val_auc":{"0":0.5528504848,"1":0.4790252149,"2":0.5154366493,"3":0.5092093945,"4":0.514133513,"5":0.5617842674,"6":0.5485904217,"7":0.592908144,"8":0.6897631884,"9":0.682721436,"10":0.6225911379,"11":0.7049116492,"12":0.7148728371,"13":0.7223906517,"14":0.7472372055,"15":0.7360230684,"16":0.7158876657,"17":0.7368375063,"18":0.7438541651,"19":0.7336549759,"20":0.7315750122,"21":0.7308106422,"22":0.7240822315,"23":0.7175542116,"24":0.7075679898,"25":0.7136198878}}