{"loss":{"0":62.6921424866,"1":54.2295913696,"2":46.8423881531,"3":40.3886146545,"4":34.7507972717,"5":29.8282356262,"6":25.5200023651,"7":21.7703094482,"8":18.4865093231,"9":15.6524181366,"10":13.21144104,"11":11.1033315659,"12":9.2756748199,"13":7.7206754684,"14":6.3960785866,"15":5.2806696892,"16":4.3242797852,"17":3.5323615074,"18":2.8755018711,"19":2.3374245167,"20":1.8827097416,"21":1.5114394426,"22":1.2167294025,"23":0.9802675843,"24":0.7906025052,"25":0.6442964077,"26":0.5247057676,"27":0.4443307519,"28":0.3736181259,"29":0.3270662129,"30":0.2770211697,"31":0.2485753447,"32":0.2198932469,"33":0.2029640079},"acc":{"0":0.7600216866,"1":0.7643553615,"2":0.769230783,"3":0.7713975906,"4":0.7730227709,"5":0.7713975906,"6":0.7784398794,"7":0.7871072292,"8":0.8104008436,"9":0.8288190961,"10":0.8439869881,"11":0.8418201804,"12":0.8591549397,"13":0.8754062653,"14":0.8884073496,"15":0.8943662047,"16":0.9052004218,"17":0.9247020483,"18":0.9133260846,"19":0.9247020483,"20":0.9247020483,"21":0.9349945784,"22":0.9409534335,"23":0.9431202412,"24":0.9442036748,"25":0.946370542,"26":0.96045506,"27":0.9442036748,"28":0.9626218677,"29":0.9528710842,"30":0.9588298798,"31":0.9620801806,"32":0.9691224098,"33":0.9669556022},"auc":{"0":0.6247326136,"1":0.6403634548,"2":0.6822103858,"3":0.7170718908,"4":0.7351914644,"5":0.7514683604,"6":0.7889953256,"7":0.8140236139,"8":0.8556424379,"9":0.8797527552,"10":0.8884063959,"11":0.8978079557,"12":0.9247823954,"13":0.9357324839,"14":0.9435534477,"15":0.9470319748,"16":0.9612722993,"17":0.9644167423,"18":0.9665346146,"19":0.9681638479,"20":0.9748706818,"21":0.9812271595,"22":0.9804710746,"23":0.9824442267,"24":0.9845296144,"25":0.9855935574,"26":0.9876161218,"27":0.9864960909,"28":0.9889440536,"29":0.9880748391,"30":0.9905048609,"31":0.9922049046,"32":0.9931286573,"33":0.9942210913},"val_loss":{"0":58.2530174255,"1":50.4049835205,"2":43.5470466614,"3":37.5082855225,"4":32.2583961487,"5":27.6762676239,"6":23.6443824768,"7":20.1579437256,"8":17.1290111542,"9":14.5294475555,"10":12.2632646561,"11":10.3385276794,"12":8.6879730225,"13":7.3627386093,"14":6.0647206306,"15":5.0537796021,"16":4.2352814674,"17":3.536397934,"18":2.9360444546,"19":2.4385359287,"20":2.0419631004,"21":1.7310581207,"22":1.5241892338,"23":1.2927343845,"24":1.157384038,"25":1.0175435543,"26":0.9317553639,"27":0.9418069124,"28":0.9041244984,"29":0.8098638654,"30":0.771474719,"31":0.8365478516,"32":0.9265860915,"33":0.7903168797},"val_acc":{"0":0.6774891615,"1":0.6623376608,"2":0.6688311696,"3":0.7251082063,"4":0.7316017151,"5":0.7575757504,"6":0.729437232,"7":0.7770562768,"8":0.7792207599,"9":0.7683982849,"10":0.7770562768,"11":0.7770562768,"12":0.7748917937,"13":0.7748917937,"14":0.7770562768,"15":0.7489177585,"16":0.7640692592,"17":0.7510822415,"18":0.7402597666,"19":0.7424242496,"20":0.7402597666,"21":0.7640692592,"22":0.7662337422,"23":0.7619047761,"24":0.7489177585,"25":0.7662337422,"26":0.7445887327,"27":0.7813853025,"28":0.7619047761,"29":0.7142857313,"30":0.7272727489,"31":0.7597402334,"32":0.770562768,"33":0.7510822415},"val_auc":{"0":0.5732762814,"1":0.5506389141,"2":0.5456967354,"3":0.5898867249,"4":0.6365476847,"5":0.6711306572,"6":0.677639842,"7":0.7050385475,"8":0.709438324,"9":0.7293394804,"10":0.7188042402,"11":0.7131147385,"12":0.714561224,"13":0.7219141722,"14":0.7452386618,"15":0.7294840813,"16":0.7156822681,"17":0.7137536407,"18":0.7129579782,"19":0.7232039571,"20":0.7238789797,"21":0.7344141603,"22":0.7275916338,"23":0.7293996811,"24":0.7151759863,"25":0.7332811356,"26":0.7056774497,"27":0.726350069,"28":0.7286162376,"29":0.7155979276,"30":0.7140791416,"31":0.7282184362,"32":0.742972374,"33":0.71345222}}