{"loss":{"0":62.4324073792,"1":53.9788398743,"2":46.6377182007,"3":40.2141990662,"4":34.5954170227,"5":29.6843109131,"6":25.3959121704,"7":21.6516933441,"8":18.3924407959,"9":15.5756044388,"10":13.1356458664,"11":11.0398750305,"12":9.2032003403,"13":7.6681666374,"14":6.3660702705,"15":5.2397761345,"16":4.3102049828,"17":3.5165333748,"18":2.8693566322,"19":2.3231420517,"20":1.8765615225,"21":1.5211286545,"22":1.2226827145,"23":0.998498559,"24":0.8246508837,"25":0.6494281292,"26":0.5310066342,"27":0.4619482756,"28":0.3818418086,"29":0.3376317918,"30":0.2961333394,"31":0.2595925033,"32":0.2453634292,"33":0.2169435918,"34":0.226957351,"35":0.1970152855},"acc":{"0":0.7491874099,"1":0.7713975906,"2":0.7730227709,"3":0.7703142166,"4":0.7816901207,"5":0.7930660844,"6":0.7898158431,"7":0.8071506023,"8":0.8104008436,"9":0.8250271082,"10":0.8223185539,"11":0.8353196383,"12":0.8645720482,"13":0.8672806025,"14":0.8591549397,"15":0.8672806025,"16":0.8851571083,"17":0.8905742168,"18":0.8889490962,"19":0.9019501805,"20":0.9030336142,"21":0.9057421684,"22":0.9165763855,"23":0.9100758433,"24":0.9095341563,"25":0.9317443371,"26":0.9377031326,"27":0.9284940362,"28":0.9414951205,"29":0.9398699999,"30":0.946370542,"31":0.9512459636,"32":0.9458287954,"33":0.9539545178,"34":0.9387865663,"35":0.9572047591},"auc":{"0":0.6235324144,"1":0.6865718365,"2":0.6914184093,"3":0.7085322142,"4":0.7324441075,"5":0.7551214695,"6":0.7784375548,"7":0.8050119877,"8":0.8349319696,"9":0.8506624699,"10":0.8630773425,"11":0.8674088717,"12":0.909971118,"13":0.9127172232,"14":0.9103034139,"15":0.9279698133,"16":0.9291477203,"17":0.9390150309,"18":0.9400939941,"19":0.9492394328,"20":0.9567519426,"21":0.9567142725,"22":0.9628328681,"23":0.9611097574,"24":0.9582064152,"25":0.9740582705,"26":0.977393806,"27":0.9702389836,"28":0.9781115651,"29":0.978926897,"30":0.9812040329,"31":0.9849799871,"32":0.9837758541,"33":0.9871670008,"34":0.9837865829,"35":0.9886068702},"val_loss":{"0":58.0594902039,"1":50.2954940796,"2":43.4977645874,"3":37.4791374207,"4":32.2110824585,"5":27.6882266998,"6":23.7029857635,"7":20.2466583252,"8":17.209602356,"9":14.7569990158,"10":12.4483566284,"11":10.5108995438,"12":8.8074178696,"13":7.4314556122,"14":6.2317647934,"15":5.1225247383,"16":4.2575922012,"17":3.597278595,"18":3.0431950092,"19":2.5597321987,"20":2.2369618416,"21":1.9119606018,"22":1.7343637943,"23":1.4029917717,"24":1.3636860847,"25":1.1384948492,"26":1.0790022612,"27":0.9245567918,"28":0.9729381204,"29":0.9155969024,"30":0.8686765432,"31":0.8867093325,"32":0.8126142621,"33":0.9582735896,"34":0.9148326516,"35":1.023609519},"val_acc":{"0":0.6666666865,"1":0.5129870176,"2":0.3506493568,"3":0.5129870176,"4":0.5324675441,"5":0.4090909064,"6":0.4329004288,"7":0.4458874464,"8":0.5173160434,"9":0.3354978263,"10":0.3961038888,"11":0.4372294247,"12":0.5303030014,"13":0.4826839864,"14":0.4848484993,"15":0.6298701167,"16":0.6666666865,"17":0.6298701167,"18":0.6125541329,"19":0.5974025726,"20":0.5562770367,"21":0.5909090638,"22":0.5108225346,"23":0.6363636255,"24":0.5043290257,"25":0.6493506432,"26":0.5887445807,"27":0.6688311696,"28":0.5909090638,"29":0.614718616,"30":0.6666666865,"31":0.6428571343,"32":0.6623376608,"33":0.5800865889,"34":0.5800865889,"35":0.5800865889},"val_auc":{"0":0.6365965605,"1":0.5231519341,"2":0.5126101375,"3":0.4965330958,"4":0.5778470039,"5":0.6270184517,"6":0.6753085256,"7":0.6871665716,"8":0.6983664632,"9":0.6558820009,"10":0.7031260729,"11":0.6976143122,"12":0.7219062448,"13":0.7273005247,"14":0.7190974355,"15":0.7309319973,"16":0.7191444039,"17":0.7262310386,"18":0.7309319973,"19":0.7156187296,"20":0.7156540155,"21":0.7169938087,"22":0.7173228264,"23":0.7312963009,"24":0.7117286921,"25":0.7130567431,"26":0.7150781751,"27":0.7233282328,"28":0.7200610638,"29":0.7195205688,"30":0.7385003567,"31":0.7174755931,"32":0.723739624,"33":0.7149136066,"34":0.7045010924,"35":0.717205286}}