{"loss":{"0":61.9489250183,"1":53.5087623596,"2":46.2034645081,"3":39.8337936401,"4":34.2550888062,"5":29.3866558075,"6":25.1651973724,"7":21.4709205627,"8":18.2679615021,"9":15.4876422882,"10":13.0834589005,"11":10.9962110519,"12":9.2125101089,"13":7.6801271439,"14":6.3754630089,"15":5.2661652565,"16":4.3355174065,"17":3.5581786633,"18":2.8860991001,"19":2.3673841953,"20":1.9190944433,"21":1.5503958464,"22":1.2682195902,"23":1.0376814604,"24":0.8427035809,"25":0.6862365007,"26":0.5617622137,"27":0.4855996966,"28":0.4107198119,"29":0.379873395,"30":0.3292519748,"31":0.291241914,"32":0.2770551741,"33":0.2594234645,"34":0.2395664752,"35":0.2301232517,"36":0.214309901,"37":0.2108069658,"38":0.1958592683,"39":0.1929864287,"40":0.1950549334,"41":0.1855178773,"42":0.183686465,"43":0.1781483591,"44":0.1695777476,"45":0.1681791544},"acc":{"0":0.4620801806,"1":0.5774647593,"2":0.6197183132,"3":0.6587215662,"4":0.7080173492,"5":0.7497291565,"6":0.7497291565,"7":0.7757313251,"8":0.769230783,"9":0.7930660844,"10":0.8022751808,"11":0.8136511445,"12":0.8304442167,"13":0.8483207226,"14":0.8542795181,"15":0.8705309033,"16":0.8737811446,"17":0.8840736747,"18":0.9041169882,"19":0.8905742168,"20":0.9057421684,"21":0.9144095182,"22":0.911159277,"23":0.9165763855,"24":0.9322860241,"25":0.9328277111,"26":0.9414951205,"27":0.9344528913,"28":0.9447454214,"29":0.9387865663,"30":0.9496207833,"31":0.946370542,"32":0.950704217,"33":0.9534127712,"34":0.9577465057,"35":0.96045506,"36":0.9631636143,"37":0.9620801806,"38":0.9658721685,"39":0.9664138556,"40":0.9642470479,"41":0.9658721685,"42":0.9680389762,"43":0.9691224098,"44":0.9712892771,"45":0.9691224098},"auc":{"0":0.5870104432,"1":0.6247005463,"2":0.6379999518,"3":0.662393868,"4":0.6798138022,"5":0.7280609608,"6":0.7285709381,"7":0.7558585405,"8":0.7794294357,"9":0.8013134003,"10":0.8152973652,"11":0.8468863964,"12":0.8596436977,"13":0.8811221123,"14":0.8927234411,"15":0.9119124413,"16":0.920476675,"17":0.9278641939,"18":0.9460741282,"19":0.941595614,"20":0.9513730407,"21":0.9614208937,"22":0.9584258199,"23":0.9604910612,"24":0.9654552937,"25":0.9740197062,"26":0.9804321527,"27":0.9773743153,"28":0.9811512232,"29":0.9768031836,"30":0.9809372425,"31":0.9855219126,"32":0.9853191972,"33":0.983247757,"34":0.9879795909,"35":0.9868574142,"36":0.9901637435,"37":0.9901444912,"38":0.99274683,"39":0.9929078817,"40":0.9909907579,"41":0.9929682016,"42":0.9929561019,"43":0.993372798,"44":0.9941402674,"45":0.9946929812},"val_loss":{"0":57.5228233337,"1":49.8429946899,"2":43.1124267578,"3":37.2010803223,"4":31.9646263123,"5":27.4799861908,"6":23.5307617188,"7":20.06990242,"8":17.1697483063,"9":14.5338096619,"10":12.3177175522,"11":10.5619955063,"12":8.8365211487,"13":7.6520485878,"14":6.4927539825,"15":5.5165085793,"16":4.8251228333,"17":4.0368847847,"18":3.699567318,"19":3.2918345928,"20":2.6990315914,"21":2.3988749981,"22":2.0860316753,"23":2.0953891277,"24":1.8982344866,"25":1.4952077866,"26":1.4942884445,"27":1.3297172785,"28":1.2468037605,"29":1.2022514343,"30":1.3350154161,"31":1.1940221786,"32":1.1510689259,"33":1.1444667578,"34":1.2044935226,"35":0.796471715,"36":0.8786576986,"37":1.2425637245,"38":0.7780954838,"39":0.7435414195,"40":0.9068171382,"41":0.8658128381,"42":0.6883451343,"43":0.8184767962,"44":0.88472718,"45":0.7208972573},"val_acc":{"0":0.3917748928,"1":0.2445887476,"2":0.2770562768,"3":0.2857142985,"4":0.3419913352,"5":0.2943722904,"6":0.3116883039,"7":0.3939394057,"8":0.3311688304,"9":0.4567099512,"10":0.422077924,"11":0.3246753216,"12":0.4112554193,"13":0.3030303121,"14":0.2943722904,"15":0.2987012863,"16":0.2727272809,"17":0.3333333433,"18":0.266233772,"19":0.2619047761,"20":0.2922077775,"21":0.3225108087,"22":0.3787878752,"23":0.3311688304,"24":0.3138528168,"25":0.4134199023,"26":0.3831168711,"27":0.4783549905,"28":0.5389610529,"29":0.5346320271,"30":0.4978354871,"31":0.5887445807,"32":0.5108225346,"33":0.5346320271,"34":0.543290019,"35":0.7121211886,"36":0.6753246784,"37":0.5216450095,"38":0.7316017151,"39":0.7424242496,"40":0.699134171,"41":0.7229437232,"42":0.7835497856,"43":0.7445887327,"44":0.7380952239,"45":0.7878788114},"val_auc":{"0":0.5226183534,"1":0.5069605112,"2":0.5489388108,"3":0.5457057953,"4":0.5321145058,"5":0.5627583265,"6":0.5798615217,"7":0.6316149831,"8":0.5908664465,"9":0.6045591831,"10":0.6650733948,"11":0.6725536585,"12":0.7185384631,"13":0.6900499463,"14":0.7215305567,"15":0.7129852772,"16":0.7358064651,"17":0.7430710793,"18":0.7230012417,"19":0.7461774349,"20":0.7437051535,"21":0.7460633516,"22":0.7444531918,"23":0.7380504608,"24":0.7328650951,"25":0.7596927285,"26":0.7544184923,"27":0.7681238055,"28":0.7838197947,"29":0.7606436014,"30":0.7446687818,"31":0.7650936842,"32":0.7848847508,"33":0.7654232979,"34":0.7377336025,"35":0.7820193768,"36":0.766133368,"37":0.751743257,"38":0.7725106478,"39":0.7620128393,"40":0.7654359341,"41":0.7514771223,"42":0.7514263391,"43":0.7542662621,"44":0.7518700361,"45":0.7539493442}}