{"loss":{"0":52.2625617981,"1":51.5315437317,"2":50.823513031,"3":50.0978660583,"4":49.4015731812,"5":48.7162742615,"6":48.0396270752,"7":47.368473053,"8":46.7098197937,"9":46.042224884,"10":45.4062919617,"11":44.7390861511,"12":44.1250686646,"13":43.5121040344,"14":42.8979110718,"15":42.2908706665,"16":41.6889343262,"17":41.1080932617,"18":40.5214271545,"19":39.9361305237,"20":39.3565406799,"21":38.807346344,"22":38.2410507202,"23":37.7226486206,"24":37.1804847717,"25":36.6095542908,"26":36.1014060974,"27":35.5764503479,"28":35.0443649292,"29":34.5415153503,"30":34.0508270264,"31":33.5516090393,"32":33.0507659912,"33":32.5630149841,"34":32.1060829163,"35":31.6046772003,"36":31.1629905701,"37":30.6809883118,"38":30.2320690155,"39":29.7686023712,"40":29.3267593384,"41":28.8837795258,"42":28.4686965942,"43":28.0113315582,"44":27.599313736,"45":27.1806602478,"46":26.7561912537,"47":26.3496952057,"48":25.9403495789,"49":25.5519447327,"50":25.1373310089,"51":24.7410335541,"52":24.3587303162,"53":23.9722099304,"54":23.6055870056,"55":23.224319458,"56":22.8655471802,"57":22.4863491058,"58":22.1257209778,"59":21.7730464935,"60":21.4220619202,"61":21.0765075684,"62":20.7364387512,"63":20.4045295715,"64":20.0612621307,"65":19.7308769226,"66":19.4150238037,"67":19.0712432861,"68":18.7790660858,"69":18.4376316071,"70":18.1323890686,"71":17.8186988831,"72":17.527885437,"73":17.236032486,"74":16.9374084473},"acc":{"0":0.5790899396,"1":0.5826110244,"2":0.578006506,"3":0.5991332531,"4":0.6018418074,"5":0.6004875302,"6":0.6002166867,"7":0.5994040966,"8":0.6091549397,"9":0.6161971688,"10":0.6164680123,"11":0.6351571083,"12":0.6256771684,"13":0.6264896989,"14":0.6308233738,"15":0.637323916,"16":0.6468039155,"17":0.641928494,"18":0.6411159039,"19":0.647074759,"20":0.6622427106,"21":0.6603466868,"22":0.6733477712,"23":0.6514084339,"24":0.6568255424,"25":0.6755146384,"26":0.6579089761,"27":0.6768689156,"28":0.6830986142,"29":0.6898699999,"30":0.6741603613,"31":0.6904116869,"32":0.6925785542,"33":0.6990790963,"34":0.6847237349,"35":0.6923077106,"36":0.6749728918,"37":0.6955579519,"38":0.6952871084,"39":0.7039545178,"40":0.6996207833,"41":0.7039545178,"42":0.6939328313,"43":0.7012459636,"44":0.7031419277,"45":0.6988082528,"46":0.7131636143,"47":0.7091007829,"48":0.7072047591,"49":0.715601325,"50":0.7055796385,"51":0.7085590363,"52":0.705308795,"53":0.7145178914,"54":0.710996747,"55":0.7210184336,"56":0.7112675905,"57":0.720476687,"58":0.7261646986,"59":0.7196641564,"60":0.7142470479,"61":0.7199349999,"62":0.7210184336,"63":0.7215601206,"64":0.720476687,"65":0.7164138556,"66":0.7261646986,"67":0.7164138556,"68":0.7172264457,"69":0.7191224098,"70":0.7264355421,"71":0.7272481322,"72":0.7242686749,"73":0.7253521085,"74":0.7215601206},"auc":{"0":0.5429899693,"1":0.5648174882,"2":0.5455269814,"3":0.582408011,"4":0.5618653297,"5":0.5706524253,"6":0.5651214123,"7":0.5595126152,"8":0.5615382791,"9":0.5820547342,"10":0.5638500452,"11":0.5922943354,"12":0.586091876,"13":0.5771943927,"14":0.5737218857,"15":0.5827457309,"16":0.590752542,"17":0.5798674822,"18":0.5792835951,"19":0.5919543505,"20":0.6026960611,"21":0.599465251,"22":0.5987735987,"23":0.5736660957,"24":0.5666563511,"25":0.60514009,"26":0.5854737759,"27":0.5894794464,"28":0.6104158163,"29":0.6058125496,"30":0.5941077471,"31":0.6066105962,"32":0.6079118252,"33":0.6103540659,"34":0.5969760418,"35":0.6158232689,"36":0.5868178606,"37":0.6049636006,"38":0.5998091698,"39":0.6093845367,"40":0.6071536541,"41":0.6039795876,"42":0.5873868465,"43":0.611743331,"44":0.6049205065,"45":0.6002681255,"46":0.6085836887,"47":0.6058599949,"48":0.6067473888,"49":0.5966668129,"50":0.6119019985,"51":0.614315927,"52":0.6123918295,"53":0.6160291433,"54":0.6012744904,"55":0.6148728728,"56":0.6061089635,"57":0.620336771,"58":0.6111130714,"59":0.6081200838,"60":0.6081402302,"61":0.6112861633,"62":0.6021230221,"63":0.604003191,"64":0.6105196476,"65":0.6108651161,"66":0.604393959,"67":0.6216818094,"68":0.5968661308,"69":0.6185426712,"70":0.6201151609,"71":0.6280692816,"72":0.6146093607,"73":0.6001471281,"74":0.6052657366},"val_loss":{"0":51.6301803589,"1":50.8986473083,"2":50.1907157898,"3":49.4934425354,"4":48.8044967651,"5":48.1243133545,"6":47.4541816711,"7":46.7927436829,"8":46.1388282776,"9":45.4928436279,"10":44.8560256958,"11":44.2271614075,"12":43.6068725586,"13":42.996131897,"14":42.3912086487,"15":41.7926673889,"16":41.2010917664,"17":40.6181411743,"18":40.0419883728,"19":39.4727363586,"20":38.9109802246,"21":38.3554992676,"22":37.8073997498,"23":37.2654838562,"24":36.7301712036,"25":36.2016639709,"26":35.6802902222,"27":35.1639251709,"28":34.6546363831,"29":34.1522140503,"30":33.6540908813,"31":33.1626281738,"32":32.6762466431,"33":32.1951751709,"34":31.717716217,"35":31.2456665039,"36":30.7802524567,"37":30.3213310242,"38":29.867855072,"39":29.4196949005,"40":28.9770832062,"41":28.5394992828,"42":28.1070098877,"43":27.6798458099,"44":27.2573871613,"45":26.8402061462,"46":26.4279117584,"47":26.0205383301,"48":25.6172676086,"49":25.2194156647,"50":24.8259773254,"51":24.4370937347,"52":24.0522041321,"53":23.6725196838,"54":23.2972793579,"55":22.9265594482,"56":22.5603599548,"57":22.1982421875,"58":21.8405723572,"59":21.487493515,"60":21.1384105682,"61":20.7936077118,"62":20.4529800415,"63":20.1167812347,"64":19.7847614288,"65":19.4565658569,"66":19.1329307556,"67":18.8133277893,"68":18.4971675873,"69":18.1842250824,"70":17.8754844666,"71":17.5708637238,"72":17.2699775696,"73":16.9728832245,"74":16.6798191071},"val_acc":{"0":0.7727272511,"1":0.7727272511,"2":0.7727272511,"3":0.7727272511,"4":0.7727272511,"5":0.7727272511,"6":0.7727272511,"7":0.7727272511,"8":0.7727272511,"9":0.7727272511,"10":0.7727272511,"11":0.7727272511,"12":0.7727272511,"13":0.7727272511,"14":0.7727272511,"15":0.7727272511,"16":0.7727272511,"17":0.7748917937,"18":0.7770562768,"19":0.7759740353,"20":0.7759740353,"21":0.7748917937,"22":0.7803030014,"23":0.7813853025,"24":0.7824675441,"25":0.7835497856,"26":0.7846320271,"27":0.7824675441,"28":0.7824675441,"29":0.7835497856,"30":0.7835497856,"31":0.7846320271,"32":0.7835497856,"33":0.7835497856,"34":0.7835497856,"35":0.7824675441,"36":0.7835497856,"37":0.7846320271,"38":0.7846320271,"39":0.7857142687,"40":0.7835497856,"41":0.7857142687,"42":0.7857142687,"43":0.7857142687,"44":0.7835497856,"45":0.7835497856,"46":0.7824675441,"47":0.7824675441,"48":0.7835497856,"49":0.7835497856,"50":0.7835497856,"51":0.7835497856,"52":0.7835497856,"53":0.7857142687,"54":0.7835497856,"55":0.7835497856,"56":0.7857142687,"57":0.7835497856,"58":0.7835497856,"59":0.7846320271,"60":0.7857142687,"61":0.7835497856,"62":0.7857142687,"63":0.7857142687,"64":0.7846320271,"65":0.7846320271,"66":0.7846320271,"67":0.7835497856,"68":0.7846320271,"69":0.7846320271,"70":0.7846320271,"71":0.7846320271,"72":0.7846320271,"73":0.7835497856,"74":0.7835497856},"val_auc":{"0":0.6680438519,"1":0.6705682278,"2":0.6713385582,"3":0.6700947285,"4":0.6696311831,"5":0.6714185476,"6":0.6694843769,"7":0.6715786457,"8":0.672832489,"9":0.6715786457,"10":0.6718520522,"11":0.6734226942,"12":0.6737394929,"13":0.6738928556,"14":0.6733226776,"15":0.6755201817,"16":0.6747899055,"17":0.6748666763,"18":0.6745865345,"19":0.6758736372,"20":0.6758236885,"21":0.6750867367,"22":0.6755435467,"23":0.6746798754,"24":0.6757770181,"25":0.6760237813,"26":0.6753101349,"27":0.6764639616,"28":0.6759770513,"29":0.6764805913,"30":0.6768174171,"31":0.6767373681,"32":0.6755635738,"33":0.6759102941,"34":0.6754667759,"35":0.6766473055,"36":0.6763271093,"37":0.6760703921,"38":0.676430583,"39":0.6773542166,"40":0.6768007278,"41":0.6775410175,"42":0.6770308018,"43":0.6772542,"44":0.6772708893,"45":0.6767940521,"46":0.6774142981,"47":0.6775410175,"48":0.6770908237,"49":0.6774609089,"50":0.6775810719,"51":0.6778644919,"52":0.6775243282,"53":0.6774610281,"54":0.6779745221,"55":0.6781312227,"56":0.6782979965,"57":0.6787314415,"58":0.6783413887,"59":0.6782013178,"60":0.6791650057,"61":0.6788782477,"62":0.6788614988,