{"loss":{"0":54.877986908,"1":54.1016769409,"2":53.349937439,"3":52.6272125244,"4":51.8622512817,"5":51.1661262512,"6":50.4512634277,"7":49.7541046143,"8":49.0682487488,"9":48.348815918,"10":47.6809425354,"11":47.0122909546,"12":46.3390159607,"13":45.7012252808,"14":45.0682106018,"15":44.4398460388,"16":43.8026695251,"17":43.1789779663,"18":42.5668945312,"19":41.9678497314,"20":41.3711090088,"21":40.7798271179,"22":40.1887817383,"23":39.6220283508,"24":39.0559387207,"25":38.4796714783,"26":37.9419898987,"27":37.3804969788,"28":36.8457679749,"29":36.3089523315,"30":35.7894706726,"31":35.2692565918,"32":34.739654541,"33":34.2447357178,"34":33.7377510071,"35":33.2424812317,"36":32.7471885681,"37":32.2671928406,"38":31.7755489349,"39":31.3089504242,"40":30.8489074707,"41":30.3801631927,"42":29.9353370667,"43":29.4734516144,"44":29.0106468201,"45":28.5797634125,"46":28.1493625641,"47":27.7298145294,"48":27.297958374,"49":26.8835659027,"50":26.4797878265,"51":26.0586738586,"52":25.6497840881,"53":25.2485122681,"54":24.8454303741,"55":24.4584884644,"56":24.0699806213,"57":23.6872348785,"58":23.3094100952,"59":22.929315567,"60":22.5707511902,"61":22.2036685944,"62":21.8350849152,"63":21.4800872803,"64":21.1352405548,"65":20.7980098724,"66":20.4301948547,"67":20.1036643982,"68":19.7656993866,"69":19.4464168549,"70":19.1250782013,"71":18.8012275696,"72":18.4922809601,"73":18.1593780518,"74":17.8578872681},"acc":{"0":0.3429035842,"1":0.3513001204,"2":0.3556337953,"3":0.358071506,"4":0.3705308735,"5":0.3718851507,"6":0.3903033733,"7":0.3810942471,"8":0.398970753,"9":0.4081798494,"10":0.423889488,"11":0.414409548,"12":0.4303900301,"13":0.4271397591,"14":0.429035753,"15":0.4344528615,"16":0.4469122291,"17":0.443661958,"18":0.4563921988,"19":0.4599133134,"20":0.4526002109,"21":0.4699349999,"22":0.4886240661,"23":0.4829360843,"24":0.4970205724,"25":0.504604578,"26":0.5024377108,"27":0.5024377108,"28":0.5065005422,"29":0.5273564458,"30":0.514626205,"31":0.5262730122,"32":0.53954494,"33":0.5373781323,"34":0.5452329516,"35":0.5563380122,"36":0.5598591566,"37":0.5541712046,"38":0.5677139759,"39":0.5812567472,"40":0.5736728311,"41":0.5709642768,"42":0.5782773495,"43":0.5839653015,"44":0.6031960845,"45":0.5920910239,"46":0.6050921082,"47":0.5953412652,"48":0.6007583737,"49":0.608071506,"50":0.6083423495,"51":0.6180931926,"52":0.608613193,"53":0.6213434339,"54":0.6346153617,"55":0.6229685545,"56":0.6335319877,"57":0.6408450603,"58":0.6370530725,"59":0.6411159039,"60":0.6484290361,"61":0.6438244581,"62":0.6484290361,"63":0.6543878913,"64":0.641928494,"65":0.6489707232,"66":0.6592632532,"67":0.6625135541,"68":0.6722643375,"69":0.6619718075,"70":0.6657637954,"71":0.6600758433,"72":0.6695557833,"73":0.6847237349,"74":0.6757854819},"auc":{"0":0.5367361307,"1":0.5566505194,"2":0.5782631636,"3":0.5617976785,"4":0.5798564553,"5":0.5831529498,"6":0.5782811046,"7":0.599552989,"8":0.5854158401,"9":0.5899170637,"10":0.6025195122,"11":0.6095373631,"12":0.6071740389,"13":0.5866169333,"14":0.6066574454,"15":0.6022080183,"16":0.5973170996,"17":0.603358686,"18":0.6047034264,"19":0.600456953,"20":0.5859880447,"21":0.5994321108,"22":0.6062203646,"23":0.596175611,"24":0.6172448397,"25":0.5957786441,"26":0.5963463783,"27":0.5958601832,"28":0.6071454287,"29":0.6122051477,"30":0.6009806991,"31":0.5958262682,"32":0.5976057053,"33":0.5927194357,"34":0.6049822569,"35":0.6065101624,"36":0.5966573954,"37":0.5950564146,"38":0.6040564775,"39":0.6057272553,"40":0.5987959504,"41":0.6018787622,"42":0.597466886,"43":0.6024492383,"44":0.605050683,"45":0.5994712114,"46":0.6021468639,"47":0.5983785391,"48":0.5924106836,"49":0.5907426476,"50":0.586710453,"51":0.5936539173,"52":0.5918892026,"53":0.5941246748,"54":0.6037294865,"55":0.6051840782,"56":0.596088171,"57":0.603672564,"58":0.5969712734,"59":0.6030489206,"60":0.598305285,"61":0.6033974886,"62":0.6084286571,"63":0.6099236012,"64":0.6004864573,"65":0.587261796,"66":0.6252703667,"67":0.6108773947,"68":0.6105252504,"69":0.6099931002,"70":0.5996962786,"71":0.6122716665,"72":0.5982336998,"73":0.6083517671,"74":0.6082651615},"val_loss":{"0":54.0697746277,"1":53.4305915833,"2":52.8535041809,"3":52.2952384949,"4":51.6067962646,"5":50.9167289734,"6":50.314163208,"7":49.7103042603,"8":49.1107063293,"9":48.4075317383,"10":47.7271652222,"11":47.052280426,"12":46.3876838684,"13":45.6978874207,"14":45.0611686707,"15":44.4586639404,"16":43.7865753174,"17":43.1907463074,"18":42.5607910156,"19":41.9342880249,"20":41.2685928345,"21":40.6270294189,"22":40.0102119446,"23":39.4154167175,"24":38.8228569031,"25":38.2625656128,"26":37.7288398743,"27":37.1783866882,"28":36.6246643066,"29":36.0909309387,"30":35.5630149841,"31":35.0488052368,"32":34.5423316956,"33":34.0034713745,"34":33.4954566956,"35":33.0031738281,"36":32.5164680481,"37":32.0215606689,"38":31.532535553,"39":31.0554847717,"40":30.5816745758,"41":30.1082401276,"42":29.652261734,"43":29.2081298828,"44":28.7544345856,"45":28.3062858582,"46":27.8672389984,"47":27.4399547577,"48":27.0220470428,"49":26.598777771,"50":26.186258316,"51":25.7821102142,"52":25.3735141754,"53":24.9718093872,"54":24.5763721466,"55":24.1864585876,"56":23.8069877625,"57":23.4171962738,"58":23.0449695587,"59":22.6800136566,"60":22.3168430328,"61":21.945526123,"62":21.5892848969,"63":21.2349395752,"64":20.8868808746,"65":20.5482234955,"66":20.2056484222,"67":19.8735027313,"68":19.5356521606,"69":19.2077693939,"70":18.8864002228,"71":18.5728569031,"72":18.2570819855,"73":17.9427700043,"74":17.6343727112},"val_acc":{"0":0.2413419932,"1":0.227272734,"2":0.2251082212,"3":0.2251082212,"4":0.2251082212,"5":0.2251082212,"6":0.2251082212,"7":0.2251082212,"8":0.2251082212,"9":0.2251082212,"10":0.2251082212,"11":0.2251082212,"12":0.2251082212,"13":0.2251082212,"14":0.2251082212,"15":0.2251082212,"16":0.2251082212,"17":0.2251082212,"18":0.2251082212,"19":0.2251082212,"20":0.2251082212,"21":0.2251082212,"22":0.2251082212,"23":0.2261904776,"24":0.2261904776,"25":0.2251082212,"26":0.2251082212,"27":0.229437232,"28":0.2348484844,"29":0.2305194736,"30":0.2305194736,"31":0.2467532456,"32":0.2510822415,"33":0.2889610529,"34":0.3084415495,"35":0.2889610529,"36":0.3062770665,"37":0.327922076,"38":0.3841991425,"39":0.4025973976,"40":0.4307359159,"41":0.4880952239,"42":0.5064935088,"43":0.5054112673,"44":0.5627705455,"45":0.6017315984,"46":0.6374458671,"47":0.6417748928,"48":0.6385281682,"49":0.6504328847,"50":0.6742424369,"51":0.6590909362,"52":0.6742424369,"53":0.678571403,"54":0.7175324559,"55":0.7034631968,"56":0.7153679729,"57":0.7326839566,"58":0.7305194736,"59":0.7240259647,"60":0.7175324559,"61":0.7489177585,"62":0.7370129824,"63":0.7435064912,"64":0.7521644831,"65":0.7391774654,"66":0.7510822415,"67":0.7489177585,"68":0.7510822415,"69":0.7532467246,"70":0.7554112673,"71":0.7543290257,"72":0.7554112673,"73":0.7575757504,"74":0.7564935088},"val_auc":{"0":0.6726740599,"1":0.6759374142,"2":0.6778745055,"3":0.6760146618,"4":0.6787172556,"5":0.676864028,"6":0.6783411503,"7":0.6797446012,"8":0.6734126806,"9":0.6778342724,"10":0.6791403294,"11":0.6778947115,"12":0.6767799854,"13":0.678149879,"14":0.6777939796,"15":0.6768169403,"16":0.6739498377,"17":0.6757258773,"18":0.6753330827,"19":0.6689910889,"20":0.6720663905,"21":0.6749838591,"22":0.6728519797,"23":0.6738122106,"24":0.6725128889,"25":0.6727176905,"26":0.6724524498,"27":0.6758601665,"28":0.6772299409,"29":0.6743124127,"30":0.6743157506,"31":0.6767833233,"32":0.6773306727,"33":0.6775891781,"34":0.6778745651,"35":0.6763536334,"36":0.6759775877,"37":0.6746917963,"38":0.677085638,"39":0.6766793728,"40":0.6769513488,"41":0.6758735776,"42":0.676746428,"43":0.6757594347,"44":0.6766490936,"45":0.6768438816,"46":0.6759206057,"47":0.6768673658,"48":0.6760548949,"49":0.6759877205,"50":0.6754874587,"51":0.6757124662,"52":0.6770116687,"53":0.6758869886,"54":0.6757560372,"55":0.6754438877,"56":0.6769949198,"57":0.6770923138,"58":0.6780323982,"59":0.6765450239,"60":0.6760885119,"61":0.677464962,"62":0.6757862568,