{"loss":{"0":54.2408027649,"1":53.4824523926,"2":52.7503166199,"3":52.0216331482,"4":51.3001976013,"5":50.5852241516,"6":49.8985557556,"7":49.2154121399,"8":48.5349006653,"9":47.8532714844,"10":47.1938972473,"11":46.5358161926,"12":45.915599823,"13":45.2718505859,"14":44.6284332275,"15":44.0246238708,"16":43.3726005554,"17":42.7766494751,"18":42.2016220093,"19":41.5863494873,"20":41.0051307678,"21":40.4273605347,"22":39.8494186401,"23":39.3018417358,"24":38.7330513,"25":38.1896362305,"26":37.6538200378,"27":37.1030158997,"28":36.5843238831,"29":36.0719642639,"30":35.5378799438,"31":35.0208892822,"32":34.5168113708,"33":34.0254898071,"34":33.5208740234,"35":33.0376358032,"36":32.553237915,"37":32.0759506226,"38":31.6194324493,"39":31.1386795044,"40":30.6816921234,"41":30.2446861267,"42":29.7616653442,"43":29.3372859955,"44":28.8847389221,"45":28.4470558167,"46":28.0238399506,"47":27.6091365814,"48":27.1695213318,"49":26.7617454529,"50":26.3555107117,"51":25.9489536285,"52":25.5512981415,"53":25.1458530426,"54":24.7574081421,"55":24.3680973053,"56":23.9914836884,"57":23.6014614105,"58":23.2427024841,"59":22.8677806854,"60":22.4887180328,"61":22.1420402527,"62":21.7974586487,"63":21.4311180115,"64":21.1024436951,"65":20.7447929382,"66":20.4230155945,"67":20.066734314,"68":19.7471828461,"69":19.415643692,"70":19.0823707581,"71":18.7665081024,"72":18.4578380585,"73":18.12940979,"74":17.8308162689},"acc":{"0":0.5552545786,"1":0.578548193,"2":0.5696099401,"3":0.5761104822,"4":0.5904658437,"5":0.5996749997,"6":0.5899241567,"7":0.5942578316,"8":0.5918201804,"9":0.6229685545,"10":0.6153846383,"11":0.6281148195,"12":0.6194474697,"13":0.6134886146,"14":0.6319068074,"15":0.6248645782,"16":0.6416576505,"17":0.6473456025,"18":0.6375948191,"19":0.6457204819,"20":0.6535753012,"21":0.652221024,"22":0.6568255424,"23":0.6600758433,"24":0.6682015061,"25":0.6776814461,"26":0.6562838554,"27":0.6757854819,"28":0.6717226505,"29":0.6638678312,"30":0.6782231927,"31":0.6901408434,"32":0.6879739761,"33":0.6847237349,"34":0.6874322891,"35":0.6955579519,"36":0.6950162649,"37":0.6990790963,"38":0.696370542,"39":0.6893282533,"40":0.7031419277,"41":0.6879739761,"42":0.7118093371,"43":0.7004333735,"44":0.7072047591,"45":0.7091007829,"46":0.7082881927,"47":0.7080173492,"48":0.7044962049,"49":0.7099133134,"50":0.7280606627,"51":0.7112675905,"52":0.7034127712,"53":0.7215601206,"54":0.7193932533,"55":0.7242686749,"56":0.7164138556,"57":0.7207475901,"58":0.7164138556,"59":0.7126218677,"60":0.7294149399,"61":0.7199349999,"62":0.7174972892,"63":0.7310400605,"64":0.7229143977,"65":0.7164138556,"66":0.7207475901,"67":0.7364572287,"68":0.716143012,"69":0.7296857834,"70":0.7223727107,"71":0.7296857834,"72":0.7245395184,"73":0.7310400605,"74":0.73022753},"auc":{"0":0.5200176835,"1":0.5332602262,"2":0.5461934805,"3":0.5506977439,"4":0.5585656762,"5":0.5633499622,"6":0.5644788742,"7":0.5532921553,"8":0.5671513081,"9":0.581107378,"10":0.5742346048,"11":0.5784081221,"12":0.5760653019,"13":0.5731735229,"14":0.5785316825,"15":0.5703366995,"16":0.5942677259,"17":0.5927700996,"18":0.5828275084,"19":0.5862029791,"20":0.5870295763,"21":0.5950710773,"22":0.6067035198,"23":0.5867338181,"24":0.5921911001,"25":0.5909428596,"26":0.5791814327,"27":0.5970669985,"28":0.5914925337,"29":0.5828052759,"30":0.5989280939,"31":0.6043211222,"32":0.6052823067,"33":0.5959166884,"34":0.6039366722,"35":0.5978679657,"36":0.594735384,"37":0.6053553224,"38":0.5939638615,"39":0.6003092527,"40":0.5949549079,"41":0.5812482834,"42":0.617169857,"43":0.5964910388,"44":0.6012294888,"45":0.6121230125,"46":0.6048047543,"47":0.587859273,"48":0.6108996868,"49":0.612595439,"50":0.5963054895,"51":0.6001204848,"52":0.6009504795,"53":0.6045533419,"54":0.6057724953,"55":0.6029531956,"56":0.6019112468,"57":0.6206731796,"58":0.6029458046,"59":0.6014280319,"60":0.6167693138,"61":0.6089350581,"62":0.6023795605,"63":0.608460784,"64":0.5893756151,"65":0.6084192991,"66":0.5917748213,"67":0.6099573374,"68":0.6056951284,"69":0.6041548252,"70":0.6169077158,"71":0.6149124503,"72":0.6064475179,"73":0.6276355386,"74":0.6158070564},"val_loss":{"0":53.5814476013,"1":52.8667182922,"2":52.1502990723,"3":51.4739151001,"4":50.7950401306,"5":50.0887336731,"6":49.4009056091,"7":48.7246704102,"8":48.09034729,"9":47.4296379089,"10":46.779335022,"11":46.0868835449,"12":45.4585151672,"13":44.7962150574,"14":44.1618766785,"15":43.5422744751,"16":42.9301681519,"17":42.3430328369,"18":41.7473831177,"19":41.1784820557,"20":40.6012992859,"21":40.0388755798,"22":39.4720878601,"23":38.9063224792,"24":38.3386993408,"25":37.7928504944,"26":37.2601051331,"27":36.7184753418,"28":36.1907272339,"29":35.6687431335,"30":35.1524429321,"31":34.6452674866,"32":34.1411590576,"33":33.6456565857,"34":33.1562042236,"35":32.6731414795,"36":32.1921234131,"37":31.7175540924,"38":31.2493534088,"39":30.7870693207,"40":30.3302822113,"41":29.878862381,"42":29.4317417145,"43":28.9910678864,"44":28.5553627014,"45":28.1247138977,"46":27.6982936859,"47":27.2770462036,"48":26.8611774445,"49":26.4499263763,"50":26.0433959961,"51":25.6416969299,"52":25.2446117401,"53":24.852230072,"54":24.4647789001,"55":24.0831279755,"56":23.7044658661,"57":23.3298492432,"58":22.9600334167,"59":22.596622467,"60":22.2382888794,"61":21.8826198578,"62":21.5309143066,"63":21.1789608002,"64":20.8358287811,"65":20.4941749573,"66":20.156003952,"67":19.8258857727,"68":19.4967956543,"69":19.171918869,"70":18.8505420685,"71":18.5328540802,"72":18.2210178375,"73":17.9118080139,"74":17.6069869995},"val_acc":{"0":0.7619047761,"1":0.7608225346,"2":0.7251082063,"3":0.6829004288,"4":0.6753246784,"5":0.6774891615,"6":0.6839826703,"7":0.6850649118,"8":0.6677489281,"9":0.6677489281,"10":0.6731601954,"11":0.7056276798,"12":0.7045454383,"13":0.7251082063,"14":0.7521644831,"15":0.7564935088,"16":0.7597402334,"17":0.7521644831,"18":0.7564935088,"19":0.7489177585,"20":0.7489177585,"21":0.7370129824,"22":0.7510822415,"23":0.7575757504,"24":0.7597402334,"25":0.7586579919,"26":0.7575757504,"27":0.7586579919,"28":0.7629870176,"29":0.7673160434,"30":0.7683982849,"31":0.7662337422,"32":0.770562768,"33":0.7694805264,"34":0.770562768,"35":0.7683982849,"36":0.7694805264,"37":0.7738095522,"38":0.7738095522,"39":0.7738095522,"40":0.7738095522,"41":0.7738095522,"42":0.7748917937,"43":0.7748917937,"44":0.7759740353,"45":0.7748917937,"46":0.7770562768,"47":0.7792207599,"48":0.7792207599,"49":0.7813853025,"50":0.7813853025,"51":0.7813853025,"52":0.7813853025,"53":0.7781385183,"54":0.7803030014,"55":0.7813853025,"56":0.7803030014,"57":0.7813853025,"58":0.7803030014,"59":0.7759740353,"60":0.7759740353,"61":0.7759740353,"62":0.7759740353,"63":0.7759740353,"64":0.7759740353,"65":0.7759740353,"66":0.7759740353,"67":0.7770562768,"68":0.7759740353,"69":0.7759740353,"70":0.7759740353,"71":0.7759740353,"72":0.7759740353,"73":0.7759740353,"74":0.7759740353},"val_auc":{"0":0.6482179761,"1":0.6502389312,"2":0.649273634,"3":0.6482018232,"4":0.643782258,"5":0.6465037465,"6":0.6442762613,"7":0.6429009438,"8":0.6388881207,"9":0.6411609054,"10":0.6378455162,"11":0.640634656,"12":0.6389527321,"13":0.6425813437,"14":0.644335866,"15":0.6462551355,"16":0.6464229822,"17":0.6469362974,"18":0.6465296149,"19":0.6459613442,"20":0.6470332146,"21":0.6467427015,"22":0.647062242,"23":0.646281004,"24":0.6479016542,"25":0.6492606997,"26":0.6512848735,"27":0.6507909298,"28":0.6526019573,"29":0.6524309516,"30":0.6521435976,"31":0.6514915228,"32":0.6526181698,"33":0.6532767415,"34":0.6524890661,"35":0.6521662474,"36":0.6521533132,"37":0.6511751413,"38":0.6522824168,"39":0.6527892351,"40":0.6529474258,"41":0.6543323994,"42":0.6543807983,"43":0.6536964178,"44":0.6538997889,"45":0.6535156965,"46":0.6521533728,"47":0.6524922848,"48":0.6525374055,"49":0.6525794268,"50":0.6525794268,"51":0.6510460377,"52":0.6515818834,"53":0.6505197287,"54":0.6512687206,"55":0.6512719989,"56":0.6526117325,"57":0.6530668736,"58":0.652508378,"59":0.6525633335,"60":0.6524857879,"61":0.6515464187,"62":0.6528764367,