{"loss":{"0":53.4796943665,"1":52.7267303467,"2":52.0098648071,"3":51.2706451416,"4":50.5766792297,"5":49.8511009216,"6":49.1410140991,"7":48.4495773315,"8":47.7753448486,"9":47.107006073,"10":46.4648513794,"11":45.7841377258,"12":45.1665840149,"13":44.5263290405,"14":43.9149589539,"15":43.2903823853,"16":42.6726837158,"17":42.0793533325,"18":41.4669647217,"19":40.8876037598,"20":40.3056907654,"21":39.7441291809,"22":39.1730308533,"23":38.6003341675,"24":38.0686569214,"25":37.507106781,"26":36.960308075,"27":36.4479293823,"28":35.9005737305,"29":35.3913726807,"30":34.8786582947,"31":34.3633117676,"32":33.8645019531,"33":33.3631668091,"34":32.8594741821,"35":32.3809776306,"36":31.9029216766,"37":31.4298992157,"38":30.9776763916,"39":30.4964675903,"40":30.0577354431,"41":29.6032752991,"42":29.1639022827,"43":28.7155570984,"44":28.2796077728,"45":27.8718338013,"46":27.433385849,"47":27.0329189301,"48":26.5978031158,"49":26.2008781433,"50":25.7872467041,"51":25.3737792969,"52":25.0117588043,"53":24.5880508423,"54":24.1817550659,"55":23.8477783203,"56":23.4425926208,"57":23.0836868286,"58":22.7238311768,"59":22.3212146759,"60":21.9887180328,"61":21.6496887207,"62":21.2811336517,"63":20.9486370087,"64":20.5779876709,"65":20.271478653,"66":19.9161319733,"67":19.5833282471,"68":19.2669963837,"69":18.9552135468,"70":18.6329631805,"71":18.3138084412,"72":18.0173091888,"73":17.6892662048,"74":17.3936214447},"acc":{"0":0.4236186445,"1":0.4423076808,"2":0.4390574098,"3":0.4490790963,"4":0.4450162649,"5":0.4777898192,"6":0.4875406325,"7":0.4964788854,"8":0.4962080121,"9":0.5132719278,"10":0.5024377108,"11":0.529523313,"12":0.5184181929,"13":0.5319610238,"14":0.5173347592,"15":0.5349404216,"16":0.5403575301,"17":0.5511917472,"18":0.5636511445,"19":0.5579631925,"20":0.5660888553,"21":0.5555254817,"22":0.5717768073,"23":0.5807150602,"24":0.569068253,"25":0.5834236145,"26":0.5980498195,"27":0.5815276504,"28":0.6067172289,"29":0.5980498195,"30":0.6018418074,"31":0.6056337953,"32":0.6189057231,"33":0.6229685545,"34":0.6316359639,"35":0.6327193975,"36":0.6294690967,"37":0.6454496384,"38":0.6354279518,"39":0.6446370482,"40":0.6408450603,"41":0.6486998796,"42":0.6457204819,"43":0.6573672891,"44":0.6652221084,"45":0.6570964456,"46":0.6524918675,"47":0.6535753012,"48":0.6730769277,"49":0.6684723496,"50":0.671451807,"51":0.6755146384,"52":0.6562838554,"53":0.6790357232,"54":0.6895991564,"55":0.6709100604,"56":0.6914951205,"57":0.6890574098,"58":0.6803900599,"59":0.7042253613,"60":0.6836403012,"61":0.6828277111,"62":0.6925785542,"63":0.6947454214,"64":0.7042253613,"65":0.6920368075,"66":0.6966413856,"67":0.7077465057,"68":0.7039545178,"69":0.7001625299,"70":0.6931202412,"71":0.7069339156,"72":0.7088298798,"73":0.7147887349,"74":0.7080173492},"auc":{"0":0.5105817914,"1":0.5379734039,"2":0.5445988774,"3":0.547978878,"4":0.5553777218,"5":0.5726776719,"6":0.5754668117,"7":0.578915894,"8":0.5643226504,"9":0.5823532939,"10":0.5713424683,"11":0.5914167166,"12":0.5639072657,"13":0.5678546429,"14":0.5640024543,"15":0.5690228939,"16":0.5784968138,"17":0.5823533535,"18":0.5833979845,"19":0.5727578402,"20":0.5728788376,"21":0.5594112873,"22":0.5787736773,"23":0.5815300941,"24":0.5704897642,"25":0.5808216929,"26":0.5931971073,"27":0.5720976591,"28":0.586090982,"29":0.5811957121,"30":0.583286643,"31":0.5795109868,"32":0.5744475126,"33":0.5867010355,"34":0.5936045647,"35":0.5982638001,"36":0.584890604,"37":0.5985349417,"38":0.5790942907,"39":0.5953735113,"40":0.58327806,"41":0.5865626335,"42":0.579043448,"43":0.5994893909,"44":0.6057548523,"45":0.5684300065,"46":0.5916760564,"47":0.5708029866,"48":0.591401577,"49":0.5814899802,"50":0.582048893,"51":0.5954711437,"52":0.569914937,"53":0.5989986658,"54":0.6271314621,"55":0.5769597292,"56":0.6080081463,"57":0.5906746387,"58":0.5717017651,"59":0.6206752658,"60":0.5959686041,"61":0.584143281,"62":0.6011207104,"63":0.5840705633,"64":0.611608088,"65":0.5909438133,"66":0.6060431004,"67":0.6049673557,"68":0.5993404388,"69":0.591855526,"70":0.5993467569,"71":0.6053676605,"72":0.5865978003,"73":0.6073138714,"74":0.609136641},"val_loss":{"0":52.7836761475,"1":52.0225715637,"2":51.3497428894,"3":50.7116355896,"4":50.0506362915,"5":49.3893470764,"6":48.7606010437,"7":48.0911178589,"8":47.4207077026,"9":46.7469673157,"10":46.1102333069,"11":45.4860191345,"12":44.8665885925,"13":44.2272338867,"14":43.5626602173,"15":42.9683570862,"16":42.392124176,"17":41.7952575684,"18":41.2116279602,"19":40.6297492981,"20":40.0491371155,"21":39.5154380798,"22":38.9650268555,"23":38.4110984802,"24":37.849155426,"25":37.3211784363,"26":36.8135719299,"27":36.2799720764,"28":35.7568321228,"29":35.235458374,"30":34.6955909729,"31":34.1827888489,"32":33.6870765686,"33":33.1903038025,"34":32.6931381226,"35":32.2204780579,"36":31.7561454773,"37":31.2927265167,"38":30.828912735,"39":30.3957004547,"40":29.9339065552,"41":29.4921169281,"42":29.0524730682,"43":28.6285228729,"44":28.1723823547,"45":27.7752971649,"46":27.3705501556,"47":26.9471168518,"48":26.5547084808,"49":26.145318985,"50":25.7508010864,"51":25.3598155975,"52":24.9603786469,"53":24.5782413483,"54":24.1842918396,"55":23.8243160248,"56":23.4514465332,"57":23.0768184662,"58":22.7023620605,"59":22.3174495697,"60":21.9589653015,"61":21.5895061493,"62":21.2258529663,"63":20.8750247955,"64":20.5321884155,"65":20.2013549805,"66":19.8566169739,"67":19.5392799377,"68":19.2161884308,"69":18.8890762329,"70":18.5957946777,"71":18.2825336456,"72":17.9770069122,"73":17.6524829865,"74":17.3406276703},"val_acc":{"0":0.4448052049,"1":0.5454545617,"2":0.4686147273,"3":0.3106060624,"4":0.2586580217,"5":0.2586580217,"6":0.2586580217,"7":0.2586580217,"8":0.2586580217,"9":0.2586580217,"10":0.2586580217,"11":0.2586580217,"12":0.2586580217,"13":0.2586580217,"14":0.2586580217,"15":0.2597402632,"16":0.2597402632,"17":0.2586580217,"18":0.2608225048,"19":0.2608225048,"20":0.2640692592,"21":0.2597402632,"22":0.2597402632,"23":0.2608225048,"24":0.2640692592,"25":0.2597402632,"26":0.2597402632,"27":0.2586580217,"28":0.2629870176,"29":0.270562768,"30":0.266233772,"31":0.2878787816,"32":0.2997835577,"33":0.3354978263,"34":0.364718616,"35":0.3582251072,"36":0.3603896201,"37":0.3409090936,"38":0.344155848,"39":0.3203463256,"40":0.3300865889,"41":0.3311688304,"42":0.3387445807,"43":0.3344155848,"44":0.3517315984,"45":0.3214285672,"46":0.3041125536,"47":0.3203463256,"48":0.3127705753,"49":0.3084415495,"50":0.3106060624,"51":0.3127705753,"52":0.3116883039,"53":0.3214285672,"54":0.3192640841,"55":0.2997835577,"56":0.3127705753,"57":0.3062770665,"58":0.3300865889,"59":0.3722943664,"60":0.3614718616,"61":0.4036796391,"62":0.4361471832,"63":0.4545454681,"64":0.4642857015,"65":0.46320346,"66":0.4902597368,"67":0.4664502144,"68":0.4642857015,"69":0.4826839864,"70":0.4534631968,"71":0.4545454681,"72":0.4545454681,"73":0.4924242496,"74":0.5194805264},"val_auc":{"0":0.6715999842,"1":0.6746144295,"2":0.6727178097,"3":0.6724857092,"4":0.6714198589,"5":0.6719542742,"6":0.6708304286,"7":0.6681550145,"8":0.6683963537,"9":0.6705097556,"10":0.6697645187,"11":0.6706746221,"12":0.6639556289,"13":0.6695171595,"14":0.6687505245,"15":0.6699080467,"16":0.6709464192,"17":0.6747701168,"18":0.6729133129,"19":0.6723482609,"20":0.6752496958,"21":0.6763949394,"22":0.6741135716,"23":0.675023675,"24":0.6765384674,"25":0.6750113964,"26":0.6737104654,"27":0.6725865602,"28":0.6757352948,"29":0.6753626466,"30":0.6726170778,"31":0.672534585,"32":0.6735301614,"33":0.6723880172,"34":0.6751703024,"35":0.6755367517,"36":0.6786336303,"37":0.6798766255,"38":0.6782915592,"39":0.6809180975,"40":0.6798460484,"41":0.6807592511,"42":0.681183815,"43":0.681293726,"44":0.6776074171,"45":0.678273201,"46":0.6780532598,"47":0.678141892,"48":0.6809486151,"49":0.6798582673,"50":0.6803805232,"51":0.6804263592,"52":0.6799377203,"53":0.6808172464,"54":0.6811257601,"55":0.6809883118,"56":0.6815289259,"57":0.6796017289,"58":0.6815197468,"59":0.6825886965,"60":0.6804630756,"61":0.680762291,"62":0.6820175648,