{"loss":{"0":0.6003575921,"1":0.5595594645,"2":0.5422356129,"3":0.5225109458,"4":0.5104346275,"5":0.4956662655,"6":0.4816292226,"7":0.4677762091},"acc":{"0":0.6807132959,"1":0.7188777924,"2":0.7262607813,"3":0.7333030701,"4":0.7478418946,"5":0.7584052682,"6":0.7628350854,"7":0.7720354199},"auc":{"0":0.7418367863,"1":0.7850906849,"2":0.7990753651,"3":0.8144009113,"4":0.8252218962,"5":0.8360155821,"6":0.8469145298,"7":0.8558833599},"val_loss":{"0":0.5352387428,"1":0.5198553801,"2":0.527387321,"3":0.5237560272,"4":0.5089376569,"5":0.5210257173,"6":0.5196041465,"7":0.5178905725},"val_acc":{"0":0.7447775006,"1":0.7529518604,"2":0.737057209,"3":0.7379654646,"4":0.7511353493,"5":0.7456857562,"6":0.7452316284,"7":0.7511353493},"val_auc":{"0":0.8074474335,"1":0.8216457367,"2":0.8151620626,"3":0.8168182969,"4":0.8269554377,"5":0.8179101944,"6":0.8209140897,"7":0.8257026672}}