{"loss":{"0":0.604604423,"1":0.5596545935,"2":0.5398127437,"3":0.5255101323,"4":0.5126293302,"5":0.4986030459,"6":0.481962651,"7":0.4620016515,"8":0.450524956},"acc":{"0":0.6744661331,"1":0.7180826664,"2":0.7310313582,"3":0.742049098,"4":0.75,"5":0.7548841238,"6":0.768627882,"7":0.7782825828,"8":0.7852112651},"auc":{"0":0.7351572514,"1":0.7820773125,"2":0.8003398776,"3":0.8131824732,"4":0.8238934278,"5":0.8335450292,"6":0.8463644981,"7":0.8600974083,"8":0.8681851625},"val_loss":{"0":0.5474383235,"1":0.5478419065,"2":0.5305963755,"3":0.5328761339,"4":0.5268695951,"5":0.5239924192,"6":0.5365179777,"7":0.5388970971,"8":0.5500420928},"val_acc":{"0":0.7216166854,"1":0.7229791284,"2":0.7338783145,"3":0.737057209,"4":0.7325158715,"5":0.7397820354,"6":0.7347865701,"7":0.7361489534,"8":0.7343324423},"val_auc":{"0":0.7947722673,"1":0.8016718626,"2":0.8117879629,"3":0.8087928295,"4":0.8124426603,"5":0.8120225668,"6":0.8091509342,"7":0.810301125,"8":0.81293571}}