,loss,acc,auc,val_loss,val_acc,val_auc
0,0.6045318245887756,0.6778736710548401,0.7352597713470459,0.5678428411483765,0.7188919186592102,0.7765899896621704
1,0.5683236718177795,0.7151294946670532,0.775087833404541,0.5739536881446838,0.706176221370697,0.7923489809036255
2,0.5437783002853394,0.7297819256782532,0.797642707824707,0.5482679605484009,0.730699360370636,0.7981145977973938
3,0.5348879098892212,0.7358019351959229,0.8059641122817993,0.5335285663604736,0.723433256149292,0.8062765598297119
4,0.5193342566490173,0.745343029499054,0.8186254501342773,0.5412981510162354,0.733424186706543,0.8055732250213623
5,0.5059891939163208,0.7520444989204407,0.8291057348251343,0.52623450756073,0.7443233132362366,0.8142454624176025
6,0.499920517206192,0.7582916617393494,0.8338926434516907,0.5342074632644653,0.7279745936393738,0.8123072385787964
7,0.48410263657569885,0.7670376896858215,0.8442976474761963,0.530668318271637,0.7384195923805237,0.8139523863792419
8,0.470397412776947,0.7747614979743958,0.8548053503036499,0.5274684429168701,0.73796546459198,0.8112949132919312
