,loss,acc,auc,val_loss,val_acc,val_auc
0,0.6115854382514954,0.6648114323616028,0.7257039546966553,0.5726595520973206,0.7025431394577026,0.7865797877311707
1,0.5639855861663818,0.7120627164840698,0.7799184322357178,0.5478827953338623,0.7293369770050049,0.7974123954772949
2,0.5463215708732605,0.7175147533416748,0.7944074869155884,0.5346174240112305,0.7375113368034363,0.8055497407913208
3,0.5311522483825684,0.7365970015525818,0.8089516162872314,0.5385569930076599,0.7293369770050049,0.810791015625
4,0.5181308388710022,0.7410268187522888,0.8190253376960754,0.5997241139411926,0.6752951741218567,0.8003510236740112
5,0.504847526550293,0.7512494325637817,0.8302103281021118,0.5559948086738586,0.7361489534378052,0.8103047013282776
