{"loss":{"0":0.6045318246,"1":0.5683236718,"2":0.5437783003,"3":0.5348879099,"4":0.5193342566,"5":0.5059891939,"6":0.4999205172,"7":0.4841026366,"8":0.4703974128},"acc":{"0":0.6778736711,"1":0.7151294947,"2":0.7297819257,"3":0.7358019352,"4":0.7453430295,"5":0.7520444989,"6":0.7582916617,"7":0.7670376897,"8":0.774761498},"auc":{"0":0.7352597713,"1":0.7750878334,"2":0.7976427078,"3":0.8059641123,"4":0.8186254501,"5":0.8291057348,"6":0.8338926435,"7":0.8442976475,"8":0.8548053503},"val_loss":{"0":0.5678428411,"1":0.5739536881,"2":0.5482679605,"3":0.5335285664,"4":0.541298151,"5":0.5262345076,"6":0.5342074633,"7":0.5306683183,"8":0.5274684429},"val_acc":{"0":0.7188919187,"1":0.7061762214,"2":0.7306993604,"3":0.7234332561,"4":0.7334241867,"5":0.7443233132,"6":0.7279745936,"7":0.7384195924,"8":0.7379654646},"val_auc":{"0":0.7765899897,"1":0.7923489809,"2":0.7981145978,"3":0.8062765598,"4":0.805573225,"5":0.8142454624,"6":0.8123072386,"7":0.8139523864,"8":0.8112949133}}