,loss,acc,auc,val_loss,val_acc,val_auc
0,0.6046044230461121,0.6744661331176758,0.7351572513580322,0.5474383234977722,0.7216166853904724,0.7947722673416138
1,0.5596545934677124,0.7180826663970947,0.7820773124694824,0.5478419065475464,0.7229791283607483,0.8016718626022339
2,0.5398127436637878,0.7310313582420349,0.8003398776054382,0.5305963754653931,0.7338783144950867,0.8117879629135132
3,0.5255101323127747,0.7420490980148315,0.8131824731826782,0.5328761339187622,0.7370572090148926,0.8087928295135498
4,0.5126293301582336,0.75,0.8238934278488159,0.5268695950508118,0.7325158715248108,0.8124426603317261
5,0.49860304594039917,0.7548841238021851,0.8335450291633606,0.5239924192428589,0.7397820353507996,0.8120225667953491
6,0.481962651014328,0.7686278820037842,0.8463644981384277,0.5365179777145386,0.7347865700721741,0.8091509342193604
7,0.46200165152549744,0.7782825827598572,0.8600974082946777,0.5388970971107483,0.7361489534378052,0.8103011250495911
8,0.4505249559879303,0.7852112650871277,0.8681851625442505,0.5500420928001404,0.7343324422836304,0.8129357099533081
