,loss,acc,auc,val_loss,val_acc,val_auc
0,0.6083916425704956,0.6708314418792725,0.7292401790618896,0.5779616832733154,0.6957311630249023,0.7800719738006592
1,0.559365451335907,0.7195593118667603,0.7829123139381409,0.56166011095047,0.7066303491592407,0.7890928983688354
2,0.5422407388687134,0.725465714931488,0.7980080842971802,0.5515270233154297,0.7029972672462463,0.7956503629684448
3,0.5249398946762085,0.7396637797355652,0.813204824924469,0.5415096282958984,0.7107175588607788,0.7991609573364258
4,0.510809600353241,0.7496592402458191,0.8249422311782837,0.5431197881698608,0.7266121506690979,0.8009806871414185
5,0.5024241209030151,0.7524988651275635,0.8314006328582764,0.5361611247062683,0.7261580228805542,0.8037748336791992
6,0.49031978845596313,0.7629486322402954,0.8402599692344666,0.5851442217826843,0.6907356977462769,0.8043725490570068
7,0.4697730839252472,0.7719218730926514,0.855278730392456,0.5424049496650696,0.7152588367462158,0.8005571365356445
8,0.46183934807777405,0.778964102268219,0.8614523410797119,0.5432513356208801,0.7193460464477539,0.8014881014823914
