{"loss":{"0":0.6083916426,"1":0.5593654513,"2":0.5422407389,"3":0.5249398947,"4":0.5108096004,"5":0.5024241209,"6":0.4903197885,"7":0.4697730839,"8":0.4618393481},"acc":{"0":0.6708314419,"1":0.7195593119,"2":0.7254657149,"3":0.7396637797,"4":0.7496592402,"5":0.7524988651,"6":0.7629486322,"7":0.7719218731,"8":0.7789641023},"auc":{"0":0.7292401791,"1":0.7829123139,"2":0.7980080843,"3":0.8132048249,"4":0.8249422312,"5":0.8314006329,"6":0.8402599692,"7":0.8552787304,"8":0.8614523411},"val_loss":{"0":0.5779616833,"1":0.561660111,"2":0.5515270233,"3":0.5415096283,"4":0.5431197882,"5":0.5361611247,"6":0.5851442218,"7":0.5424049497,"8":0.5432513356},"val_acc":{"0":0.695731163,"1":0.7066303492,"2":0.7029972672,"3":0.7107175589,"4":0.7266121507,"5":0.7261580229,"6":0.6907356977,"7":0.7152588367,"8":0.7193460464},"val_auc":{"0":0.7800719738,"1":0.7890928984,"2":0.795650363,"3":0.7991609573,"4":0.8009806871,"5":0.8037748337,"6":0.8043725491,"7":0.8005571365,"8":0.8014881015}}