{"loss":{"0":0.6115854383,"1":0.5639855862,"2":0.5463215709,"3":0.5311522484,"4":0.5181308389,"5":0.5048475266},"acc":{"0":0.6648114324,"1":0.7120627165,"2":0.7175147533,"3":0.7365970016,"4":0.7410268188,"5":0.7512494326},"auc":{"0":0.7257039547,"1":0.7799184322,"2":0.7944074869,"3":0.8089516163,"4":0.8190253377,"5":0.8302103281},"val_loss":{"0":0.5726595521,"1":0.5478827953,"2":0.534617424,"3":0.538556993,"4":0.5997241139,"5":0.5559948087},"val_acc":{"0":0.7025431395,"1":0.729336977,"2":0.7375113368,"3":0.729336977,"4":0.6752951741,"5":0.7361489534},"val_auc":{"0":0.7865797877,"1":0.7974123955,"2":0.8055497408,"3":0.8107910156,"4":0.8003510237,"5":0.8103047013}}