,precision_mean,precision_std,precision_sem,recall_mean,recall_std,recall_sem,f1-score_mean,f1-score_std,f1-score_sem,occurences_mean,occurences_std,occurences_sem
argument,0.4420793568663524,0.25200752373294794,0.11270119078165262,0.5173249896862901,0.47689351064715585,0.21327326156711204,0.41172915083761463,0.3710252230199546,0.16592752400792765,140.8,14.359665734271116,6.421837743200929
other,0.6396877436308899,0.17470545436251145,0.07813065439891255,0.6188083387863286,0.3636317704215601,0.16262107148824115,0.536187107437674,0.1281425921595955,0.057307109376377424,135.2,14.359665734271116,6.421837743200929
accuracy,0.55,0.09699729434510507,0.043378508757842174,0.55,0.09699729434510507,0.043378508757842174,0.55,0.09699729434510507,0.043378508757842174,0.55,0.09699729434510507,0.043378508757842174
macro avg,0.5408835502486211,0.20238744668452954,0.09051041771584449,0.5680666642363092,0.06608566677118234,0.02955440864775255,0.47395812913764435,0.1514889173110464,0.06774790338906889,276.0,0.0,0.0
weighted avg,0.5346886334439434,0.2182130034045548,0.0975878218373955,0.55,0.09699729434510507,0.043378508757842174,0.46416269905178886,0.16819599310683775,0.07521953482599504,276.0,0.0,0.0
