{"loss":{"0":53.8339881897,"1":53.623714447,"2":53.4734916687,"3":53.2412719727,"4":53.0972824097,"5":52.9546089172,"6":52.7870101929,"7":52.5754852295,"8":52.3919219971,"9":52.17710495,"10":52.0116424561,"11":51.8946609497,"12":51.7243309021,"13":51.5152702332,"14":51.3261413574,"15":51.1707954407,"16":51.0442733765,"17":50.8402061462,"18":50.6747131348,"19":50.5237197876,"20":50.3354377747,"21":50.1522903442,"22":49.9923934937,"23":49.818321228,"24":49.6406021118,"25":49.5066719055,"26":49.3489265442,"27":49.1975021362,"28":48.9791641235,"29":48.8578643799,"30":48.6927947998,"31":48.5470962524,"32":48.3540687561,"33":48.1786346436,"34":47.9774475098,"35":47.9015846252,"36":47.7033042908,"37":47.5440330505,"38":47.4093399048,"39":47.2394523621,"40":47.1450538635,"41":46.9358787537,"42":46.8040847778,"43":46.5771827698,"44":46.457408905,"45":46.2666130066,"46":46.1632499695,"47":45.992099762,"48":45.8316955566,"49":45.6880149841,"50":45.5606765747,"51":45.3778114319,"52":45.25963974,"53":45.0763015747,"54":44.956703186,"55":44.784614563,"56":44.6052474976,"57":44.4872512817,"58":44.34897995,"59":44.146812439,"60":44.0254631042,"61":43.8979873657,"62":43.6994667053,"63":43.5747718811,"64":43.4375,"65":43.3099327087,"66":43.1210861206,"67":43.0054779053,"68":42.864528656,"69":42.7393493652,"70":42.5642204285,"71":42.4614257812,"72":42.3076820374,"73":42.1347885132,"74":42.0045509338},"acc":{"0":0.5136363506,"1":0.5363636613,"2":0.5375000238,"3":0.5590909123,"4":0.5238636136,"5":0.5147727132,"6":0.5420454741,"7":0.5579545498,"8":0.5625,"9":0.5693181753,"10":0.5613636374,"11":0.5397727489,"12":0.5249999762,"13":0.5534090996,"14":0.5647727251,"15":0.552272737,"16":0.5545454621,"17":0.5454545617,"18":0.5693181753,"19":0.5284090638,"20":0.5761363506,"21":0.5738636255,"22":0.5545454621,"23":0.5636363626,"24":0.5545454621,"25":0.5477272868,"26":0.5534090996,"27":0.5329545736,"28":0.5806818008,"29":0.5534090996,"30":0.5534090996,"31":0.5249999762,"32":0.5602272749,"33":0.5647727251,"34":0.5954545736,"35":0.5500000119,"36":0.5477272868,"37":0.5738636255,"38":0.5500000119,"39":0.5534090996,"40":0.5272727013,"41":0.5715909004,"42":0.5420454741,"43":0.5784090757,"44":0.5318182111,"45":0.5784090757,"46":0.5636363626,"47":0.5511363745,"48":0.5534090996,"49":0.5545454621,"50":0.5647727251,"51":0.5715909004,"52":0.5352272987,"53":0.5784090757,"54":0.5363636613,"55":0.5556818247,"56":0.5613636374,"57":0.5749999881,"58":0.5329545736,"59":0.5784090757,"60":0.5511363745,"61":0.5568181872,"62":0.5784090757,"63":0.5920454264,"64":0.5715909004,"65":0.5670454502,"66":0.5897727013,"67":0.5625,"68":0.5613636374,"69":0.5477272868,"70":0.5840908885,"71":0.5568181872,"72":0.5568181872,"73":0.5659090877,"74":0.5693181753},"auc":{"0":0.5189091563,"1":0.5446508527,"2":0.529913187,"3":0.586868763,"4":0.5466070175,"5":0.5329161882,"6":0.5300427079,"7":0.5668299198,"8":0.5699157715,"9":0.5938204527,"10":0.5900868177,"11":0.5487058163,"12":0.5418914557,"13":0.5609767437,"14":0.6054308414,"15":0.5693950057,"16":0.5553103685,"17":0.5626195669,"18":0.5810725689,"19":0.5523461699,"20":0.5810415149,"21":0.5851587057,"22":0.5793341398,"23":0.5912086964,"24":0.5842958689,"25":0.5699908733,"26":0.5696878433,"27":0.5559321046,"28":0.6085244417,"29":0.5739966631,"30":0.5729525089,"31":0.5555875301,"32":0.5826739073,"33":0.5943256617,"34":0.6293716431,"35":0.5611763,"36":0.5826894641,"37":0.5894390345,"38":0.5736935139,"39":0.5846897364,"40":0.5440860391,"41":0.5901981592,"42":0.5526130199,"43":0.6113667488,"44":0.5731209517,"45":0.6099313498,"46":0.5700349808,"47":0.5826765299,"48":0.5848969817,"49":0.5819329023,"50":0.5790698528,"51":0.5997901559,"52":0.5515326262,"53":0.6050447226,"54":0.5653245449,"55":0.5774867535,"56":0.5856872797,"57":0.5941806436,"58":0.5630676746,"59":0.6090944409,"60":0.5949811339,"61":0.5768441558,"62":0.6148750186,"63":0.6094959974,"64":0.5975618362,"65":0.5830807686,"66":0.6144914627,"67":0.5886927843,"68":0.5879517794,"69":0.5707293749,"70":0.6011660099,"71":0.5761445761,"72":0.5815312266,"73":0.5914988518,"74":0.5968208313},"val_loss":{"0":53.5460357666,"1":53.3624954224,"2":53.1830787659,"3":53.0013542175,"4":52.8192214966,"5":52.6418380737,"6":52.4654197693,"7":52.2898597717,"8":52.1183547974,"9":51.9497337341,"10":51.7829475403,"11":51.6138839722,"12":51.4454803467,"13":51.2765617371,"14":51.1077575684,"15":50.940322876,"16":50.7692337036,"17":50.6013832092,"18":50.4380149841,"19":50.2689247131,"20":50.1061401367,"21":49.9406089783,"22":49.7745704651,"23":49.6114196777,"24":49.4482345581,"25":49.2816085815,"26":49.1154899597,"27":48.951625824,"28":48.7930984497,"29":48.6318435669,"30":48.4727935791,"31":48.3156929016,"32":48.1570205688,"33":47.998588562,"34":47.8370780945,"35":47.6828422546,"36":47.5250816345,"37":47.3728904724,"38":47.2213172913,"39":47.0581245422,"40":46.8958587646,"41":46.7381515503,"42":46.5851745605,"43":46.4356880188,"44":46.2867660522,"45":46.1418495178,"46":45.9959259033,"47":45.8438644409,"48":45.6960487366,"49":45.5477409363,"50":45.4029693604,"51":45.2593955994,"52":45.1103630066,"53":44.9714889526,"54":44.8334083557,"55":44.6945838928,"56":44.559551239,"57":44.4224395752,"58":44.278301239,"59":44.1374397278,"60":43.9826126099,"61":43.8388061523,"62":43.6941223145,"63":43.5425186157,"64":43.3923912048,"65":43.2384223938,"66":43.0964126587,"67":42.9534988403,"68":42.8221359253,"69":42.68176651,"70":42.535068512,"71":42.3950996399,"72":42.2586364746,"73":42.1215362549,"74":41.9766693115},"val_acc":{"0":0.5136363506,"1":0.5954545736,"2":0.6136363745,"3":0.6363636255,"4":0.6272727251,"5":0.6363636255,"6":0.6136363745,"7":0.6000000238,"8":0.6000000238,"9":0.6045454741,"10":0.5954545736,"11":0.5954545736,"12":0.5863636136,"13":0.572727263,"14":0.5681818128,"15":0.5590909123,"16":0.5636363626,"17":0.572727263,"18":0.5681818128,"19":0.5636363626,"20":0.5500000119,"21":0.5500000119,"22":0.5545454621,"23":0.5454545617,"24":0.5500000119,"25":0.5500000119,"26":0.5545454621,"27":0.5545454621,"28":0.5545454621,"29":0.5545454621,"30":0.5409091115,"31":0.5090909004,"32":0.5,"33":0.5136363506,"34":0.5136363506,"35":0.5,"36":0.5,"37":0.4954545498,"38":0.4954545498,"39":0.4954545498,"40":0.4954545498,"41":0.4954545498,"42":0.5,"43":0.4954545498,"44":0.4909090996,"45":0.5,"46":0.5,"47":0.5,"48":0.5,"49":0.5,"50":0.5,"51":0.5,"52":0.5,"53":0.5,"54":0.5,"55":0.5,"56":0.5,"57":0.5,"58":0.5,"59":0.4954545498,"60":0.5,"61":0.5,"62":0.4954545498,"63":0.5,"64":0.5,"65":0.5,"66":0.5,"67":0.5,"68":0.5,"69":0.4954545498,"70":0.5,"71":0.5,"72":0.4954545498,"73":0.4954545498,"74":0.4954545498},"val_auc":{"0":0.6616491079,"1":0.6602845192,"2":0.6558597088,"3":0.6539574862,"4":0.6539574862,"5":0.6549085975,"6":0.6563146114,"7":0.655528903,"8":0.6543710232,"9":0.6533372402,"10":0.6580100656,"11":0.6583409309,"12":0.6609048247,"13":0.6630138159,"14":0.6598296165,"15":0.6613596678,"16":0.6616491079,"17":0.6636340618,"18":0.6618973017,"19":0.662434876,"20":0.6618145704,"21":0.6623935103,"22":0.66326195,"23":0.6640889645,"24":0.6652882099,"25":0.6635927558,"26":0.6633859873,"27":0.6627657413,"28":0.6661980152,"29":0.6640889645,"30":0.66470927,"31":0.6659085751,"32":0.6660326123,"33":0.6686378717,"34":0.6711604595,"35":0.6710776687,"36":0.6709949374,"37":0.67058146,"38":0.6709122658,"39":0.6724836826,"40":0.6730211973,"41":0.6721528769,"42":0.6721115112,"43":0.6721942425,"44":0.6710363626,"45":0.6690514088,"46":0.670167923,"47":0.669175446,"48":0.6671904325,"49":0.6658258438,"50":0.6675212979,"51":0.6686378717,"52":0.6659085155,"53":0.665081501,"54":0.6616491079,"55":0.6641303897,"56":0.6658672094,"57":0.6662393212,"58":0.665164113,"59":0.6653295755,"60":0.665495038,"61":0.6658257842,"62":0.6681416035,"63":0.6660739183,"64":0.6671078205,"65":0.6625175476,"66":0.6623108387,"67":0.6642130613,"68":0.6675626636,"69":0.666942358,"70":0.6667355895,"71":0.6670664549,"72":0.6650401354,"73":0.6661980152,"74":0.6654123068}}