{"loss":{"0":53.2670669556,"1":53.0186424255,"2":52.9175071716,"3":52.6617469788,"4":52.4788703918,"5":52.2861862183,"6":52.1300392151,"7":51.9816894531,"8":51.7533302307,"9":51.5733261108,"10":51.4365768433,"11":51.2173652649,"12":51.0936889648,"13":50.8541641235,"14":50.7154846191,"15":50.5623435974,"16":50.3905105591,"17":50.2646865845,"18":50.0633583069,"19":49.8874015808,"20":49.707775116,"21":49.5221824646,"22":49.4038276672,"23":49.215927124,"24":49.0277404785,"25":48.9117355347,"26":48.7355079651,"27":48.553565979,"28":48.3491668701,"29":48.2377624512,"30":48.1035804749,"31":47.9432487488,"32":47.7098846436,"33":47.5668067932,"34":47.4123916626,"35":47.2475204468,"36":47.1309318542,"37":46.9573783875,"38":46.7382240295,"39":46.6009750366,"40":46.4543914795,"41":46.3051567078,"42":46.1740760803,"43":46.0324134827,"44":45.838886261,"45":45.6598548889,"46":45.5156593323,"47":45.3619613647,"48":45.2233314514,"49":45.0792961121,"50":44.891960144,"51":44.7298812866,"52":44.581993103,"53":44.455165863,"54":44.3415718079,"55":44.1652259827,"56":44.0227813721,"57":43.8841323853,"58":43.7370605469,"59":43.5648040771,"60":43.4070739746,"61":43.2870826721,"62":43.0810165405,"63":42.9762992859,"64":42.8479881287,"65":42.693107605,"66":42.5585441589,"67":42.3962516785,"68":42.2373771667,"69":42.0919418335,"70":41.9547309875,"71":41.8141899109,"72":41.6985931396,"73":41.5036888123,"74":41.4226570129},"acc":{"0":0.4909090996,"1":0.5443181992,"2":0.5090909004,"3":0.5397727489,"4":0.5511363745,"5":0.5534090996,"6":0.5534090996,"7":0.5511363745,"8":0.5636363626,"9":0.5693181753,"10":0.5465909243,"11":0.5738636255,"12":0.5579545498,"13":0.5647727251,"14":0.5977272987,"15":0.5920454264,"16":0.5749999881,"17":0.5488636494,"18":0.5659090877,"19":0.572727263,"20":0.5886363387,"21":0.5943182111,"22":0.5636363626,"23":0.5909090638,"24":0.6011363864,"25":0.5556818247,"26":0.5874999762,"27":0.6000000238,"28":0.6102272868,"29":0.5761363506,"30":0.5625,"31":0.5454545617,"32":0.6102272868,"33":0.5874999762,"34":0.5784090757,"35":0.5863636136,"36":0.5579545498,"37":0.5590909123,"38":0.5965909362,"39":0.5988636613,"40":0.5988636613,"41":0.5818181634,"42":0.5636363626,"43":0.5602272749,"44":0.5977272987,"45":0.6079545617,"46":0.5863636136,"47":0.5749999881,"48":0.5943182111,"49":0.5863636136,"50":0.6113636494,"51":0.5943182111,"52":0.5943182111,"53":0.5795454383,"54":0.5909090638,"55":0.572727263,"56":0.5931817889,"57":0.5795454383,"58":0.5931817889,"59":0.5738636255,"60":0.5920454264,"61":0.5943182111,"62":0.6034091115,"63":0.5886363387,"64":0.5954545736,"65":0.5863636136,"66":0.5715909004,"67":0.5863636136,"68":0.6068181992,"69":0.5909090638,"70":0.6090909243,"71":0.5943182111,"72":0.6090909243,"73":0.6272727251,"74":0.5602272749},"auc":{"0":0.4889028966,"1":0.5536979437,"2":0.5052127838,"3":0.5745075941,"4":0.5679723024,"5":0.5864287615,"6":0.5836286545,"7":0.5656475425,"8":0.5919386148,"9":0.5913754702,"10":0.5857028961,"11":0.6204537153,"12":0.5737120509,"13":0.6205854416,"14":0.614199996,"15":0.6079694629,"16":0.598331809,"17":0.5845121145,"18":0.59497118,"19":0.6056239605,"20":0.6158479452,"21":0.6291639805,"22":0.584744513,"23":0.6069646478,"24":0.6273557544,"25":0.5840264559,"26":0.6041334867,"27":0.6225821972,"28":0.6387240887,"29":0.5974096656,"30":0.5863951445,"31":0.5902569294,"32":0.6425446272,"33":0.6305769682,"34":0.6145616174,"35":0.6251679659,"36":0.5912694931,"37":0.6005868912,"38":0.6445903778,"39":0.6371510029,"40":0.6345084906,"41":0.6231272817,"42":0.6099688411,"43":0.5910912752,"44":0.6310728788,"45":0.6429889202,"46":0.6208798885,"47":0.6292880177,"48":0.626950264,"49":0.6170982122,"50":0.6560052633,"51":0.6431877613,"52":0.6446912289,"53":0.6333976984,"54":0.6157368422,"55":0.618188262,"56":0.6208256483,"57":0.6094005108,"58":0.6070034504,"59":0.6288644075,"60":0.6351723671,"61":0.6286939383,"62":0.663752079,"63":0.6287016273,"64":0.6122367978,"65":0.6273144484,"66":0.6137194633,"67":0.6254132986,"68":0.6415706873,"69":0.6390315294,"70":0.6454506516,"71":0.6421183944,"72":0.626916647,"73":0.6561086178,"74":0.6021006703},"val_loss":{"0":52.9697875977,"1":52.7730827332,"2":52.5827102661,"3":52.3992233276,"4":52.2204971313,"5":52.0452194214,"6":51.8723907471,"7":51.6994667053,"8":51.5279312134,"9":51.3576431274,"10":51.1865234375,"11":51.0171737671,"12":50.8493080139,"13":50.6827354431,"14":50.5135192871,"15":50.3436775208,"16":50.1732749939,"17":50.0048065186,"18":49.8404579163,"19":49.6746253967,"20":49.5087356567,"21":49.3437232971,"22":49.1803016663,"23":49.0180091858,"24":48.8593711853,"25":48.6993331909,"26":48.5392074585,"27":48.3803977966,"28":48.215171814,"29":48.0522842407,"30":47.8908996582,"31":47.7307891846,"32":47.5726165771,"33":47.4115447998,"34":47.249710083,"35":47.0906066895,"36":46.9320144653,"37":46.7724304199,"38":46.6159858704,"39":46.45835495,"40":46.2979850769,"41":46.1417312622,"42":45.9844284058,"43":45.8276481628,"44":45.6726074219,"45":45.520690918,"46":45.3666648865,"47":45.2143859863,"48":45.0642814636,"49":44.9131164551,"50":44.7579269409,"51":44.6050605774,"52":44.4539604187,"53":44.302822113,"54":44.1510314941,"55":43.9997787476,"56":43.8481330872,"57":43.6986045837,"58":43.549571991,"59":43.4020423889,"60":43.2571105957,"61":43.1102180481,"62":42.9619750977,"63":42.8151893616,"64":42.6685409546,"65":42.5232849121,"66":42.3782844543,"67":42.233997345,"68":42.0901489258,"69":41.9474182129,"70":41.8029212952,"71":41.6590538025,"72":41.5165405273,"73":41.3747062683,"74":41.2341690063},"val_acc":{"0":0.4954545498,"1":0.5363636613,"2":0.5818181634,"3":0.6000000238,"4":0.6227272749,"5":0.6000000238,"6":0.6045454741,"7":0.5772727132,"8":0.572727263,"9":0.5681818128,"10":0.5772727132,"11":0.572727263,"12":0.5863636136,"13":0.5863636136,"14":0.5863636136,"15":0.5909090638,"16":0.5909090638,"17":0.5863636136,"18":0.5863636136,"19":0.5818181634,"20":0.5818181634,"21":0.5818181634,"22":0.5863636136,"23":0.5954545736,"24":0.6000000238,"25":0.5954545736,"26":0.5909090638,"27":0.5863636136,"28":0.5909090638,"29":0.5909090638,"30":0.5909090638,"31":0.5909090638,"32":0.5909090638,"33":0.5909090638,"34":0.6000000238,"35":0.5954545736,"36":0.6000000238,"37":0.5909090638,"38":0.5954545736,"39":0.5909090638,"40":0.6000000238,"41":0.6000000238,"42":0.5909090638,"43":0.6000000238,"44":0.6000000238,"45":0.6000000238,"46":0.6000000238,"47":0.6000000238,"48":0.5909090638,"49":0.5954545736,"50":0.6000000238,"51":0.6000000238,"52":0.6000000238,"53":0.6045454741,"54":0.5954545736,"55":0.5909090638,"56":0.5909090638,"57":0.5909090638,"58":0.5863636136,"59":0.5863636136,"60":0.5863636136,"61":0.5863636136,"62":0.5863636136,"63":0.5909090638,"64":0.5818181634,"65":0.5772727132,"66":0.5818181634,"67":0.5772727132,"68":0.5772727132,"69":0.5818181634,"70":0.5818181634,"71":0.5909090638,"72":0.5909090638,"73":0.5863636136,"74":0.5863636136},"val_auc":{"0":0.637242794,"1":0.6408793926,"2":0.6418299079,"3":0.6430283785,"4":0.6444334984,"5":0.6448053122,"6":0.6444747448,"7":0.6453838944,"8":0.6448466778,"9":0.6456319094,"10":0.646499753,"11":0.6449706554,"12":0.6450119615,"13":0.6457145214,"14":0.647408843,"15":0.6453012824,"16":0.6470369101,"17":0.6466237307,"18":0.6475328207,"19":0.6473675966,"20":0.6471195817,"21":0.6478221416,"22":0.648111403,"23":0.648896575,"24":0.6495578289,"25":0.6494752169,"26":0.6486899853,"27":0.6492272615,"28":0.6488139629,"29":0.6499711275,"30":0.649268508,"31":0.6493512392,"32":0.6499297619,"33":0.6469543576,"34":0.6467063427,"35":0.6486899853,"36":0.6470782757,"37":0.6471609473,"38":0.6478633881,"39":0.6479461193,"40":0.64612782,"41":0.6458384991,"42":0.6449292898,"43":0.6459624767,"44":0.6444334388,"45":0.6445573568,"46":0.6445987821,"47":0.6424911022,"48":0.6416232586,"49":0.6405901313,"50":0.6406314969,"51":0.6401355863,"52":0.6401355267,"53":0.6400529146,"54":0.6405074596,"55":0.6405488253,"56":0.6419125795,"57":0.6405075192,"58":0.63959831,"59":0.640094161,"60":0.6394743919,"61":0.6419125795,"62":0.6413753033,