{"loss":{"0":54.0293579102,"1":53.8422584534,"2":53.6036567688,"3":53.4456558228,"4":53.2654800415,"5":53.0959091187,"6":52.8749465942,"7":52.7204856873,"8":52.5196380615,"9":52.3474159241,"10":52.124206543,"11":51.9878005981,"12":51.8229064941,"13":51.6321983337,"14":51.5140419006,"15":51.2703475952,"16":51.1151428223,"17":50.9495773315,"18":50.800113678,"19":50.6186904907,"20":50.4310417175,"21":50.2800254822,"22":50.0491905212,"23":49.9333267212,"24":49.7788276672,"25":49.5748939514,"26":49.3871955872,"27":49.2587509155,"28":49.119304657,"29":48.8970489502,"30":48.7398071289,"31":48.6080703735,"32":48.434715271,"33":48.2724609375,"34":48.0795516968,"35":47.9237709045,"36":47.754447937,"37":47.5759468079,"38":47.4477729797,"39":47.2931404114,"40":47.1420707703,"41":46.9600410461,"42":46.8098335266,"43":46.645565033,"44":46.4957504272,"45":46.3560066223,"46":46.1588478088,"47":46.0521850586,"48":45.8630065918,"49":45.6839904785,"50":45.53647995,"51":45.3833503723,"52":45.2513923645,"53":45.0876960754,"54":44.9035110474,"55":44.7747612,"56":44.6177101135,"57":44.4227104187,"58":44.3137588501,"59":44.1950378418,"60":43.9998817444,"61":43.8841972351,"62":43.7001914978,"63":43.5500831604,"64":43.404624939,"65":43.2566490173,"66":43.1452636719,"67":42.9765892029,"68":42.8358612061,"69":42.6870040894,"70":42.4907302856,"71":42.4122810364,"72":42.2756652832,"73":42.0994796753,"74":41.9571342468},"acc":{"0":0.5249999762,"1":0.5272727013,"2":0.5477272868,"3":0.5306817889,"4":0.5193181634,"5":0.5352272987,"6":0.552272737,"7":0.5556818247,"8":0.5409091115,"9":0.5500000119,"10":0.5670454502,"11":0.5761363506,"12":0.5704545379,"13":0.552272737,"14":0.5386363864,"15":0.5590909123,"16":0.5715909004,"17":0.5477272868,"18":0.5500000119,"19":0.5613636374,"20":0.5511363745,"21":0.5613636374,"22":0.5874999762,"23":0.5477272868,"24":0.5613636374,"25":0.5602272749,"26":0.5761363506,"27":0.5647727251,"28":0.5556818247,"29":0.5749999881,"30":0.5659090877,"31":0.5795454383,"32":0.5602272749,"33":0.5681818128,"34":0.5749999881,"35":0.5749999881,"36":0.5795454383,"37":0.5977272987,"38":0.5784090757,"39":0.5818181634,"40":0.5477272868,"41":0.5829545259,"42":0.5681818128,"43":0.5954545736,"44":0.5749999881,"45":0.5749999881,"46":0.5659090877,"47":0.5749999881,"48":0.5897727013,"49":0.6011363864,"50":0.5931817889,"51":0.5943182111,"52":0.5761363506,"53":0.5670454502,"54":0.5886363387,"55":0.5920454264,"56":0.5988636613,"57":0.5886363387,"58":0.5909090638,"59":0.5863636136,"60":0.5943182111,"61":0.5840908885,"62":0.5784090757,"63":0.6068181992,"64":0.5920454264,"65":0.5965909362,"66":0.572727263,"67":0.5818181634,"68":0.5681818128,"69":0.5874999762,"70":0.6102272868,"71":0.5852272511,"72":0.5647727251,"73":0.5988636613,"74":0.6045454741},"auc":{"0":0.496800065,"1":0.5279437304,"2":0.5508515835,"3":0.5262815356,"4":0.5421307683,"5":0.5376031399,"6":0.5738061666,"7":0.5684382915,"8":0.5744699836,"9":0.5805871487,"10":0.609977901,"11":0.5925519466,"12":0.6009225845,"13":0.5888904929,"14":0.5598497987,"15":0.5904255509,"16":0.5817074776,"17":0.577519536,"18":0.5739798546,"19":0.5958374143,"20":0.604210794,"21":0.6041328907,"22":0.6250596642,"23":0.5875394344,"24":0.5892249346,"25":0.6035494804,"26":0.6301317811,"27":0.5992033482,"28":0.5822079182,"29":0.616779685,"30":0.6137741804,"31":0.5997686386,"32":0.594190836,"33":0.602304697,"34":0.6304067373,"35":0.6134060621,"36":0.6241909266,"37":0.6382379532,"38":0.6041251421,"39":0.6179232597,"40":0.6046049595,"41":0.6297922134,"42":0.6215951443,"43":0.6195388436,"44":0.6093606949,"45":0.6064097881,"46":0.6286017895,"47":0.6067390442,"48":0.6249040365,"49":0.6335418224,"50":0.6455532908,"51":0.6470365524,"52":0.6250777245,"53":0.6270874739,"54":0.6450009346,"55":0.631970346,"56":0.6391119361,"57":0.6579926014,"58":0.6444589496,"59":0.6089562178,"60":0.6384403706,"61":0.6356941462,"62":0.6534286737,"63":0.6443811655,"64":0.6505684853,"65":0.661490798,"66":0.615221262,"67":0.6434813738,"68":0.6108466387,"69":0.6302251816,"70":0.6718710661,"71":0.6297506094,"72":0.6074132919,"73":0.6430120468,"74":0.6396176219},"val_loss":{"0":53.7172317505,"1":53.4887886047,"2":53.3024635315,"3":53.1616325378,"4":53.0328292847,"5":52.9358520508,"6":52.8450737,"7":52.7589454651,"8":52.6678352356,"9":52.5705375671,"10":52.4683761597,"11":52.3712081909,"12":52.2688827515,"13":52.1419067383,"14":52.0281143188,"15":51.9044914246,"16":51.7774353027,"17":51.6447639465,"18":51.5175895691,"19":51.3763999939,"20":51.2379989624,"21":51.0830421448,"22":50.9506378174,"23":50.8030776978,"24":50.6567687988,"25":50.5029945374,"26":50.3483428955,"27":50.1910514832,"28":50.0433273315,"29":49.8988265991,"30":49.7380142212,"31":49.5802154541,"32":49.420627594,"33":49.2794837952,"34":49.1290130615,"35":48.9749717712,"36":48.8292427063,"37":48.6843757629,"38":48.5344429016,"39":48.3780021667,"40":48.2264785767,"41":48.0669441223,"42":47.9119186401,"43":47.7609405518,"44":47.6166000366,"45":47.4669113159,"46":47.3117141724,"47":47.1595039368,"48":47.0013389587,"49":46.8434410095,"50":46.6874389648,"51":46.532371521,"52":46.3763656616,"53":46.220413208,"54":46.069190979,"55":45.9271850586,"56":45.7880363464,"57":45.641456604,"58":45.4986076355,"59":45.3604698181,"60":45.2171516418,"61":45.0788574219,"62":44.9291877747,"63":44.7865104675,"64":44.6314353943,"65":44.4823379517,"66":44.338432312,"67":44.1909103394,"68":44.0515518188,"69":43.91040802,"70":43.763004303,"71":43.6203041077,"72":43.4732017517,"73":43.3233566284,"74":43.1669425964},"val_acc":{"0":0.4636363685,"1":0.4636363685,"2":0.4636363685,"3":0.4636363685,"4":0.4636363685,"5":0.4636363685,"6":0.4636363685,"7":0.4636363685,"8":0.4636363685,"9":0.4636363685,"10":0.4636363685,"11":0.4636363685,"12":0.4636363685,"13":0.4636363685,"14":0.4636363685,"15":0.4636363685,"16":0.4636363685,"17":0.4636363685,"18":0.4636363685,"19":0.4636363685,"20":0.4636363685,"21":0.4636363685,"22":0.4636363685,"23":0.4636363685,"24":0.4636363685,"25":0.4636363685,"26":0.4636363685,"27":0.4636363685,"28":0.4636363685,"29":0.4636363685,"30":0.4636363685,"31":0.4636363685,"32":0.4636363685,"33":0.4636363685,"34":0.4636363685,"35":0.4636363685,"36":0.4636363685,"37":0.4636363685,"38":0.4636363685,"39":0.4636363685,"40":0.4636363685,"41":0.4636363685,"42":0.4636363685,"43":0.4636363685,"44":0.4636363685,"45":0.4636363685,"46":0.4636363685,"47":0.4636363685,"48":0.4636363685,"49":0.4636363685,"50":0.4636363685,"51":0.4636363685,"52":0.4636363685,"53":0.4636363685,"54":0.4636363685,"55":0.4636363685,"56":0.4636363685,"57":0.4636363685,"58":0.4636363685,"59":0.4636363685,"60":0.4636363685,"61":0.4636363685,"62":0.4636363685,"63":0.4636363685,"64":0.4636363685,"65":0.4636363685,"66":0.4636363685,"67":0.4636363685,"68":0.4636363685,"69":0.4636363685,"70":0.4636363685,"71":0.4636363685,"72":0.4636363685,"73":0.4636363685,"74":0.4636363685},"val_auc":{"0":0.624958396,"1":0.636839509,"2":0.6360501647,"3":0.639290452,"4":0.6384180784,"5":0.636174798,"6":0.6378365755,"7":0.6350115538,"8":0.6367148161,"9":0.6400797367,"10":0.6388335228,"11":0.6392074227,"12":0.64057827,"13":0.6397058368,"14":0.6404120922,"15":0.6422815323,"16":0.6375457048,"17":0.6358840466,"18":0.6421984434,"19":0.6407859921,"20":0.6364240646,"21":0.6385842562,"22":0.6411597729,"23":0.6377949715,"24":0.6471004486,"25":0.6457710266,"26":0.6408275366,"27":0.6371718049,"28":0.6392074227,"29":0.6399966478,"30":0.6318544149,"31":0.6353024244,"32":0.6415752172,"33":0.6439431906,"34":0.6444001198,"35":0.6429462433,"36":0.6394150853,"37":0.6487205029,"38":0.6481388807,"39":0.6449402571,"40":0.6482220292,"41":0.6472250223,"42":0.6461448669,"43":0.6482219696,"44":0.6574443579,"45":0.6601030827,"46":0.6623878479,"47":0.6664589643,"48":0.6627200842,"49":0.6659188867,"50":0.6649218798,"51":0.66604352,"52":0.6597291231,"53":0.6574443579,"54":0.6555749774,"55":0.6578598022,"56":0.6621801257,"57":0.6601029634,"58":0.6627201438,"59":0.6566134691,"60":0.6549102068,"61":0.6502990723,"62":0.6477650404,