{"loss":{"0":54.2690238953,"1":54.0338630676,"2":53.878616333,"3":53.6493110657,"4":53.4960289001,"5":53.3022918701,"6":53.1165847778,"7":52.9653549194,"8":52.7961235046,"9":52.6416320801,"10":52.4430503845,"11":52.2447624207,"12":52.1315994263,"13":51.8880500793,"14":51.7502555847,"15":51.5172348022,"16":51.3615341187,"17":51.2161102295,"18":51.1274375916,"19":50.8622932434,"20":50.7167854309,"21":50.5789413452,"22":50.3940200806,"23":50.2014541626,"24":50.015953064,"25":49.8544158936,"26":49.6700019836,"27":49.5305480957,"28":49.4069480896,"29":49.1703071594,"30":49.045753479,"31":48.8586883545,"32":48.677520752,"33":48.5816421509,"34":48.3906974792,"35":48.2211914062,"36":48.0716133118,"37":47.8894233704,"38":47.7439689636,"39":47.5555496216,"40":47.4139060974,"41":47.2647361755,"42":47.0793075562,"43":46.9570655823,"44":46.8307571411,"45":46.6347846985,"46":46.4965515137,"47":46.3105506897,"48":46.1213150024,"49":45.9889297485,"50":45.8166503906,"51":45.6704483032,"52":45.5370750427,"53":45.3854484558,"54":45.2184333801,"55":45.094669342,"56":44.9198875427,"57":44.7494773865,"58":44.6330108643,"59":44.4219398499,"60":44.3237876892,"61":44.1528549194,"62":44.0121269226,"63":43.8835754395,"64":43.7344093323,"65":43.5655555725,"66":43.4351959229,"67":43.287815094,"68":43.1704978943,"69":42.9758529663,"70":42.8498649597,"71":42.7195205688,"72":42.5773429871,"73":42.4237289429,"74":42.2483901978},"acc":{"0":0.5124999881,"1":0.5193181634,"2":0.5238636136,"3":0.5465909243,"4":0.5295454264,"5":0.5397727489,"6":0.5761363506,"7":0.5534090996,"8":0.5272727013,"9":0.5363636613,"10":0.5386363864,"11":0.5534090996,"12":0.5170454383,"13":0.5420454741,"14":0.5500000119,"15":0.5613636374,"16":0.5659090877,"17":0.5443181992,"18":0.5113636255,"19":0.5659090877,"20":0.5545454621,"21":0.5227272511,"22":0.5352272987,"23":0.5454545617,"24":0.5568181872,"25":0.5556818247,"26":0.5613636374,"27":0.5545454621,"28":0.5181818008,"29":0.5647727251,"30":0.5363636613,"31":0.5568181872,"32":0.5681818128,"33":0.5363636613,"34":0.5386363864,"35":0.5602272749,"36":0.5363636613,"37":0.5340909362,"38":0.5363636613,"39":0.5704545379,"40":0.5511363745,"41":0.5431818366,"42":0.5761363506,"43":0.5363636613,"44":0.5363636613,"45":0.5431818366,"46":0.5340909362,"47":0.5556818247,"48":0.5818181634,"49":0.5488636494,"50":0.5602272749,"51":0.5863636136,"52":0.5534090996,"53":0.5579545498,"54":0.5704545379,"55":0.5409091115,"56":0.5784090757,"57":0.5636363626,"58":0.5613636374,"59":0.5977272987,"60":0.5749999881,"61":0.5602272749,"62":0.5534090996,"63":0.5386363864,"64":0.5715909004,"65":0.5784090757,"66":0.5772727132,"67":0.5693181753,"68":0.5556818247,"69":0.5647727251,"70":0.5602272749,"71":0.5500000119,"72":0.5477272868,"73":0.5556818247,"74":0.5761363506},"auc":{"0":0.5011832714,"1":0.5332677364,"2":0.5357658863,"3":0.5665251017,"4":0.5461283326,"5":0.5693540573,"6":0.5857308507,"7":0.5706897378,"8":0.5478385687,"9":0.5431289077,"10":0.5523209572,"11":0.5746347308,"12":0.537065506,"13":0.5658042431,"14":0.5608930588,"15":0.5901821852,"16":0.5806128979,"17":0.5732758045,"18":0.5066860914,"19":0.589453578,"20":0.5671916604,"21":0.535587728,"22":0.556674242,"23":0.5818064213,"24":0.5875986814,"25":0.5787786841,"26":0.5856584907,"27":0.5791506767,"28":0.5496832728,"29":0.598051548,"30":0.5694470406,"31":0.5786598325,"32":0.5906111002,"33":0.5489159822,"34":0.5642438531,"35":0.577285409,"36":0.5592241287,"37":0.5713252425,"38":0.5733170509,"39":0.5912441015,"40":0.5772259235,"41":0.572738409,"42":0.5948066711,"43":0.5546075106,"44":0.5521607995,"45":0.5704907179,"46":0.5704829693,"47":0.5797241926,"48":0.6138831377,"49":0.597581327,"50":0.6052311063,"51":0.6125372052,"52":0.586022675,"53":0.5867074132,"54":0.6045464277,"55":0.5724129081,"56":0.5975684524,"57":0.6093930006,"58":0.5876659155,"59":0.6284153461,"60":0.6017433405,"61":0.5904973149,"62":0.5901511908,"63":0.580429554,"64":0.5872834921,"65":0.611325562,"66":0.5955791473,"67":0.5946050882,"68":0.568832159,"69":0.5947653055,"70":0.5855318904,"71":0.5797009468,"72":0.5745080709,"73":0.5869554281,"74":0.6113488078},"val_loss":{"0":53.9166717529,"1":53.7491836548,"2":53.5800590515,"3":53.4087371826,"4":53.2348899841,"5":53.0700416565,"6":52.8799095154,"7":52.691619873,"8":52.5002479553,"9":52.3137435913,"10":52.1378097534,"11":51.9635772705,"12":51.7875595093,"13":51.6203918457,"14":51.4545288086,"15":51.2792243958,"16":51.1069374084,"17":50.9411392212,"18":50.7679290771,"19":50.596912384,"20":50.4208679199,"21":50.2533607483,"22":50.0842056274,"23":49.9070549011,"24":49.738609314,"25":49.5689849854,"26":49.4005012512,"27":49.2353248596,"28":49.0744132996,"29":48.9120864868,"30":48.747467041,"31":48.585144043,"32":48.4205627441,"33":48.2625541687,"34":48.1057929993,"35":47.9415130615,"36":47.7771759033,"37":47.6168060303,"38":47.458530426,"39":47.2999191284,"40":47.139705658,"41":46.9848976135,"42":46.8294792175,"43":46.6757240295,"44":46.5198402405,"45":46.3602790833,"46":46.2025985718,"47":46.0482406616,"48":45.8988113403,"49":45.7505378723,"50":45.5983161926,"51":45.447933197,"52":45.2974090576,"53":45.1448516846,"54":44.9869155884,"55":44.8339767456,"56":44.6797409058,"57":44.5271835327,"58":44.3775405884,"59":44.2306480408,"60":44.0821304321,"61":43.9336547852,"62":43.7871170044,"63":43.6414413452,"64":43.4986152649,"65":43.3518295288,"66":43.2111549377,"67":43.0672187805,"68":42.9332122803,"69":42.7906265259,"70":42.6436691284,"71":42.4967498779,"72":42.3558120728,"73":42.2194862366,"74":42.0802764893},"val_acc":{"0":0.5,"1":0.5,"2":0.5,"3":0.5,"4":0.5454545617,"5":0.5500000119,"6":0.5636363626,"7":0.5636363626,"8":0.5818181634,"9":0.6136363745,"10":0.6181818247,"11":0.6045454741,"12":0.6045454741,"13":0.6090909243,"14":0.6045454741,"15":0.6090909243,"16":0.5863636136,"17":0.5863636136,"18":0.5909090638,"19":0.5909090638,"20":0.6181818247,"21":0.6181818247,"22":0.6090909243,"23":0.6090909243,"24":0.6136363745,"25":0.6227272749,"26":0.6272727251,"27":0.6227272749,"28":0.6136363745,"29":0.6136363745,"30":0.6227272749,"31":0.6318181753,"32":0.6272727251,"33":0.6181818247,"34":0.6181818247,"35":0.6272727251,"36":0.6272727251,"37":0.6272727251,"38":0.6318181753,"39":0.6272727251,"40":0.6227272749,"41":0.6272727251,"42":0.6136363745,"43":0.6090909243,"44":0.6181818247,"45":0.6181818247,"46":0.6181818247,"47":0.6090909243,"48":0.6045454741,"49":0.5863636136,"50":0.6000000238,"51":0.5863636136,"52":0.5863636136,"53":0.5954545736,"54":0.5954545736,"55":0.6045454741,"56":0.6227272749,"57":0.6227272749,"58":0.6181818247,"59":0.5954545736,"60":0.5863636136,"61":0.5909090638,"62":0.5954545736,"63":0.6000000238,"64":0.5863636136,"65":0.5772727132,"66":0.5772727132,"67":0.572727263,"68":0.5772727132,"69":0.5772727132,"70":0.5772727132,"71":0.5818181634,"72":0.5772727132,"73":0.5681818128,"74":0.5681818128},"val_auc":{"0":0.6513223052,"1":0.6530991793,"2":0.6555784941,"3":0.6557024717,"4":0.6578099728,"5":0.6571074724,"6":0.6560330391,"7":0.655000031,"8":0.6564463377,"9":0.6569008827,"10":0.6580991745,"11":0.6567355394,"12":0.6580165625,"13":0.6578099132,"14":0.6582645178,"15":0.6585124135,"16":0.6587603092,"17":0.6590496302,"18":0.6600826979,"19":0.6595454216,"20":0.6583058238,"21":0.6585124135,"22":0.6594214439,"23":0.6598347425,"24":0.6576033831,"25":0.6586363316,"26":0.6581405401,"27":0.6571487784,"28":0.6594628096,"29":0.6592562199,"30":0.6610330343,"31":0.6606198549,"32":0.6599587202,"33":0.6595868468,"34":0.6594214439,"35":0.6599999666,"36":0.6590908766,"37":0.6591322422,"38":0.6582231522,"39":0.6586776972,"40":0.6592974663,"41":0.6580165625,"42":0.6575206518,"43":0.6583884358,"44":0.6585537195,"45":0.6574793458,"46":0.655041337,"47":0.6543388367,"48":0.6561570764,"49":0.6559090614,"50":0.6552479267,"51":0.6551652551,"52":0.6552479267,"53":0.6544214487,"54":0.6555784941,"55":0.65541327,"56":0.6552065611,"57":0.6555371881,"58":0.6544628143,"59":0.655000031,"60":0.65541327,"61":0.6544628143,"62":0.655495882,"63":0.6550827026,