{"loss":{"0":47.1802558899,"1":44.0316848755,"2":41.0609359741,"3":38.2967262268,"4":35.6927337646,"5":33.2402763367,"6":30.9380073547,"7":28.7522239685,"8":26.7063846588,"9":24.7777824402,"10":22.9574546814,"11":21.2387599945,"12":19.6202316284,"13":18.0953598022,"14":16.6719379425,"15":15.3217363358,"16":14.0652084351,"17":12.8766212463,"18":11.7777318954,"19":10.7354698181,"20":9.7757787704,"21":8.8806838989,"22":8.0515127182,"23":7.2811179161,"24":6.5673193932,"25":5.9086923599,"26":5.30397892,"27":4.7527136803,"28":4.2452330589,"29":3.7885262966,"30":3.369024992,"31":2.9913749695,"32":2.6546952724,"33":2.3533532619,"34":2.0838251114,"35":1.8523997068,"36":1.639528513,"37":1.4569073915,"38":1.3034049273,"39":1.1644046307,"40":1.0545583963,"41":0.9556894898,"42":0.8770712018,"43":0.8091611266,"44":0.7577002645,"45":0.716932416,"46":0.6856871843,"47":0.6583592296,"48":0.6349369287,"49":0.6233974099,"50":0.6089587808,"51":0.6060212851,"52":0.5983563066,"53":0.5935323238,"54":0.5904197693,"55":0.5894908309,"56":0.5851711631,"57":0.5839787126},"acc":{"0":0.335644275,"1":0.3671667576,"2":0.3995017111,"3":0.4257704616,"4":0.4613009691,"5":0.4910902977,"6":0.5242376924,"7":0.5618263483,"8":0.5802957416,"9":0.6046687961,"10":0.6205925345,"11":0.6465904713,"12":0.654227376,"13":0.6773005724,"14":0.6848832965,"15":0.6907869577,"16":0.6995071173,"17":0.7132643461,"18":0.7116936445,"19":0.7220386863,"20":0.7253425717,"21":0.7270216346,"22":0.7310838103,"23":0.7317337394,"24":0.7370416522,"25":0.7374207973,"26":0.7385581732,"27":0.7418621182,"28":0.7446243763,"29":0.7435411215,"30":0.7500406504,"31":0.7489573956,"32":0.749553144,"33":0.7503656149,"34":0.7546985745,"35":0.7493364811,"36":0.7541028261,"37":0.7547527552,"38":0.7548610568,"39":0.7572442293,"40":0.7551319003,"41":0.7563776374,"42":0.7565942407,"43":0.7611439228,"44":0.7588691115,"45":0.7576233745,"46":0.7571358681,"47":0.7604398131,"48":0.7635270357,"49":0.7600064874,"50":0.7627146244,"51":0.7619021535,"52":0.763635397,"53":0.7638520002,"54":0.7644478083,"55":0.7638520002,"56":0.764285326,"57":0.7659643888},"auc":{"0":0.5569927692,"1":0.5730409622,"2":0.5875243545,"3":0.5786376595,"4":0.583786726,"5":0.5813983083,"6":0.5799906254,"7":0.5891014338,"8":0.5839449167,"9":0.5802411437,"10":0.5795508623,"11":0.5810801983,"12":0.5853049755,"13":0.5869414806,"14":0.5846574306,"15":0.589918077,"16":0.5880821943,"17":0.5951277018,"18":0.590413928,"19":0.603228569,"20":0.5988323689,"21":0.6029736996,"22":0.600125432,"23":0.5993785858,"24":0.6033326387,"25":0.6030045748,"26":0.6062402129,"27":0.6059880257,"28":0.6093049645,"29":0.6109743118,"30":0.6117213964,"31":0.6193380356,"32":0.6138020754,"33":0.6174036264,"34":0.6175224185,"35":0.6120042205,"36":0.6204128861,"37":0.6245960593,"38":0.6213200092,"39":0.6283394098,"40":0.6260683537,"41":0.6273620725,"42":0.6295437813,"43":0.6304531097,"44":0.6301144361,"45":0.6290616989,"46":0.6259760857,"47":0.6314280033,"48":0.6344496608,"49":0.6357498765,"50":0.6415219307,"51":0.6329243183,"52":0.6378419399,"53":0.6391321421,"54":0.6421291232,"55":0.6380493641,"56":0.6428097486,"57":0.6429176331},"val_loss":{"0":45.4402351379,"1":42.3907318115,"2":39.5461120605,"3":36.8896102905,"4":34.3652496338,"5":31.9921646118,"6":29.7117023468,"7":27.5869293213,"8":25.5977039337,"9":23.7235126495,"10":21.9563884735,"11":20.2954559326,"12":18.7277202606,"13":17.256608963,"14":15.8702411652,"15":14.5722303391,"16":13.3566207886,"17":12.218957901,"18":11.155333519,"19":10.1625490189,"20":9.2407503128,"21":8.3825340271,"22":7.5813102722,"23":6.8492531776,"24":6.1688628197,"25":5.546421051,"26":4.9743013382,"27":4.4423775673,"28":3.9667782784,"29":3.5287287235,"30":3.1425733566,"31":2.7896647453,"32":2.4693255424,"33":2.1967051029,"34":1.9420531988,"35":1.7225300074,"36":1.5314053297,"37":1.3721938133,"38":1.216994524,"39":1.1034622192,"40":0.984480679,"41":0.9101586938,"42":0.8210865259,"43":0.7766788602,"44":0.7168112397,"45":0.6970575452,"46":0.6610030532,"47":0.6474193931,"48":0.6259477735,"49":0.6178633571,"50":0.608895421,"51":0.6146526337,"52":0.6062919497,"53":0.6016619205,"54":0.5748656988,"55":0.5930712223,"56":0.583070159,"57":0.5818781257},"val_acc":{"0":0.2439341396,"1":0.2439341396,"2":0.2439341396,"3":0.2452339679,"4":0.2601819634,"5":0.3929809332,"6":0.6631282568,"7":0.7101386189,"8":0.7285528779,"9":0.7441507578,"10":0.7551993132,"11":0.754766047,"12":0.7567157745,"13":0.758882165,"14":0.7608318925,"15":0.7636481524,"16":0.7647313476,"17":0.7653812766,"18":0.766897738,"19":0.7666811347,"20":0.7677642703,"21":0.7684141994,"22":0.7688474655,"23":0.7688474655,"24":0.7681975961,"25":0.7690641284,"26":0.7688474655,"27":0.7688474655,"28":0.7694973946,"29":0.7694973946,"30":0.7690641284,"31":0.7684141994,"32":0.7688474655,"33":0.7686308622,"34":0.7686308622,"35":0.7686308622,"36":0.7681975961,"37":0.7686308622,"38":0.7690641284,"39":0.7686308622,"40":0.7688474655,"41":0.7684141994,"42":0.7686308622,"43":0.7679809332,"44":0.7688474655,"45":0.7679809332,"46":0.7697140574,"47":0.7677642703,"48":0.7677642703,"49":0.7677642703,"50":0.767547667,"51":0.7681975961,"52":0.767547667,"53":0.7681975961,"54":0.7686308622,"55":0.7679809332,"56":0.7681975961,"57":0.7679809332},"val_auc":{"0":0.6682242155,"1":0.6732812524,"2":0.6721015573,"3":0.6717122793,"4":0.6723511815,"5":0.6715471148,"6":0.6674693227,"7":0.6691097021,"8":0.6685216427,"9":0.6722726822,"10":0.6665501595,"11":0.6742401123,"12":0.6711499691,"13":0.6757971048,"14":0.6762109995,"15":0.6751400828,"16":0.6760584712,"17":0.6754024029,"18":0.6774466038,"19":0.6788448095,"20":0.6766301394,"21":0.6781286001,"22":0.678232193,"23":0.6783360243,"24":0.6782821417,"25":0.677982688,"26":0.6788572669,"27":0.6804186702,"28":0.6805742979,"29":0.6819691658,"30":0.6819159985,"31":0.6817652583,"32":0.6824945211,"33":0.6829810143,"34":0.6830275059,"35":0.6829619408,"36":0.685321331,"37":0.6858086586,"38":0.6870618463,"39":0.6867808104,"40":0.688129127,"41":0.6886521578,"42":0.6879504919,"43":0.689381361,"44":0.6907787919,"45":0.6899937391,"46":0.6915103197,"47":0.6919853091,"48":0.6922679543,"49":0.6916110516,"50":0.6927355528,"51":0.6903202534,"52":0.6933228374,"53":0.6926777363,"54":0.6918057203,"55":0.6933054328,"56":0.6934195757,"57":0.693880558}}