{"loss":{"0":48.3060302734,"1":45.1637916565,"2":42.2276954651,"3":39.4524383545,"4":36.8380393982,"5":34.3803787231,"6":32.0557975769,"7":29.8515605927,"8":27.7714805603,"9":25.8194961548,"10":23.9547424316,"11":22.205947876,"12":20.5479125977,"13":18.9820652008,"14":17.5089359283,"15":16.1203289032,"16":14.8093328476,"17":13.5875196457,"18":12.4369573593,"19":11.3569135666,"20":10.3550004959,"21":9.4259357452,"22":8.5436830521,"23":7.7339816093,"24":6.9815897942,"25":6.2852272987,"26":5.6452927589,"27":5.0620417595,"28":4.5300555229,"29":4.0392537117,"30":3.5907642841,"31":3.1937570572,"32":2.8260462284,"33":2.5000324249,"34":2.2140922546,"35":1.9636521339,"36":1.733686924,"37":1.5395241976,"38":1.3703490496,"39":1.2219430208,"40":1.0957188606,"41":0.9896665215,"42":0.9008905888,"43":0.8271300197,"44":0.7758703232,"45":0.7235206962,"46":0.6873309016,"47":0.660656333,"48":0.6365448236,"49":0.6231785417,"50":0.6102222204,"51":0.6042601466,"52":0.594942987,"53":0.587341845,"54":0.5869131088,"55":0.5869349837},"acc":{"0":0.6892162561,"1":0.7011861801,"2":0.7018361092,"3":0.7112603784,"4":0.7178140283,"5":0.7145642638,"6":0.7224178314,"7":0.7288089991,"8":0.7302713394,"9":0.7330877781,"10":0.7337377667,"11":0.733900249,"12":0.73032552,"13":0.7359583974,"14":0.7334669232,"15":0.736012578,"16":0.7401830554,"17":0.7370958328,"18":0.7386123538,"19":0.7425120473,"20":0.7418621182,"21":0.7380707264,"22":0.741699636,"23":0.7408330441,"24":0.7440827489,"25":0.7464659214,"26":0.7468450665,"27":0.7467908859,"28":0.7443535924,"29":0.7448410392,"30":0.7474949956,"31":0.7470075488,"32":0.75074476,"33":0.7496073246,"34":0.7506905794,"35":0.7476574779,"36":0.7498239875,"37":0.7503656149,"38":0.7556735277,"39":0.7531278729,"40":0.7527487278,"41":0.7556193471,"42":0.7586524487,"43":0.7519904971,"44":0.7555651665,"45":0.7568650842,"46":0.7559443116,"47":0.753777802,"48":0.7590857148,"49":0.7571900487,"50":0.7595190406,"51":0.7581108212,"52":0.7599523664,"53":0.7623354793,"54":0.7621188164,"55":0.7584357858},"auc":{"0":0.5663705468,"1":0.5868961811,"2":0.5867928267,"3":0.5973255634,"4":0.6016247272,"5":0.6035382748,"6":0.6043541431,"7":0.6124777198,"8":0.6168450117,"9":0.604413867,"10":0.6137977839,"11":0.6107304692,"12":0.6124247909,"13":0.6150144339,"14":0.6164348125,"15":0.6158326268,"16":0.6223864555,"17":0.6165733337,"18":0.6174373627,"19":0.620102644,"20":0.6156048775,"21":0.6082979441,"22":0.6166823506,"23":0.6155105829,"24":0.6177533865,"25":0.6171511412,"26":0.6212166548,"27":0.6171086431,"28":0.6121058464,"29":0.6151676774,"30":0.6190280914,"31":0.6174095869,"32":0.6241922379,"33":0.6276592016,"34":0.6250568628,"35":0.6189135313,"36":0.6255546808,"37":0.6248427629,"38":0.6232584119,"39":0.6274244785,"40":0.6296972036,"41":0.6313335896,"42":0.6314977407,"43":0.639271915,"44":0.6248654127,"45":0.6348103285,"46":0.6368627548,"47":0.6357104778,"48":0.6400008202,"49":0.6362903118,"50":0.639719069,"51":0.6366205215,"52":0.6386725903,"53":0.6492261291,"54":0.6458996534,"55":0.6434759498},"val_loss":{"0":46.5592460632,"1":43.5414581299,"2":40.6948280334,"3":38.0165367126,"4":35.4942207336,"5":33.1132888794,"6":30.8544197083,"7":28.7110767365,"8":26.693862915,"9":24.7877998352,"10":22.9828109741,"11":21.2800865173,"12":19.6723442078,"13":18.157207489,"14":16.7302513123,"15":15.3882675171,"16":14.1277732849,"17":12.9457464218,"18":11.8385734558,"19":10.7943210602,"20":9.8260116577,"21":8.9249572754,"22":8.0830230713,"23":7.3075342178,"24":6.5853390694,"25":5.9268655777,"26":5.3218660355,"27":4.7578430176,"28":4.2492332458,"29":3.7891149521,"30":3.3697323799,"31":2.9918792248,"32":2.6428141594,"33":2.3394651413,"34":2.0695123672,"35":1.8345251083,"36":1.620621562,"37":1.4384670258,"38":1.2836833,"39":1.1528457403,"40":1.0402696133,"41":0.9649407268,"42":0.8649884462,"43":0.8073803782,"44":0.7357779145,"45":0.6928832531,"46":0.6624997258,"47":0.6334791183,"48":0.6192471385,"49":0.6067076921,"50":0.6108314991,"51":0.5966624618,"52":0.586124599,"53":0.5969385505,"54":0.5991917849,"55":0.5911806226},"val_acc":{"0":0.776429832,"1":0.7679809332,"2":0.7729635835,"3":0.7742634416,"4":0.7692807913,"5":0.7625650167,"6":0.7686308622,"7":0.771663785,"8":0.7720970511,"9":0.771663785,"10":0.7753466368,"11":0.7753466368,"12":0.7762131691,"13":0.7753466368,"14":0.7749133706,"15":0.7710138559,"16":0.7718803883,"17":0.7699306607,"18":0.7697140574,"19":0.7699306607,"20":0.7701473236,"21":0.7705805898,"22":0.7692807913,"23":0.7688474655,"24":0.7710138559,"25":0.7653812766,"26":0.758015573,"27":0.766897738,"28":0.762131691,"29":0.7606152296,"30":0.7536828518,"31":0.7515164614,"32":0.7625650167,"33":0.7593154311,"34":0.7612651587,"35":0.7601819634,"36":0.7634315491,"37":0.7671144009,"38":0.7619150877,"39":0.758882165,"40":0.7543327808,"41":0.7326689959,"42":0.754766047,"43":0.7543327808,"44":0.7697140574,"45":0.7690641284,"46":0.7686308622,"47":0.772313714,"48":0.7679809332,"49":0.7705805898,"50":0.7645147443,"51":0.7625650167,"52":0.771663785,"53":0.7629982829,"54":0.762131691,"55":0.7632148862},"val_auc":{"0":0.6477617025,"1":0.6486961842,"2":0.6481363773,"3":0.6484648585,"4":0.648480773,"5":0.6491137743,"6":0.649756074,"7":0.6501262188,"8":0.6503573656,"9":0.651098609,"10":0.6510152817,"11":0.6511726379,"12":0.6512803435,"13":0.651206255,"14":0.6514800787,"15":0.6512584686,"16":0.65132761,"17":0.6514023542,"18":0.6514546871,"19":0.6517785192,"20":0.651735723,"21":0.6520112753,"22":0.6523213387,"23":0.6521969438,"24":0.6517857313,"25":0.6511654258,"26":0.6513813138,"27":0.6509186625,"28":0.6509157419,"29":0.6506058574,"30":0.6510058641,"31":0.6506003141,"32":0.650534749,"33":0.6503937244,"34":0.650179863,"35":0.6506882906,"36":0.6506748199,"37":0.6512937546,"38":0.6523513794,"39":0.6533805132,"40":0.6538904905,"41":0.6563178897,"42":0.6574691534,"43":0.656520009,"44":0.6554558873,"45":0.6569854021,"46":0.6579889059,"47":0.6570467949,"48":0.6581898332,"49":0.6565066576,"50":0.6535838842,"51":0.656879425,"52":0.6567439437,"53":0.6583622694,"54":0.6596444845,"55":0.6622599363}}