{"loss":{"0":1.9325579405,"1":1.6964532137,"2":1.5968322754,"3":1.6682293415},"acc":{"0":0.4920454621,"1":0.5204545259,"2":0.4943181872,"3":0.4943181872},"auc":{"0":0.4802046418,"1":0.5228198767,"2":0.503905654,"3":0.4910067916},"val_loss":{"0":0.6819348335,"1":0.6865344048,"2":0.6894879341,"3":0.6929181218},"val_acc":{"0":0.5363636613,"1":0.5227272511,"2":0.4863636494,"3":0.4909090996},"val_auc":{"0":0.6676039696,"1":0.6494913697,"2":0.6510627866,"3":0.6348523498}}