{"loss":{"0":1.7533951998,"1":1.6228272915,"2":1.5566256046,"3":1.4319913387,"4":1.2647483349,"5":1.3104424477,"6":1.3096761703,"7":1.3059836626,"8":1.1758983135,"9":1.1399589777,"10":1.1532486677,"11":1.1486593485,"12":1.0471155643,"13":1.0390111208,"14":0.9684604406,"15":1.0714151859,"16":0.9506701827,"17":0.9575153589},"acc":{"0":0.5022727251,"1":0.5045454502,"2":0.5215908885,"3":0.5215908885,"4":0.5204545259,"5":0.4931818247,"6":0.5124999881,"7":0.4965909123,"8":0.5261363387,"9":0.5170454383,"10":0.4795454443,"11":0.4806818068,"12":0.5056818128,"13":0.5022727251,"14":0.5170454383,"15":0.4772727191,"16":0.5261363387,"17":0.5147727132},"auc":{"0":0.5044174194,"1":0.5246859789,"2":0.5144638419,"3":0.5179797411,"4":0.5503484607,"5":0.5032988787,"6":0.5058460236,"7":0.4894239604,"8":0.5227846503,"9":0.5174450278,"10":0.4801551104,"11":0.4736270905,"12":0.5251561403,"13":0.5033298731,"14":0.5427897573,"15":0.4738001823,"16":0.5333271027,"17":0.5212037563},"val_loss":{"0":0.7500206828,"1":0.7568976879,"2":0.7302921414,"3":0.7043678761,"4":0.7010174394,"5":0.6954399943,"6":0.6872615218,"7":0.6842070222,"8":0.6810975671,"9":0.6821746826,"10":0.6794509888,"11":0.6783616543,"12":0.6785548329,"13":0.675250411,"14":0.6748809218,"15":0.677703917,"16":0.6756076217,"17":0.6761152148},"val_acc":{"0":0.4454545379,"1":0.4363636374,"2":0.4590909183,"3":0.4863636494,"4":0.4499999881,"5":0.4818181694,"6":0.5772727132,"7":0.6000000238,"8":0.5454545617,"9":0.6000000238,"10":0.6000000238,"11":0.5954545736,"12":0.6090909243,"13":0.6181818247,"14":0.6272727251,"15":0.6181818247,"16":0.6181818247,"17":0.6136363745},"val_auc":{"0":0.4992781878,"1":0.5992696285,"2":0.5247961879,"3":0.4867527187,"4":0.5071331263,"5":0.5744310617,"6":0.570779562,"7":0.581564188,"8":0.5596552491,"9":0.617739439,"10":0.630859375,"11":0.6305197477,"12":0.6218580008,"13":0.6581181884,"14":0.6647418737,"15":0.6334493756,"16":0.6722571254,"17":0.6599864364}}