{"loss":{"0":2.1316208839,"1":1.904705286,"2":1.8002380133,"3":1.6547691822,"4":1.4859074354,"5":1.4973522425,"6":1.3642312288,"7":1.3093142509,"8":1.2733085155,"9":1.2386598587,"10":1.2104543447},"acc":{"0":0.4965909123,"1":0.5034090877,"2":0.5159090757,"3":0.5227272511,"4":0.5204545259,"5":0.5159090757,"6":0.5022727251,"7":0.5011363626,"8":0.5068181753,"9":0.4829545319,"10":0.4818181694},"auc":{"0":0.5084118843,"1":0.4968413413,"2":0.5086469054,"3":0.5214699507,"4":0.515124321,"5":0.5058782101,"6":0.5105141401,"7":0.4970867038,"8":0.515511632,"9":0.4917792678,"10":0.4883623719},"val_loss":{"0":0.7022200823,"1":0.6928129196,"2":0.6817263365,"3":0.6820514202,"4":0.6813126802,"5":0.6779841781,"6":0.6690632701,"7":0.6648349166,"8":0.6690963507,"9":0.6683346033,"10":0.6662185192},"val_acc":{"0":0.4545454681,"1":0.5318182111,"2":0.5818181634,"3":0.5954545736,"4":0.6045454741,"5":0.5681818128,"6":0.6000000238,"7":0.5863636136,"8":0.5772727132,"9":0.6181818247,"10":0.6090909243},"val_auc":{"0":0.5143578649,"1":0.5343015194,"2":0.5891261101,"3":0.5894571543,"4":0.5947533846,"5":0.6095250249,"6":0.6402680874,"7":0.6553293467,"8":0.646723032,"9":0.655825913,"10":0.6690251827}}