{"loss":{"0":1.9517176151,"1":1.6477408409,"2":1.6462811232,"3":1.5111982822},"acc":{"0":0.4886363745,"1":0.5386363864,"2":0.5034090877,"3":0.5136363506},"auc":{"0":0.4808328748,"1":0.534509182,"2":0.506531179,"3":0.5200510621},"val_loss":{"0":0.6757565737,"1":0.6789842248,"2":0.7065945864,"3":0.6838644147},"val_acc":{"0":0.5500000119,"1":0.5409091115,"2":0.4636363685,"3":0.5454545617},"val_auc":{"0":0.6608918905,"1":0.6577006578,"2":0.5150862336,"3":0.6362317801}}