{"loss":{"0":2.1015706062,"1":1.8224341869,"2":1.7272386551,"3":1.673414588,"4":1.469832778,"5":1.5157337189,"6":1.4831973314,"7":1.3542877436,"8":1.3364697695,"9":1.2147753239,"10":1.2208491564,"11":1.2120184898,"12":1.1193677187,"13":1.0001763105,"14":0.974975884,"15":1.0378607512,"16":1.0380759239,"17":0.9603199959,"18":0.9612397552,"19":1.0216348171,"20":0.9474204779,"21":0.9677030444,"22":0.8919352889,"23":0.9280314445,"24":0.8898544312,"25":0.9065842628,"26":0.8789753318,"27":0.8705896735,"28":0.9253969789,"29":0.8257255554,"30":0.8421988487,"31":0.8388473392,"32":0.8461391926,"33":0.8226925731,"34":0.8296126723,"35":0.7749451399,"36":0.8153963685,"37":0.8054686785,"38":0.7798515558,"39":0.8048517108,"40":0.7595672607,"41":0.7666503191,"42":0.7595357299,"43":0.7050349712,"44":0.7292514443,"45":0.7244172692,"46":0.7196925282,"47":0.6700881124,"48":0.6871618032,"49":0.681610465,"50":0.6916966438,"51":0.6639081836,"52":0.663574338,"53":0.6357379556,"54":0.6778172851,"55":0.6348070502,"56":0.6605842113,"57":0.6227878332,"58":0.6533516645},"acc":{"0":0.4909090996,"1":0.4875000119,"2":0.5113636255,"3":0.4761363566,"4":0.5295454264,"5":0.4931818247,"6":0.4818181694,"7":0.5079545379,"8":0.4738636315,"9":0.5022727251,"10":0.4829545319,"11":0.4670454562,"12":0.4920454621,"13":0.5386363864,"14":0.5238636136,"15":0.5227272511,"16":0.5079545379,"17":0.5238636136,"18":0.5249999762,"19":0.5238636136,"20":0.5318182111,"21":0.5022727251,"22":0.5397727489,"23":0.5363636613,"24":0.5261363387,"25":0.5284090638,"26":0.5420454741,"27":0.5715909004,"28":0.5443181992,"29":0.5602272749,"30":0.5534090996,"31":0.5590909123,"32":0.5647727251,"33":0.5477272868,"34":0.5613636374,"35":0.5965909362,"36":0.5795454383,"37":0.5625,"38":0.6011363864,"39":0.5693181753,"40":0.5772727132,"41":0.5920454264,"42":0.5965909362,"43":0.6204545498,"44":0.6102272868,"45":0.6090909243,"46":0.6113636494,"47":0.6454545259,"48":0.6318181753,"49":0.6488636136,"50":0.6204545498,"51":0.6431818008,"52":0.6409090757,"53":0.6579545736,"54":0.6181818247,"55":0.6431818008,"56":0.6488636136,"57":0.6499999762,"58":0.6670454741},"auc":{"0":0.4964411259,"1":0.501330018,"2":0.5001498461,"3":0.4875257611,"4":0.5252739191,"5":0.4999560416,"6":0.4744161665,"7":0.4937293231,"8":0.4747132063,"9":0.5062294006,"10":0.4980242848,"11":0.4707823694,"12":0.502939105,"13":0.5486598611,"14":0.5419294834,"15":0.5376112461,"16":0.5117536187,"17":0.5449562073,"18":0.5421257615,"19":0.5173270702,"20":0.5403488874,"21":0.5136002898,"22":0.5572471619,"23":0.5529251099,"24":0.5572161674,"25":0.5487192869,"26":0.5740473866,"27":0.5784224272,"28":0.533602953,"29":0.5866663456,"30":0.585426569,"31":0.5887143612,"32":0.583009243,"33":0.5876089334,"34":0.594525218,"35":0.6262506843,"36":0.6048766375,"37":0.5997732282,"38":0.632678926,"39":0.5931590796,"40":0.6183709502,"41":0.6185491085,"42":0.6268756986,"43":0.6665349007,"44":0.6566072702,"45":0.6550110579,"46":0.6621831656,"47":0.6946962476,"48":0.6869664192,"49":0.7009695768,"50":0.6841099262,"51":0.7057138681,"52":0.7096239924,"53":0.7228833437,"54":0.6903676987,"55":0.7229427695,"56":0.7101172805,"57":0.728420496,"58":0.7285393476},"val_loss":{"0":1.0479825735,"1":0.9750654101,"2":0.8875205517,"3":0.8452283144,"4":0.7969965339,"5":0.7616071701,"6":0.745554328,"7":0.7242406011,"8":0.7147080898,"9":0.7053516507,"10":0.7015178204,"11":0.6903982759,"12":0.6801709533,"13":0.6688073874,"14":0.6640591025,"15":0.6560587287,"16":0.6537182331,"17":0.6474533081,"18":0.6427095532,"19":0.6398820281,"20":0.6373898387,"21":0.6357376575,"22":0.6308473349,"23":0.6209732294,"24":0.6179189086,"25":0.615804553,"26":0.6182402372,"27":0.611676991,"28":0.6059041619,"29":0.6039007306,"30":0.6024475098,"31":0.6028636694,"32":0.6061355472,"33":0.6011576056,"34":0.5976737738,"35":0.5932133198,"36":0.5955209732,"37":0.5962359309,"38":0.5915296674,"39":0.5859307647,"40":0.5859732628,"41":0.5838347673,"42":0.584477067,"43":0.5843487978,"44":0.5775244832,"45":0.5867253542,"46":0.5752515793,"47":0.5714195371,"48":0.5696142912,"49":0.5736784339,"50":0.5659977794,"51":0.5638920665,"52":0.5647349954,"53":0.5606886744,"54":0.5656750202,"55":0.5562241673,"56":0.560567081,"57":0.5580023527,"58":0.5577749014},"val_acc":{"0":0.4954545498,"1":0.4954545498,"2":0.4954545498,"3":0.4954545498,"4":0.5090909004,"5":0.5045454502,"6":0.5090909004,"7":0.5136363506,"8":0.5090909004,"9":0.5227272511,"10":0.4954545498,"11":0.5181818008,"12":0.5227272511,"13":0.5954545736,"14":0.5909090638,"15":0.6227272749,"16":0.6136363745,"17":0.677272737,"18":0.6818181872,"19":0.6499999762,"20":0.6681818366,"21":0.7045454383,"22":0.7090908885,"23":0.7090908885,"24":0.7045454383,"25":0.7227272987,"26":0.7090908885,"27":0.7227272987,"28":0.7227272987,"29":0.6999999881,"30":0.7363636494,"31":0.6999999881,"32":0.6909090877,"33":0.6863636374,"34":0.6909090877,"35":0.7181817889,"36":0.6818181872,"37":0.677272737,"38":0.6818181872,"39":0.7272727489,"40":0.7363636494,"41":0.7090908885,"42":0.6954545379,"43":0.7090908885,"44":0.7181817889,"45":0.6818181872,"46":0.7318181992,"47":0.7363636494,"48":0.7454545498,"49":0.6909090877,"50":0.7227272987,"51":0.7318181992,"52":0.7181817889,"53":0.7272727489,"54":0.7181817889,"55":0.7363636494,"56":0.7272727489,"57":0.7318181992,"58":0.7318181992},"val_auc":{"0":0.4178031385,"1":0.4510703087,"2":0.451235652,"3":0.466691494,"4":0.4565666914,"5":0.447598964,"6":0.458963573,"7":0.4665674567,"8":0.4669806957,"9":0.5004132986,"10":0.4928092957,"11":0.5446730852,"12":0.588478446,"13":0.6366641521,"14":0.6688155532,"15":0.6902223825,"16":0.6991073489,"17":0.719935596,"18":0.7279527187,"19":0.7379535437,"20":0.7442764044,"21":0.7485328913,"22":0.7566328049,"23":0.765021801,"24":0.7661790848,"25":0.7706421614,"26":0.7710968256,"27":0.7740308642,"28":0.7813456059,"29":0.7785354257,"30":0.779568553,"31":0.7811802626,"32":0.7797338367,"33":0.7801884413,"34":0.7790726423,"35":0.7785767317,"36":0.7801471353,"37":0.7805191278,"38":0.7825026512,"39":0.7813041806,"40":0.780353725,"41":0.7802710533,"42":0.7805603743,"43":0.779568553,"44":0.7814695835,"45":0.7844036818,"46":0.7848582268,"47":0.7906025648,"48":0.7920076251,"49":0.7905198336,"50":0.7914702892,"51":0.794652462,"52":0.7924621701,"53":0.793908596,"54":0.7921729088,"55":0.7963467836,"56":0.7929581404,"57":0.7954375744,"58":0.7950657606}}