,precision,recall,f1-score,occurences
argument,0.7535211267605634,0.7588652482269503,0.7561837455830389,141.0
other,0.746268656716418,0.7407407407407407,0.7434944237918215,135.0
accuracy,0.75,0.75,0.75,0.75
macro avg,0.7498948917384907,0.7498029944838456,0.7498390846874302,276.0
weighted avg,0.7499737229346227,0.75,0.7499770120982043,276.0
