,loss,acc,auc,val_loss,val_acc,val_auc
0,1.9517176151275635,0.4886363744735718,0.48083287477493286,0.675756573677063,0.550000011920929,0.6608918905258179
1,1.6477408409118652,0.5386363863945007,0.5345091819763184,0.6789842247962952,0.5409091114997864,0.6577006578445435
2,1.646281123161316,0.5034090876579285,0.5065311789512634,0.7065945863723755,0.4636363685131073,0.5150862336158752
3,1.5111982822418213,0.5136363506317139,0.5200510621070862,0.683864414691925,0.5454545617103577,0.6362317800521851
