,loss,acc,auc,val_loss,val_acc,val_auc
0,1.9325579404830933,0.49204546213150024,0.48020464181900024,0.6819348335266113,0.5363636612892151,0.6676039695739746
1,1.6964532136917114,0.5204545259475708,0.5228198766708374,0.6865344047546387,0.5227272510528564,0.6494913697242737
2,1.596832275390625,0.4943181872367859,0.5039056539535522,0.6894879341125488,0.48636364936828613,0.6510627865791321
3,1.668229341506958,0.4943181872367859,0.4910067915916443,0.6929181218147278,0.4909090995788574,0.6348523497581482
