{"loss":{"0":62.8794174194,"1":54.804649353,"2":47.7271881104,"3":41.5094451904,"4":36.0284767151,"5":31.177072525,"6":26.9204559326,"7":23.1844024658,"8":19.9187107086,"9":17.0506305695,"10":14.5551633835,"11":12.389582634,"12":10.5093402863,"13":8.8947191238,"14":7.4866399765,"15":6.2949051857,"16":5.2424211502,"17":4.3886499405,"18":3.6394524574,"19":3.0229775906,"20":2.5113213062,"21":2.057404995,"22":1.7147836685,"23":1.4234018326,"24":1.2064152956,"25":1.0025216341,"26":0.8297082186,"27":0.7108549476,"28":0.6224856377,"29":0.5553413033,"30":0.4928452969,"31":0.433772862,"32":0.3897721767},"acc":{"0":0.5823863745,"1":0.6238636374,"2":0.6420454383,"3":0.6369318366,"4":0.6653409004,"5":0.7034090757,"6":0.7386363745,"7":0.7590909004,"8":0.7795454264,"9":0.7982954383,"10":0.8232954741,"11":0.8369318247,"12":0.8551136255,"13":0.8613636494,"14":0.8767045736,"15":0.8823863864,"16":0.9045454264,"17":0.8931818008,"18":0.9147727489,"19":0.9193181992,"20":0.916477263,"21":0.9346590638,"22":0.9295454621,"23":0.9284090996,"24":0.9227272868,"25":0.9340909123,"26":0.9499999881,"27":0.9494318366,"28":0.9471591115,"29":0.9414772987,"30":0.9511363506,"31":0.9602272511,"32":0.9653409123},"auc":{"0":0.6142576337,"1":0.6622850895,"2":0.6959290504,"3":0.7051209211,"4":0.7318078279,"5":0.7835857272,"6":0.8166077137,"7":0.8421952724,"8":0.8610141277,"9":0.8865765333,"10":0.9069524407,"11":0.9170398712,"12":0.9295481443,"13":0.9321759939,"14":0.944745183,"15":0.9486003518,"16":0.9637010098,"17":0.9629141092,"18":0.9713253975,"19":0.9729509354,"20":0.972771287,"21":0.9822753668,"22":0.9809129238,"23":0.9815187454,"24":0.9777172804,"25":0.983510375,"26":0.9889582396,"27":0.9899379015,"28":0.9876771569,"29":0.9875369072,"30":0.9883284569,"31":0.9922521114,"32":0.9939838052},"val_loss":{"0":58.6026115417,"1":51.1594467163,"2":44.6113166809,"3":38.8070068359,"4":33.7405281067,"5":29.2454624176,"6":25.2319259644,"7":21.6564235687,"8":18.6205482483,"9":15.9576349258,"10":13.7812519073,"11":11.882806778,"12":10.2060937881,"13":8.9102201462,"14":7.7332262993,"15":6.5581769943,"16":5.7743029594,"17":4.792134285,"18":4.293197155,"19":3.8786699772,"20":3.3722286224,"21":2.9166448116,"22":2.9554550648,"23":2.9691057205,"24":2.1019861698,"25":2.1061182022,"26":2.3254425526,"27":1.7017552853,"28":1.8131080866,"29":1.6486366987,"30":2.0221567154,"31":2.082159996,"32":1.8016836643},"val_acc":{"0":0.5895691514,"1":0.5215419531,"2":0.4671201706,"3":0.4761904776,"4":0.4648526013,"5":0.4784580469,"6":0.5215419531,"7":0.6213151813,"8":0.6439909339,"9":0.6961451173,"10":0.6507936716,"11":0.6077097654,"12":0.6009070277,"13":0.6031746268,"14":0.5895691514,"15":0.6190476418,"16":0.5827664137,"17":0.6167800426,"18":0.59410429,"19":0.5736961365,"20":0.5986394286,"21":0.6031746268,"22":0.5623582602,"23":0.519274354,"24":0.6145124435,"25":0.5895691514,"26":0.5646258593,"27":0.6349206567,"28":0.5827664137,"29":0.6077097654,"30":0.5691609979,"31":0.5646258593,"32":0.5759637356},"val_auc":{"0":0.6438508034,"1":0.6589707136,"2":0.6555808187,"3":0.6477470398,"4":0.670091033,"5":0.6580198407,"6":0.7053637505,"7":0.7386523485,"8":0.7272943258,"9":0.7465275526,"10":0.7407916784,"11":0.7330198288,"12":0.7337328792,"13":0.7370607853,"14":0.7311803102,"15":0.7285035849,"16":0.7178792953,"17":0.7298573852,"18":0.7047023773,"19":0.7055187225,"20":0.7166390419,"21":0.7212485075,"22":0.7107896805,"23":0.6899544597,"24":0.7201219201,"25":0.7155746222,"26":0.6963930726,"27":0.7067486048,"28":0.6926312447,"29":0.7083092332,"30":0.6866060495,"31":0.6686440706,"32":0.6920627952}}