{"loss":{"0":62.6362876892,"1":54.5529403687,"2":47.4749717712,"3":41.2823295593,"4":35.8131713867,"5":31.0154895782,"6":26.7877922058,"7":23.0732421875,"8":19.8033313751,"9":16.9612007141,"10":14.454662323,"11":12.300992012,"12":10.4160299301,"13":8.7800559998,"14":7.3761153221,"15":6.1793117523,"16":5.1375370026,"17":4.2673487663,"18":3.5389609337,"19":2.9162960052,"20":2.3907668591,"21":1.9648709297,"22":1.5972110033,"23":1.3066184521,"24":1.0721786022,"25":0.8809857965,"26":0.7238164544,"27":0.6099337935,"28":0.5217917562},"acc":{"0":0.5539772511,"1":0.5590909123,"2":0.6051136255,"3":0.6107954383,"4":0.6318181753,"5":0.6545454264,"6":0.6806818247,"7":0.6892045736,"8":0.7352272868,"9":0.7318181992,"10":0.7596591115,"11":0.7670454383,"12":0.7778409123,"13":0.8176136613,"14":0.8278409243,"15":0.8295454383,"16":0.8585227132,"17":0.8613636494,"18":0.8676136136,"19":0.8738636374,"20":0.8937500119,"21":0.8965908885,"22":0.9034090638,"23":0.9125000238,"24":0.9255681634,"25":0.927272737,"26":0.9340909123,"27":0.9352272749,"28":0.9318181872},"auc":{"0":0.6006582379,"1":0.6456632018,"2":0.6792185307,"3":0.6921935081,"4":0.7119339108,"5":0.7284295559,"6":0.7527120113,"7":0.7676990032,"8":0.8123763204,"9":0.8167536259,"10":0.8489451408,"11":0.8541791439,"12":0.8738096952,"13":0.8959703445,"14":0.9049654603,"15":0.9138985276,"16":0.9330169559,"17":0.9354110956,"18":0.9409506917,"19":0.9474414587,"20":0.9568784237,"21":0.9596412182,"22":0.9672982097,"23":0.9700485468,"24":0.9725781679,"25":0.975138545,"26":0.9785686731,"27":0.9785835743,"28":0.9785119295},"val_loss":{"0":58.266910553,"1":50.7873687744,"2":44.2187995911,"3":38.4247398376,"4":33.3521499634,"5":28.8515129089,"6":24.9223651886,"7":21.4648475647,"8":18.4347362518,"9":15.7908840179,"10":13.4867677689,"11":11.5420703888,"12":9.8093509674,"13":8.4861793518,"14":7.1504945755,"15":6.0233192444,"16":5.1384181976,"17":4.2956986427,"18":3.717086792,"19":3.2222263813,"20":2.8263499737,"21":2.4084486961,"22":2.2815437317,"23":1.8541815281,"24":1.8362787962,"25":1.4219418764,"26":1.5312132835,"27":1.4504812956,"28":1.4904732704},"val_acc":{"0":0.5873016119,"1":0.5986394286,"2":0.5510203838,"3":0.5623582602,"4":0.5668933988,"5":0.571428597,"6":0.5578231215,"7":0.5895691514,"8":0.5873016119,"9":0.59410429,"10":0.612244904,"11":0.5736961365,"12":0.6009070277,"13":0.5283446908,"14":0.5759637356,"15":0.6077097654,"16":0.612244904,"17":0.6213151813,"18":0.5895691514,"19":0.5986394286,"20":0.5895691514,"21":0.6031746268,"22":0.5918367505,"23":0.6145124435,"24":0.5827664137,"25":0.6485260725,"26":0.6145124435,"27":0.59410429,"28":0.5782312751},"val_auc":{"0":0.6261165142,"1":0.6144782305,"2":0.5887424946,"3":0.6031899452,"4":0.5601152182,"5":0.606297493,"6":0.5927042961,"7":0.6616278887,"8":0.6639740467,"9":0.6752829552,"10":0.6983021498,"11":0.6950401068,"12":0.7169891,"13":0.6928277016,"14":0.7292138338,"15":0.7109075785,"16":0.701708138,"17":0.7323420644,"18":0.7146120667,"19":0.7145606279,"20":0.7100946903,"21":0.7195513248,"22":0.7106915712,"23":0.7191500664,"24":0.7235541344,"25":0.7427968979,"26":0.7089627385,"27":0.7312615514,"28":0.7193867564}}