{"loss":{"0":63.741317749,"1":55.5854873657,"2":48.4383049011,"3":42.1405448914,"4":36.5985031128,"5":31.7061672211,"6":27.3901119232,"7":23.5971508026,"8":20.2891979218,"9":17.3642597198,"10":14.8292703629,"11":12.6086578369,"12":10.6734170914,"13":9.0325069427,"14":7.5801262856,"15":6.3382573128,"16":5.319082737,"17":4.4139370918,"18":3.6377084255,"19":3.0117199421,"20":2.4682104588,"21":2.0475537777,"22":1.6588459015,"23":1.3640859127,"24":1.124581337,"25":0.9272580743,"26":0.7576829791,"27":0.6426133513,"28":0.5404796004,"29":0.4438264966,"30":0.4033424854,"31":0.3572007716,"32":0.3305011094,"33":0.290640682,"34":0.2744798958},"acc":{"0":0.5642045736,"1":0.6170454621,"2":0.6357954741,"3":0.6602272987,"4":0.6750000119,"5":0.7028409243,"6":0.7335227132,"7":0.7613636255,"8":0.7647727132,"9":0.7926136255,"10":0.8017045259,"11":0.8170454502,"12":0.8329545259,"13":0.8340908885,"14":0.8505681753,"15":0.8653408885,"16":0.8585227132,"17":0.8767045736,"18":0.8937500119,"19":0.8937500119,"20":0.9022727013,"21":0.8914772868,"22":0.9159091115,"23":0.9181818366,"24":0.9147727489,"25":0.9261363745,"26":0.9363636374,"27":0.9284090996,"28":0.9312499762,"29":0.9448863864,"30":0.9392045736,"31":0.9380682111,"32":0.9420454502,"33":0.9426136613,"34":0.9494318366},"auc":{"0":0.6223250628,"1":0.6588280201,"2":0.6959748268,"3":0.7305956483,"4":0.7481090426,"5":0.7767941952,"6":0.8112425804,"7":0.8383567333,"8":0.8456593752,"9":0.8726044893,"10":0.8804383874,"11":0.8978821635,"12":0.9159561396,"13":0.9109559059,"14":0.9304407835,"15":0.9411292672,"16":0.9314776063,"17":0.9424619675,"18":0.9571338892,"19":0.9551212192,"20":0.9642330408,"21":0.9583121538,"22":0.9697362185,"23":0.971028924,"24":0.9713962078,"25":0.9734255075,"26":0.9803797007,"27":0.9788074493,"28":0.980480969,"29":0.9861365557,"30":0.9838890433,"31":0.9856994152,"32":0.9824315906,"33":0.988199532,"34":0.9877721071},"val_loss":{"0":59.4121322632,"1":51.8215675354,"2":45.1847572327,"3":39.3689460754,"4":34.185295105,"5":29.6961936951,"6":25.6079158783,"7":22.1453037262,"8":19.1077690125,"9":16.3817653656,"10":13.983379364,"11":12.0100870132,"12":10.2383403778,"13":8.6378145218,"14":7.3106369972,"15":6.1674966812,"16":5.2710814476,"17":4.5139517784,"18":3.8949503899,"19":3.3046061993,"20":2.8949918747,"21":2.3925352097,"22":2.24208498,"23":1.9309529066,"24":1.7184958458,"25":1.6456290483,"26":1.3398969173,"27":1.2882226706,"28":1.1926848888,"29":1.2478739023,"30":1.3727083206,"31":1.0322806835,"32":1.3003605604,"33":1.2519944906,"34":1.1806356907},"val_acc":{"0":0.5963718891,"1":0.5736961365,"2":0.5646258593,"3":0.5510203838,"4":0.5487528443,"5":0.5464852452,"6":0.5510203838,"7":0.555555582,"8":0.5487528443,"9":0.5600907207,"10":0.6099773049,"11":0.5736961365,"12":0.5963718891,"13":0.6167800426,"14":0.6145124435,"15":0.6575963497,"16":0.628117919,"17":0.6235827804,"18":0.6009070277,"19":0.6145124435,"20":0.6145124435,"21":0.6507936716,"22":0.6099773049,"23":0.6326530576,"24":0.612244904,"25":0.6190476418,"26":0.6485260725,"27":0.6485260725,"28":0.6485260725,"29":0.6598639488,"30":0.6349206567,"31":0.6780045629,"32":0.6258503199,"33":0.6326530576,"34":0.6439909339},"val_auc":{"0":0.6184183359,"1":0.638992548,"2":0.6435945034,"3":0.6427756548,"4":0.6476989985,"5":0.6700663567,"6":0.7166355252,"7":0.7317994237,"8":0.7431176901,"9":0.7415319085,"10":0.7435219288,"11":0.7361422181,"12":0.7297782302,"13":0.7433354855,"14":0.7475020885,"15":0.7441231012,"16":0.7475020289,"17":0.749471426,"18":0.7425787449,"19":0.7444341183,"20":0.7357276678,"21":0.7366086245,"22":0.7284203768,"23":0.733851552,"24":0.7201077938,"25":0.7178171873,"26":0.7272076607,"27":0.7315194607,"28":0.7256010771,"29":0.7260468006,"30":0.7240153551,"31":0.7268865108,"32":0.7159721851,"33":0.7139822245,"34":0.7216003537}}