{"loss":{"0":63.2988357544,"1":55.1784286499,"2":48.0767669678,"3":41.8435554504,"4":36.3217201233,"5":31.4592533112,"6":27.1751251221,"7":23.4060382843,"8":20.111831665,"9":17.2084999084,"10":14.6957645416,"11":12.4905128479,"12":10.5787057877,"13":8.925409317,"14":7.5097494125,"15":6.2852516174,"16":5.2441020012,"17":4.3535923958,"18":3.5864908695,"19":2.9680860043,"20":2.4223160744,"21":1.9860274792,"22":1.6296908855,"23":1.3228538036,"24":1.0807365179,"25":0.8895885944,"26":0.7464972138,"27":0.6033329368,"28":0.5057588816,"29":0.435819,"30":0.3620712757,"31":0.3211973608,"32":0.2881081104},"acc":{"0":0.5931817889,"1":0.6346591115,"2":0.6454545259,"3":0.6517045498,"4":0.6926136613,"5":0.7164772749,"6":0.7488636374,"7":0.7642045617,"8":0.7920454741,"9":0.8323863745,"10":0.8221591115,"11":0.853977263,"12":0.8625000119,"13":0.8676136136,"14":0.8772727251,"15":0.8892045617,"16":0.8982954621,"17":0.8977272511,"18":0.9153409004,"19":0.9102272987,"20":0.9215909243,"21":0.9278408885,"22":0.9284090996,"23":0.9335227013,"24":0.9363636374,"25":0.9397727251,"26":0.9375,"27":0.9437500238,"28":0.9517045617,"29":0.9426136613,"30":0.9613636136,"31":0.9517045617,"32":0.9607954621},"auc":{"0":0.6349623203,"1":0.6884229183,"2":0.7191935778,"3":0.7180784941,"4":0.7635377049,"5":0.7939745188,"6":0.8275777102,"7":0.8550980091,"8":0.87180686,"9":0.9024031162,"10":0.9065762758,"11":0.9250311852,"12":0.9372958541,"13":0.9462573528,"14":0.9477506876,"15":0.9555854201,"16":0.9573487043,"17":0.9627816081,"18":0.971044302,"19":0.9686694145,"20":0.9780661464,"21":0.9763803482,"22":0.9760303497,"23":0.981993854,"24":0.983120501,"25":0.981826067,"26":0.9803317785,"27":0.986330986,"28":0.9875544906,"29":0.9874492884,"30":0.9915860891,"31":0.9913241267,"32":0.9910140634},"val_loss":{"0":59.0071487427,"1":51.5281867981,"2":44.937084198,"3":39.1101531982,"4":34.0910415649,"5":29.6588001251,"6":25.7264652252,"7":22.4464969635,"8":19.247253418,"9":16.5849494934,"10":14.6426897049,"11":12.3429460526,"12":10.7124862671,"13":9.5123977661,"14":8.2673482895,"15":6.7107219696,"16":6.1251320839,"17":5.415915966,"18":5.2993865013,"19":4.0549097061,"20":4.1087608337,"21":3.8511650562,"22":2.8813154697,"23":2.8011343479,"24":2.7430663109,"25":2.6305859089,"26":2.5000109673,"27":2.6089115143,"28":2.1016981602,"29":1.9788274765,"30":1.9999577999,"31":2.3754107952,"32":2.3610639572},"val_acc":{"0":0.6167800426,"1":0.5170068145,"2":0.4739229083,"3":0.5034013391,"4":0.471655339,"5":0.471655339,"6":0.471655339,"7":0.4739229083,"8":0.4943310618,"9":0.4897959232,"10":0.4761904776,"11":0.5034013391,"12":0.4943310618,"13":0.4875283539,"14":0.4739229083,"15":0.555555582,"16":0.5170068145,"17":0.4897959232,"18":0.471655339,"19":0.519274354,"20":0.4965986311,"21":0.4693877697,"22":0.5396825671,"23":0.5306122303,"24":0.5102040768,"25":0.5056689382,"26":0.519274354,"27":0.5170068145,"28":0.5736961365,"29":0.5736961365,"30":0.6009070277,"31":0.537414968,"32":0.555555582},"val_auc":{"0":0.6717562675,"1":0.6738093495,"2":0.638577044,"3":0.6832597256,"4":0.6958360672,"5":0.7057507038,"6":0.6887173653,"7":0.6937932968,"8":0.7140970826,"9":0.7419631481,"10":0.734462738,"11":0.7372482419,"12":0.7440059185,"13":0.7303358912,"14":0.73848629,"15":0.7445836663,"16":0.727705121,"17":0.727612257,"18":0.7063490748,"19":0.7403640747,"20":0.7139422894,"21":0.7087632418,"22":0.7323373556,"23":0.7285614014,"24":0.7299851775,"25":0.7286026478,"26":0.7287160754,"27":0.7053894997,"28":0.7319557071,"29":0.7318319082,"30":0.7255384922,"31":0.713993907,"32":0.7102798223}}