{"loss":{"0":62.6935272217,"1":54.6214752197,"2":47.5773353577,"3":41.3708953857,"4":35.9087028503,"5":31.0857334137,"6":26.8561038971,"7":23.1372756958,"8":19.875421524,"9":16.9999713898,"10":14.487241745,"11":12.3461418152,"12":10.4475231171,"13":8.8245229721,"14":7.4124011993,"15":6.2117066383,"16":5.1869735718,"17":4.3089466095,"18":3.5577199459,"19":2.9276306629,"20":2.4340975285,"21":1.9887458086,"22":1.6173619032,"23":1.3247535229,"24":1.0992064476,"25":0.8901197314,"26":0.7439962626,"27":0.6235688925,"28":0.5197172761,"29":0.4513851106,"30":0.3946987391,"31":0.3341747224,"32":0.3160435557,"33":0.2725859284,"34":0.2672118545,"35":0.2423455864,"36":0.2553631067},"acc":{"0":0.6102272868,"1":0.6369318366,"2":0.6238636374,"3":0.6357954741,"4":0.65625,"5":0.6869317889,"6":0.7051136494,"7":0.7238636613,"8":0.7448863387,"9":0.7659090757,"10":0.7960227132,"11":0.7971590757,"12":0.8272727132,"13":0.8238636255,"14":0.8522727489,"15":0.8607954383,"16":0.8602272868,"17":0.8818181753,"18":0.9005681872,"19":0.8999999762,"20":0.8897727132,"21":0.9045454264,"22":0.9232954383,"23":0.9289772511,"24":0.9323863387,"25":0.9352272749,"26":0.9340909123,"27":0.9403409362,"28":0.9488636255,"29":0.9448863864,"30":0.9488636255,"31":0.9647727013,"32":0.9573863745,"33":0.96875,"34":0.9568181634,"35":0.9619318247,"36":0.9534090757},"auc":{"0":0.6343916655,"1":0.6847106218,"2":0.6832315922,"3":0.7004266977,"4":0.7161459923,"5":0.752726078,"6":0.7741282582,"7":0.7969105244,"8":0.8147137165,"9":0.8511709571,"10":0.8803752661,"11":0.8794854879,"12":0.9002958536,"13":0.9104084969,"14":0.9261808395,"15":0.9325821996,"16":0.9389324188,"17":0.9479099512,"18":0.958704412,"19":0.9663928747,"20":0.9581551552,"21":0.9683506489,"22":0.9775485396,"23":0.9790571332,"24":0.9762704372,"25":0.9840300083,"26":0.9828701019,"27":0.9841682911,"28":0.987845242,"29":0.9874500036,"30":0.9895273447,"31":0.9912602901,"32":0.9897230268,"33":0.9938299656,"34":0.9914715886,"35":0.9927405715,"36":0.9893038273},"val_loss":{"0":58.4400253296,"1":50.9660301208,"2":44.3915138245,"3":38.6210441589,"4":33.5076293945,"5":29.1030464172,"6":25.1133308411,"7":21.6948184967,"8":18.7385292053,"9":16.0997886658,"10":13.6043748856,"11":11.6523103714,"12":9.8536434174,"13":8.3582792282,"14":7.159178257,"15":6.0628590584,"16":5.1796355247,"17":4.3946843147,"18":3.7147886753,"19":3.1107828617,"20":2.783696413,"21":2.386125803,"22":2.0761303902,"23":1.9773820639,"24":1.6085128784,"25":1.4340075254,"26":1.1648470163,"27":1.0823354721,"28":1.0477095842,"29":1.0033533573,"30":0.9806876183,"31":0.9551826715,"32":0.9164437056,"33":0.8836017847,"34":0.8887432218,"35":0.9305464625,"36":0.8902821541},"val_acc":{"0":0.5918367505,"1":0.5782312751,"2":0.5215419531,"3":0.5124716759,"4":0.5215419531,"5":0.5124716759,"6":0.5170068145,"7":0.5102040768,"8":0.5124716759,"9":0.5124716759,"10":0.6258503199,"11":0.5759637356,"12":0.6621315479,"13":0.6802721024,"14":0.6643990874,"15":0.6621315479,"16":0.6621315479,"17":0.6598639488,"18":0.6893423796,"19":0.6961451173,"20":0.6530612111,"21":0.6553288102,"22":0.6621315479,"23":0.6235827804,"24":0.6757369637,"25":0.6575963497,"26":0.6780045629,"27":0.6802721024,"28":0.6530612111,"29":0.6621315479,"30":0.6621315479,"31":0.6507936716,"32":0.6643990874,"33":0.6666666865,"34":0.6598639488,"35":0.6394557953,"36":0.6961451173},"val_auc":{"0":0.6342148781,"1":0.6488165855,"2":0.6445976496,"3":0.642313242,"4":0.6584791541,"5":0.6823935509,"6":0.702634275,"7":0.6778143644,"8":0.696305871,"9":0.712872982,"10":0.734780848,"11":0.7311277986,"12":0.7536324263,"13":0.7480860949,"14":0.7407594919,"15":0.7264046073,"16":0.7238320708,"17":0.709662497,"18":0.7126363516,"19":0.7349661589,"20":0.7077690959,"21":0.7154352665,"22":0.7155279517,"23":0.7188001871,"24":0.7140358686,"25":0.6972421408,"26":0.7161247134,"27":0.7222371101,"28":0.7122247219,"29":0.7173286676,"30":0.721609354,"31":0.6993414164,"32":0.7285552025,"33":0.7278863788,"34":0.7246038914,"35":0.7222834826,"36":0.7242436409}}