{"loss":{"0":54.1190834045,"1":53.9382019043,"2":53.7646789551,"3":53.5863265991,"4":53.4079399109,"5":53.235244751,"6":53.0522270203,"7":52.8083267212,"8":52.6884040833,"9":52.4321212769,"10":52.296661377,"11":52.121673584,"12":51.9642562866,"13":51.7883110046,"14":51.6223335266,"15":51.4585762024,"16":51.2427558899,"17":51.057926178,"18":50.9198188782,"19":50.7201347351,"20":50.5553588867,"21":50.3971557617,"22":50.2220840454,"23":50.0765724182,"24":49.8631515503,"25":49.6944084167,"26":49.5688018799,"27":49.3792228699,"28":49.2232284546,"29":49.0598068237,"30":48.9183654785,"31":48.7174682617,"32":48.5358543396,"33":48.3770065308,"34":48.1978530884,"35":48.017414093,"36":47.9223823547,"37":47.7359466553,"38":47.5931968689,"39":47.4205780029,"40":47.2400665283,"41":47.0852241516,"42":46.9689102173,"43":46.7615280151,"44":46.627204895,"45":46.449836731,"46":46.3368682861,"47":46.15102005,"48":45.9980239868,"49":45.8694992065,"50":45.7407798767,"51":45.5397720337,"52":45.3758964539,"53":45.2092628479,"54":45.0569229126,"55":44.9005699158,"56":44.7659072876,"57":44.6031799316,"58":44.4855613708,"59":44.3037147522,"60":44.1382865906,"61":44.0026512146,"62":43.8679466248,"63":43.7138061523,"64":43.5685310364,"65":43.4577445984,"66":43.2551841736,"67":43.1341781616,"68":42.998714447,"69":42.8290672302,"70":42.6795272827,"71":42.5308761597,"72":42.4353675842,"73":42.2320480347,"74":42.1350402832},"acc":{"0":0.5045454502,"1":0.5090909004,"2":0.5375000238,"3":0.5124999881,"4":0.5159090757,"5":0.5124999881,"6":0.5056818128,"7":0.5465909243,"8":0.5159090757,"9":0.5568181872,"10":0.552272737,"11":0.5204545259,"12":0.5431818366,"13":0.5397727489,"14":0.5363636613,"15":0.5249999762,"16":0.5579545498,"17":0.5488636494,"18":0.5340909362,"19":0.5295454264,"20":0.5420454741,"21":0.5568181872,"22":0.5477272868,"23":0.5204545259,"24":0.5511363745,"25":0.5681818128,"26":0.5465909243,"27":0.5488636494,"28":0.5340909362,"29":0.5568181872,"30":0.5454545617,"31":0.5454545617,"32":0.552272737,"33":0.5284090638,"34":0.5693181753,"35":0.5738636255,"36":0.5306817889,"37":0.5590909123,"38":0.5420454741,"39":0.5715909004,"40":0.572727263,"41":0.5647727251,"42":0.5295454264,"43":0.5556818247,"44":0.5579545498,"45":0.5375000238,"46":0.5477272868,"47":0.5500000119,"48":0.5625,"49":0.5306817889,"50":0.5284090638,"51":0.5613636374,"52":0.5511363745,"53":0.5625,"54":0.5579545498,"55":0.5647727251,"56":0.5579545498,"57":0.5568181872,"58":0.5556818247,"59":0.5568181872,"60":0.5693181753,"61":0.572727263,"62":0.5568181872,"63":0.5647727251,"64":0.5681818128,"65":0.5249999762,"66":0.5738636255,"67":0.552272737,"68":0.5409091115,"69":0.5568181872,"70":0.5840908885,"71":0.5511363745,"72":0.5352272987,"73":0.5511363745,"74":0.5375000238},"auc":{"0":0.5407775044,"1":0.5460777283,"2":0.5594497919,"3":0.5394937992,"4":0.5505902171,"5":0.5498644114,"6":0.5611830354,"7":0.6105669141,"8":0.5658969283,"9":0.6181583405,"10":0.5905773044,"11":0.5899676681,"12":0.5895466805,"13":0.6000128984,"14":0.5712643862,"15":0.5586774349,"16":0.6098334193,"17":0.6239674091,"18":0.6054888964,"19":0.5891463757,"20":0.5983184576,"21":0.601867497,"22":0.5977270007,"23":0.5785741806,"24":0.6241327524,"25":0.6267027855,"26":0.5891282558,"27":0.6058245897,"28":0.5941909552,"29":0.6089940071,"30":0.5874596238,"31":0.6044065952,"32":0.6144077778,"33":0.6004416943,"34":0.6322071552,"35":0.6398243904,"36":0.5927754641,"37":0.60999614,"38":0.5919126868,"39":0.6183235645,"40":0.6128064394,"41":0.6080538034,"42":0.6011313796,"43":0.6191501617,"44":0.6167222261,"45":0.6123052835,"46":0.5864858627,"47":0.6115045547,"48":0.610040009,"49":0.5913316011,"50":0.5798037052,"51":0.6036367416,"52":0.6019552946,"53":0.6133540273,"54":0.6186774969,"55":0.6305772066,"56":0.6158982515,"57":0.616781652,"58":0.6026785374,"59":0.6162055731,"60":0.6361823678,"61":0.6130440235,"62":0.6058297753,"63":0.6164922714,"64":0.6184011698,"65":0.581715107,"66":0.6204701066,"67":0.6066434383,"68":0.5876507759,"69":0.6168383956,"70":0.6232209802,"71":0.6068294048,"72":0.587469995,"73":0.6222833395,"74":0.5910215378},"val_loss":{"0":53.930606842,"1":53.7726287842,"2":53.6068458557,"3":53.4353141785,"4":53.2440109253,"5":53.0514907837,"6":52.8546485901,"7":52.6555671692,"8":52.4694900513,"9":52.2773132324,"10":52.0890007019,"11":51.9028778076,"12":51.7083358765,"13":51.5230522156,"14":51.3457679749,"15":51.1655769348,"16":50.9829292297,"17":50.8017082214,"18":50.6276245117,"19":50.4602127075,"20":50.2918243408,"21":50.1213912964,"22":49.9510192871,"23":49.7817382812,"24":49.6115226746,"25":49.4410629272,"26":49.2761459351,"27":49.1107788086,"28":48.9465255737,"29":48.7856216431,"30":48.6245765686,"31":48.4595298767,"32":48.2917137146,"33":48.1307029724,"34":47.9685020447,"35":47.8052253723,"36":47.6436386108,"37":47.48462677,"38":47.3250923157,"39":47.1615028381,"40":47.0015411377,"41":46.8418159485,"42":46.6842498779,"43":46.5250282288,"44":46.3669815063,"45":46.208896637,"46":46.0526161194,"47":45.8949394226,"48":45.7390594482,"49":45.5858039856,"50":45.4336738586,"51":45.2831687927,"52":45.1339263916,"53":44.9821052551,"54":44.8323020935,"55":44.6819343567,"56":44.5313491821,"57":44.3770561218,"58":44.2245864868,"59":44.0752410889,"60":43.9284172058,"61":43.779876709,"62":43.6338233948,"63":43.4881744385,"64":43.3434867859,"65":43.1987571716,"66":43.0520553589,"67":42.9042930603,"68":42.7652931213,"69":42.624710083,"70":42.4827003479,"71":42.3383789062,"72":42.1926879883,"73":42.0531616211,"74":41.9049949646},"val_acc":{"0":0.5090909004,"1":0.5090909004,"2":0.5090909004,"3":0.5090909004,"4":0.5090909004,"5":0.5090909004,"6":0.5090909004,"7":0.5090909004,"8":0.5090909004,"9":0.5090909004,"10":0.5090909004,"11":0.5090909004,"12":0.5090909004,"13":0.5090909004,"14":0.5090909004,"15":0.5090909004,"16":0.5181818008,"17":0.572727263,"18":0.572727263,"19":0.572727263,"20":0.5772727132,"21":0.5909090638,"22":0.5863636136,"23":0.5909090638,"24":0.5863636136,"25":0.6090909243,"26":0.6090909243,"27":0.6136363745,"28":0.6090909243,"29":0.5909090638,"30":0.5909090638,"31":0.5909090638,"32":0.5909090638,"33":0.5909090638,"34":0.5909090638,"35":0.6045454741,"36":0.6090909243,"37":0.6136363745,"38":0.6136363745,"39":0.6136363745,"40":0.6136363745,"41":0.6136363745,"42":0.6136363745,"43":0.6136363745,"44":0.6090909243,"45":0.6136363745,"46":0.6136363745,"47":0.6227272749,"48":0.6227272749,"49":0.6227272749,"50":0.6181818247,"51":0.6045454741,"52":0.6181818247,"53":0.6136363745,"54":0.6136363745,"55":0.6136363745,"56":0.6136363745,"57":0.6181818247,"58":0.6045454741,"59":0.6181818247,"60":0.6045454741,"61":0.6045454741,"62":0.6227272749,"63":0.6181818247,"64":0.6136363745,"65":0.6136363745,"66":0.6136363745,"67":0.6227272749,"68":0.6181818247,"69":0.6000000238,"70":0.6090909243,"71":0.6090909243,"72":0.6000000238,"73":0.6000000238,"74":0.6045454741},"val_auc":{"0":0.6502149105,"1":0.6591022015,"2":0.6632770896,"3":0.6638558507,"4":0.6661706567,"5":0.6685681343,"6":0.6686921716,"7":0.6697669029,"8":0.669518888,"9":0.6692708731,"10":0.6712549925,"11":0.6700974703,"12":0.6708416343,"13":0.6711310148,"14":0.671544373,"15":0.6715443134,"16":0.6714615822,"17":0.6721643806,"18":0.672949791,"19":0.6716682911,"20":0.6724950671,"21":0.6727843881,"22":0.6722056866,"23":0.6721230745,"24":0.6720817089,"25":0.6721229553,"26":0.6732390523,"27":0.6724123359,"28":0.6729910374,"29":0.6724950671,"30":0.672743082,"31":0.6731977463,"32":0.6743965149,"33":0.672991097,"34":0.6734458208,"35":0.6731977463,"36":0.6726189852,"37":0.6729496717,"38":0.6721643209,"39":0.673115015,"40":0.6736524105,"41":0.6739418507,"42":0.6738178134,"43":0.674975276,"44":0.6739830971,"45":0.675016582,"46":0.6745204926,"47":0.6753885746,"48":0.6751405001,"49":0.6761325598,"50":0.6759259701,"51":0.676504612,"52":0.6760912538,"53":0.6760499477,"54":0.676504612,"55":0.6779100895,"56":0.6770833731,"57":0.6791914701,"58":0.6772073507,"59":0.6780340672,"60":0.6784061193,"61":0.6776207685,"62":0.6775380373,