{"loss":{"0":32.2783851624,"1":30.3295402527,"2":28.5030403137,"3":26.784116745,"4":25.1583271027,"5":23.6185779572,"6":22.1547336578,"7":20.7743740082,"8":19.46043396,"9":18.2088317871,"10":17.0144557953,"11":15.9008741379,"12":14.8371133804,"13":13.8191413879,"14":12.8629779816,"15":11.954123497,"16":11.0942497253,"17":10.2781658173,"18":9.5098085403,"19":8.7906332016,"20":8.1028299332,"21":7.4619703293,"22":6.8619089127,"23":6.2989134789,"24":5.7654819489,"25":5.2810587883,"26":4.8168587685,"27":4.3963742256,"28":3.9979007244,"29":3.6363940239,"30":3.3085491657,"31":2.9900913239,"32":2.7048637867,"33":2.451990366,"34":2.2146213055,"35":2.0028953552,"36":1.8140499592,"37":1.6393216848,"38":1.4842755795,"39":1.3432856798,"40":1.2240917683,"41":1.1181067228,"42":1.0276012421,"43":0.9483547807,"44":0.873598516,"45":0.8150958419,"46":0.7653813958,"47":0.7285561562,"48":0.6885415912,"49":0.6620388627,"50":0.6409657598,"51":0.6257907748,"52":0.6063054204,"53":0.5983474255,"54":0.5961909294,"55":0.5829904675,"56":0.5762479305,"57":0.5794724226,"58":0.5751031637,"59":0.5694446564,"60":0.5718805194,"61":0.5693087578},"acc":{"0":0.5695174336,"1":0.6000108123,"2":0.6155554056,"3":0.6303417683,"4":0.6466988325,"5":0.6644640565,"6":0.676163137,"7":0.6825543046,"8":0.6934950948,"9":0.7054108381,"10":0.7111520171,"11":0.7165682912,"12":0.7188972831,"13":0.7204679847,"14":0.7245842814,"15":0.7249634266,"16":0.7258841991,"17":0.7318962216,"18":0.7316795588,"19":0.7283756733,"20":0.7334127426,"21":0.7347668409,"22":0.7344418764,"23":0.7380707264,"24":0.7407788634,"25":0.7370958328,"26":0.743216157,"27":0.7413746119,"28":0.7427287102,"29":0.7422412634,"30":0.7419704199,"31":0.7442452312,"32":0.7452201843,"33":0.7457618117,"34":0.7450035214,"35":0.7481991053,"36":0.7468991876,"37":0.7496073246,"38":0.7507988811,"39":0.7538319826,"40":0.7510697246,"41":0.75074476,"42":0.75074476,"43":0.7522071004,"44":0.7525320649,"45":0.7578941584,"46":0.7592481971,"47":0.7546985745,"48":0.7595732212,"49":0.7590857148,"50":0.758598268,"51":0.7576233745,"52":0.7602231503,"53":0.7619021535,"54":0.7587607503,"55":0.7643395066,"56":0.7608189583,"57":0.7619563341,"58":0.7645561099,"59":0.7652060986,"60":0.763635397,"61":0.7651519179},"auc":{"0":0.5538408756,"1":0.5713260174,"2":0.5744285583,"3":0.5737031698,"4":0.5770925283,"5":0.5812928081,"6":0.5874009132,"7":0.590051055,"8":0.5896685719,"9":0.5993196368,"10":0.6119379997,"11":0.5975567102,"12":0.6028593779,"13":0.6040802002,"14":0.6062492132,"15":0.6031485796,"16":0.6020926237,"17":0.6052143574,"18":0.6085414886,"19":0.6039454341,"20":0.6093853712,"21":0.6130917072,"22":0.6120785475,"23":0.6088860631,"24":0.6165828705,"25":0.6114928126,"26":0.6160923243,"27":0.6131484509,"28":0.6176152825,"29":0.6154816747,"30":0.6059654951,"31":0.6187849045,"32":0.6223070621,"33":0.6168327332,"34":0.6202911139,"35":0.6183373928,"36":0.6192489862,"37":0.620585084,"38":0.6204737425,"39":0.6281701922,"40":0.6270788312,"41":0.6267580986,"42":0.6232933402,"43":0.6246443987,"44":0.6306579113,"45":0.6274175644,"46":0.632288456,"47":0.6253758073,"48":0.6342945099,"49":0.6327961683,"50":0.6324847937,"51":0.6304047108,"52":0.638450861,"53":0.6351551414,"54":0.6275749207,"55":0.63971591,"56":0.6445058584,"57":0.6359112263,"58":0.6368316412,"59":0.6433058381,"60":0.639372468,"61":0.6418904066},"val_loss":{"0":31.2577724457,"1":29.4414768219,"2":27.6336803436,"3":25.9159908295,"4":24.303943634,"5":22.7937355042,"6":21.3712100983,"7":20.0258102417,"8":18.7481594086,"9":17.5339984894,"10":16.3779621124,"11":15.2809286118,"12":14.2412214279,"13":13.2554368973,"14":12.3233289719,"15":11.4378433228,"16":10.602686882,"17":9.813709259,"18":9.0678920746,"19":8.3662242889,"20":7.7103552818,"21":7.0897779465,"22":6.5064320564,"23":5.9622545242,"24":5.4546570778,"25":4.9815673828,"26":4.541554451,"27":4.1344714165,"28":3.7577066422,"29":3.4078156948,"30":3.0876057148,"31":2.7927918434,"32":2.5262310505,"33":2.2794468403,"34":2.0565450191,"35":1.8564376831,"36":1.6763507128,"37":1.5145838261,"38":1.3697890043,"39":1.2432341576,"40":1.1299123764,"41":1.0307465792,"42":0.9457520247,"43":0.8716344237,"44":0.808376193,"45":0.7551153898,"46":0.7137777805,"47":0.6764039397,"48":0.6482329369,"49":0.6258742213,"50":0.6068623662,"51":0.5914795399,"52":0.5771470666,"53":0.5714160204,"54":0.5640287995,"55":0.5600221753,"56":0.5600882769,"57":0.5567342043,"58":0.5531483293,"59":0.5579879284,"60":0.5549306273,"61":0.5540416837},"val_acc":{"0":0.4744367301,"1":0.344887346,"2":0.573656857,"3":0.6278163195,"4":0.6743934155,"5":0.7094887495,"6":0.7227036357,"7":0.7320190668,"8":0.7398180366,"9":0.7441507578,"10":0.7497833371,"11":0.7590987682,"12":0.7616984248,"13":0.7647313476,"14":0.7653812766,"15":0.7645147443,"16":0.7651646733,"17":0.7638648152,"18":0.7664644718,"19":0.7662478089,"20":0.7671144009,"21":0.7660312057,"22":0.7655979395,"23":0.7664644718,"24":0.7658145428,"25":0.7662478089,"26":0.7664644718,"27":0.7662478089,"28":0.7666811347,"29":0.7673310041,"30":0.7673310041,"31":0.7677642703,"32":0.7660312057,"33":0.767547667,"34":0.766897738,"35":0.7679809332,"36":0.7679809332,"37":0.7662478089,"38":0.766897738,"39":0.7671144009,"40":0.767547667,"41":0.7664644718,"42":0.7664644718,"43":0.7662478089,"44":0.7677642703,"45":0.766897738,"46":0.7664644718,"47":0.7662478089,"48":0.7666811347,"49":0.7666811347,"50":0.7673310041,"51":0.7664644718,"52":0.7658145428,"53":0.7651646733,"54":0.7664644718,"55":0.7660312057,"56":0.7660312057,"57":0.7647313476,"58":0.7664644718,"59":0.7655979395,"60":0.7664644718,"61":0.7666811347},"val_auc":{"0":0.6590883732,"1":0.6620571613,"2":0.6659830809,"3":0.6669720411,"4":0.6671183705,"5":0.6676620245,"6":0.6682380438,"7":0.6688886881,"8":0.6686474681,"9":0.6688537598,"10":0.6689183712,"11":0.669439137,"12":0.669526577,"13":0.6699057817,"14":0.6703358889,"15":0.6706129909,"16":0.6711949706,"17":0.6710125804,"18":0.671113193,"19":0.6722131968,"20":0.6718081832,"21":0.6720893383,"22":0.6726961136,"23":0.6726307869,"24":0.6728544235,"25":0.6729208231,"26":0.672934413,"27":0.6733276844,"28":0.6736572981,"29":0.6743613482,"30":0.6741463542,"31":0.6741560698,"32":0.6738684177,"33":0.674608767,"34":0.6750380397,"35":0.6742671728,"36":0.6746259928,"37":0.6741585135,"38":0.6734881401,"39":0.6732147932,"40":0.6760622859,"41":0.6767291427,"42":0.6759511232,"43":0.6768199205,"44":0.6766545773,"45":0.6775076389,"46":0.6769106388,"47":0.6772180796,"48":0.6768289804,"49":0.6772176623,"50":0.6772603393,"51":0.6783742905,"52":0.6800297499,"53":0.6797729731,"54":0.6784706116,"55":0.6785606742,"56":0.6785296202,"57":0.6781535149,"58":0.6777507067,"59":0.6784981489,"60":0.6776851416,"61":0.6769659519}}