{"loss":{"0":33.0397834778,"1":31.0614299774,"2":29.1881370544,"3":27.4304962158,"4":25.7666778564,"5":24.1881828308,"6":22.7093334198,"7":21.2884635925,"8":19.9477367401,"9":18.6730918884,"10":17.4646396637,"11":16.3129329681,"12":15.2267694473,"13":14.1927976608,"14":13.2089853287,"15":12.2826814651,"16":11.3956899643,"17":10.5682096481,"18":9.7787666321,"19":9.033244133,"20":8.3372383118,"21":7.6737351418,"22":7.0643315315,"23":6.4820823669,"24":5.9432220459,"25":5.4331541061,"26":4.9670147896,"27":4.5294275284,"28":4.1201190948,"29":3.7415773869,"30":3.3977372646,"31":3.0778019428,"32":2.7890973091,"33":2.52226758,"34":2.2800180912,"35":2.0541956425,"36":1.8538616896,"37":1.6727782488,"38":1.510176301,"39":1.3721144199,"40":1.2416279316,"41":1.1333310604,"42":1.0337597132,"43":0.9497566819,"44":0.8775272965,"45":0.8137065768,"46":0.7676640153,"47":0.7210338712,"48":0.6855587363,"49":0.6553320289,"50":0.6321259737,"51":0.6151633263,"52":0.6013191342,"53":0.5896034837,"54":0.5828377008,"55":0.5775568485,"56":0.5742357969,"57":0.5682058334,"58":0.5699452758,"59":0.5681272745,"60":0.5679187179,"61":0.5604051948,"62":0.5580599308,"63":0.557675302,"64":0.5637642741,"65":0.5579545498,"66":0.5562832355,"67":0.5577286482,"68":0.5587534308,"69":0.5541298985,"70":0.551997602,"71":0.5521464348,"72":0.5505403876,"73":0.5485102534,"74":0.5475589037,"75":0.5491449833,"76":0.5496578813,"77":0.5480615497,"78":0.5446797013,"79":0.5424110293,"80":0.5456991792,"81":0.5414337516,"82":0.5411791205,"83":0.5409636497},"acc":{"0":0.4837783575,"1":0.5200129747,"2":0.5515354872,"3":0.5788875222,"4":0.6048312783,"5":0.6279044747,"6":0.6371662021,"7":0.6573146582,"8":0.6722634435,"9":0.684612453,"10":0.6928992867,"11":0.7001570463,"12":0.7067648768,"13":0.7163516283,"14":0.7148892283,"15":0.7223094702,"16":0.7308671474,"17":0.7292422652,"18":0.7337377667,"19":0.7401830554,"20":0.7380165458,"21":0.7414829731,"22":0.7433786392,"23":0.7430536747,"24":0.7462492585,"25":0.7480908036,"26":0.7466284037,"27":0.7492281795,"28":0.7502031326,"29":0.7500947714,"30":0.7492281795,"31":0.7512863278,"32":0.752857089,"33":0.7513405085,"34":0.75437361,"35":0.7535070181,"36":0.7565942407,"37":0.7576233745,"38":0.7591940761,"39":0.7563776374,"40":0.7603856325,"41":0.7584357858,"42":0.7589232326,"43":0.7595190406,"44":0.7610897422,"45":0.7571358681,"46":0.7597357035,"47":0.7622812986,"48":0.7598981857,"49":0.7646644711,"50":0.761577189,"51":0.7619021535,"52":0.765801847,"53":0.7656393647,"54":0.7672642469,"55":0.7630395889,"56":0.7659643888,"57":0.7641770244,"58":0.7647186518,"59":0.7666143179,"60":0.7676433921,"61":0.7688891292,"62":0.7688349485,"63":0.767860055,"64":0.765747726,"65":0.7686183453,"66":0.7684016824,"67":0.7676975727,"68":0.7675892115,"69":0.7676975727,"70":0.7687808275,"71":0.7693224549,"72":0.769972384,"73":0.7706764936,"74":0.7698099017,"75":0.770622313,"76":0.7708931565,"77":0.7710014582,"78":0.7731137872,"79":0.7716513872,"80":0.7714347839,"81":0.7746303678,"82":0.7732762694,"83":0.7718680501},"auc":{"0":0.5581011772,"1":0.5672801137,"2":0.5793838501,"3":0.5783650875,"4":0.5790254474,"5":0.5880064964,"6":0.5747044086,"7":0.5809751749,"8":0.5867632627,"9":0.5849515796,"10":0.5861735344,"11":0.59372437,"12":0.5920379162,"13":0.5924302936,"14":0.5974060893,"15":0.5936973095,"16":0.6035349369,"17":0.6020278931,"18":0.6060079932,"19":0.6129781008,"20":0.6115128994,"21":0.6207674742,"22":0.6107721329,"23":0.6165083647,"24":0.6133201718,"25":0.6216174364,"26":0.6136060953,"27":0.6138142347,"28":0.6198359728,"29":0.6239736676,"30":0.6202398539,"31":0.6205196381,"32":0.6138414145,"33":0.6168141365,"34":0.613709569,"35":0.6226149797,"36":0.6226862669,"37":0.6251081228,"38":0.6273981333,"39":0.6222751141,"40":0.6278393269,"41":0.6240881681,"42":0.6282691956,"43":0.628177762,"44":0.6294652224,"45":0.6361843348,"46":0.6255119443,"47":0.6308242679,"48":0.6328119636,"49":0.6361638904,"50":0.6371084452,"51":0.6353807449,"52":0.6388600469,"53":0.6403356791,"54":0.6380661726,"55":0.6377375126,"56":0.6368842125,"57":0.642914176,"58":0.6342644691,"59":0.6348884106,"60":0.6341038942,"61":0.6455789804,"62":0.6480734348,"63":0.6498115659,"64":0.6371986866,"65":0.6441835761,"66":0.6468778849,"67":0.6401038766,"68":0.6363328695,"69":0.644962132,"70":0.6456533074,"71":0.6460412741,"72":0.6496573091,"73":0.6498845816,"74":0.6498706341,"75":0.6472488046,"76":0.6434463263,"77":0.6466089487,"78":0.6506453753,"79":0.6555837393,"80":0.6485781074,"81":0.6543351412,"82":0.6543046832,"83":0.6532428265},"val_loss":{"0":31.9847068787,"1":30.0874843597,"2":28.2497425079,"3":26.5254707336,"4":24.8771400452,"5":23.3225955963,"6":21.8743000031,"7":20.491985321,"8":19.2010059357,"9":17.9551639557,"10":16.7819252014,"11":15.6669130325,"12":14.6089057922,"13":13.6031103134,"14":12.6512012482,"15":11.749622345,"16":10.8969612122,"17":10.0898771286,"18":9.3285188675,"19":8.6112995148,"20":7.9347691536,"21":7.2992825508,"22":6.7032675743,"23":6.145878315,"24":5.6228256226,"25":5.1363940239,"26":4.6838107109,"27":4.2629470825,"28":3.8728301525,"29":3.5126433372,"30":3.1812210083,"31":2.8771929741,"32":2.5983924866,"33":2.3453905582,"34":2.1132597923,"35":1.9041182995,"36":1.7157845497,"37":1.5466024876,"38":1.3956904411,"39":1.2616013288,"40":1.1441679001,"41":1.0414316654,"42":0.9515658021,"43":0.8746348023,"44":0.8090946078,"45":0.7542564273,"46":0.7066252232,"47":0.6692038774,"48":0.6376622915,"49":0.6128983498,"50":0.592659235,"51":0.5770816803,"52":0.5664822459,"53":0.55957371,"54":0.5519638658,"55":0.5469989181,"56":0.5488442779,"57":0.5453434587,"58":0.5416586995,"59":0.540527761,"60":0.5392884016,"61":0.5433710814,"62":0.5397471786,"63":0.5370340943,"64":0.5370631814,"65":0.536498487,"66":0.5358456373,"67":0.5353355408,"68":0.5358371139,"69":0.5352711678,"70":0.5348904729,"71":0.5360221267,"72":0.5387701392,"73":0.5329679847,"74":0.533110857,"75":0.5317599773,"76":0.5327413082,"77":0.5308329463,"78":0.5315480232,"79":0.5356733799,"80":0.5262936354,"81":0.5310156345,"82":0.5311422348,"83":0.5265744925},"val_acc":{"0":0.2768630981,"1":0.4044627249,"2":0.5751733184,"3":0.6438474655,"4":0.7120884061,"5":0.7422010303,"6":0.75,"7":0.758882165,"8":0.7584488988,"9":0.7662478089,"10":0.7692807913,"11":0.7705805898,"12":0.772313714,"13":0.771663785,"14":0.7736135125,"15":0.7733969092,"16":0.7731802464,"17":0.7733969092,"18":0.7742634416,"19":0.7755632401,"20":0.7740467787,"21":0.7744800448,"22":0.7729635835,"23":0.7757799029,"24":0.7736135125,"25":0.7762131691,"26":0.7759965062,"27":0.7766464353,"28":0.7749133706,"29":0.7766464353,"30":0.7749133706,"31":0.7755632401,"32":0.7751299739,"33":0.7744800448,"34":0.776429832,"35":0.7753466368,"36":0.7749133706,"37":0.7746967077,"38":0.7753466368,"39":0.7751299739,"40":0.7751299739,"41":0.7749133706,"42":0.7744800448,"43":0.7744800448,"44":0.7746967077,"45":0.7749133706,"46":0.7755632401,"47":0.7742634416,"48":0.7755632401,"49":0.7762131691,"50":0.7749133706,"51":0.7751299739,"52":0.7744800448,"53":0.7753466368,"54":0.7749133706,"55":0.7772963643,"56":0.7736135125,"57":0.7753466368,"58":0.7753466368,"59":0.7751299739,"60":0.7753466368,"61":0.7742634416,"62":0.7740467787,"63":0.7742634416,"64":0.7731802464,"65":0.7738301754,"66":0.7738301754,"67":0.7733969092,"68":0.7729635835,"69":0.7736135125,"70":0.7753466368,"71":0.7727469802,"72":0.7725303173,"73":0.7738301754,"74":0.7742634416,"75":0.7733969092,"76":0.7733969092,"77":0.7729635835,"78":0.7718803883,"79":0.7714471221,"80":0.7775130272,"81":0.771663785,"82":0.7762131691,"83":0.7757799029},"val_auc":{"0":0.6703416109,"1":0.6710730791,"2":0.6644710302,"3":0.6740362644,"4":0.6744248867,"5":0.6756198406,"6":0.6749389172,"7":0.6752769351,"8":0.6759822369,"9":0.6759594679,"10":0.6760353446,"11":0.6761245131,"12":0.676615715,"13":0.6767618656,"14":0.6770465374,"15":0.6769743562,"16":0.6771786213,"17":0.6775290966,"18":0.6776701808,"19":0.678134203,"20":0.6781312227,"21":0.6783897877,"22":0.6782445312,"23":0.6788207293,