,precision_mean,precision_std,precision_sem,recall_mean,recall_std,recall_sem,f1-score_mean,f1-score_std,f1-score_sem,occurences_mean,occurences_std,occurences_sem
argument,0.7824175904218496,0.007724469963792365,0.0034544879858390133,0.9768530319416524,0.0040648379123138225,0.0018178507778904072,0.8688590922990732,0.003481744618710549,0.0015570835295461746,4393.8,34.82384240717847,15.573695772038192
other,0.6440531366894466,0.027886280397735268,0.012471123721791186,0.13281469671054041,0.013938199408528444,0.006233352272283392,0.21973179902126358,0.017979301668503284,0.008040588143749746,1376.2,34.82384240717844,15.57369577203818
accuracy,0.7754592720970537,0.005811192903791464,0.0025988444726484216,0.7754592720970537,0.005811192903791464,0.0025988444726484216,0.7754592720970537,0.005811192903791464,0.0025988444726484216,0.7754592720970537,0.005811192903791464,0.0025988444726484216
macro avg,0.7132353635556481,0.011642547780928707,0.005206705653889183,0.5548338643260965,0.005223742653415874,0.0023361287340006036,0.5442954456601684,0.010645411134876347,0.004760772589203339,5770.0,0.0,0.0
weighted avg,0.7495475540559114,0.00539544497338713,0.002412916345870633,0.7754592720970537,0.005811192903791464,0.0025988444726484216,0.7139676935905899,0.010699184371598834,0.004784820711739672,5770.0,0.0,0.0
