,precision_mean,precision_std,precision_sem,recall_mean,recall_std,recall_sem,f1-score_mean,f1-score_std,f1-score_sem,occurences_mean,occurences_std,occurences_sem
argument,0.6347114109083312,0.06884357070250265,0.030787780780921772,0.4337246003425136,0.36718347912360366,0.16420944390705053,0.4078445215342647,0.31629276674466406,0.14145042544651074,1362.4,20.25586334867018,9.058697478114608
other,0.587698831681089,0.0757097069141734,0.03385841024333551,0.7057076813840734,0.2598111881750465,0.1161910956148787,0.6106667304617971,0.060512244718319966,0.02706189853225321,1389.6,20.25586334867018,9.058697478114608
accuracy,0.5692587209302326,0.05538689517639495,0.024769772535414864,0.5692587209302326,0.05538689517639495,0.024769772535414864,0.5692587209302326,0.05538689517639495,0.024769772535414864,0.5692587209302326,0.05538689517639495,0.024769772535414864
macro avg,0.61120512129471,0.009115969809638708,0.004076785635037594,0.5697161408632935,0.05565293999292954,0.024888751394381424,0.509255625998031,0.13274783020158884,0.05936663443927045,2752.0,0.0,0.0
weighted avg,0.6114620047263081,0.009605175509819557,0.004295565075154545,0.5692587209302326,0.05538689517639495,0.024769772535414864,0.5091180470335535,0.13283240230673304,0.05940445623449099,2752.0,0.0,0.0
