{"loss":{"0":1.5485036373,"1":0.8899611235,"2":0.7322714925,"3":0.6510891318,"4":0.6112072468,"5":0.5801130533,"6":0.5574768186,"7":0.5458897352,"8":0.5275447369,"9":0.5130037665,"10":0.4953990877,"11":0.4767502546,"12":0.4647595882,"13":0.4546185732,"14":0.4385764897,"15":0.4320862889,"16":0.427953124,"17":0.4101005793,"18":0.3979903162,"19":0.3818568587,"20":0.3724616766,"21":0.3584029675},"acc":{"0":0.4983752072,"1":0.6011698246,"2":0.6628032923,"3":0.6944324374,"4":0.7127382755,"5":0.7284445167,"6":0.7449089885,"7":0.7530329227,"8":0.7597486973,"9":0.7710138559,"10":0.7832539082,"11":0.7944107652,"12":0.8014514446,"13":0.8068674207,"14":0.8179159164,"15":0.8210572004,"16":0.8273397088,"17":0.8304809332,"18":0.8380632401,"19":0.8486785293,"20":0.8513864875,"21":0.8571273685},"auc":{"0":0.5016328692,"1":0.5123647451,"2":0.5489156246,"3":0.5818362236,"4":0.5943123102,"5":0.6192748547,"6":0.6451771259,"7":0.659329772,"8":0.6893535256,"9":0.7121094465,"10":0.7341979146,"11":0.7575269341,"12":0.7729001641,"13":0.7875398993,"14":0.8028882742,"15":0.8098572493,"16":0.8159080148,"17":0.8317213655,"18":0.841855526,"19":0.8546893597,"20":0.865988493,"21":0.8766593933},"val_loss":{"0":0.521317184,"1":0.5138213634,"2":0.4918495715,"3":0.4833818376,"4":0.4792310596,"5":0.4699010551,"6":0.4608220458,"7":0.44638744,"8":0.4250617623,"9":0.4208225608,"10":0.4046034515,"11":0.395798564,"12":0.3906140625,"13":0.3860253096,"14":0.3829149902,"15":0.3793652654,"16":0.3808372915,"17":0.3747402132,"18":0.3739486635,"19":0.375810951,"20":0.3758520186,"21":0.3779018521},"val_acc":{"0":0.7634315491,"1":0.7638648152,"2":0.7638648152,"3":0.7647313476,"4":0.7660312057,"5":0.7876949906,"6":0.797227025,"7":0.8058925271,"8":0.8145580292,"9":0.8171576858,"10":0.8232235909,"11":0.8275563121,"12":0.8318890929,"13":0.8331888914,"14":0.8392547369,"15":0.8414211273,"16":0.8448873758,"17":0.8422877192,"18":0.845320642,"19":0.8440207839,"20":0.8427209854,"21":0.8474869728},"val_auc":{"0":0.6829330921,"1":0.7417430878,"2":0.7612227201,"3":0.7718535066,"4":0.7860758305,"5":0.7917525768,"6":0.8031566143,"7":0.8121675849,"8":0.8199602365,"9":0.827422142,"10":0.8322457075,"11":0.83763659,"12":0.8419487476,"13":0.8453569412,"14":0.846617341,"15":0.8478404284,"16":0.8504511118,"17":0.851300478,"18":0.853014648,"19":0.8540171385,"20":0.852711916,"21":0.8525143862}}