{"loss":{"0":1.3349375725,"1":0.9040566683,"2":0.7663537264,"3":0.7197545171},"acc":{"0":0.5574089885,"1":0.6179592609,"2":0.6506716013,"3":0.6735268831},"auc":{"0":0.5215032101,"1":0.5212004781,"2":0.5237221718,"3":0.5252057314},"val_loss":{"0":0.5100395083,"1":0.525477469,"2":0.5259936452,"3":0.516962111},"val_acc":{"0":0.7651646733,"1":0.7647313476,"2":0.7647313476,"3":0.7647313476},"val_auc":{"0":0.690499723,"1":0.7160769105,"2":0.7348723412,"3":0.7336457968}}