{"loss":{"0":1.2625424862,"1":0.8486058712,"2":0.715077877,"3":0.6287620664,"4":0.5862649679,"5":0.5535308719,"6":0.5346676111,"7":0.5099642277,"8":0.5093779564,"9":0.4819613099,"10":0.4693072438,"11":0.4529943466,"12":0.4484113753,"13":0.429636538,"14":0.4179894924,"15":0.4138035774,"16":0.3957090974,"17":0.3846176863,"18":0.3701519668,"19":0.3519181609,"20":0.3351166248},"acc":{"0":0.582539022,"1":0.6322573423,"2":0.686850071,"3":0.7181542516,"4":0.7381932139,"5":0.7508665323,"6":0.7651646733,"7":0.773938477,"8":0.7750216722,"9":0.786070168,"10":0.7943024039,"11":0.8096836805,"12":0.8092504144,"13":0.8180242777,"14":0.8280979395,"15":0.8289644718,"16":0.8396880627,"17":0.8446707129,"18":0.8475953341,"19":0.8556109071,"20":0.8625433445},"auc":{"0":0.4960134029,"1":0.5071949959,"2":0.529240191,"3":0.5870310068,"4":0.6002590656,"5":0.6275157928,"6":0.6515907049,"7":0.6843603253,"8":0.695310235,"9":0.7316709757,"10":0.7475507259,"11":0.7675026655,"12":0.7734553814,"13":0.7977952957,"14":0.8104381561,"15":0.8134341836,"16":0.8317172527,"17":0.8445624113,"18":0.8573036194,"19":0.8736959696,"20":0.8861355782},"val_loss":{"0":0.5510918498,"1":0.5101744533,"2":0.4858045578,"3":0.4731430113,"4":0.4720495939,"5":0.4557991624,"6":0.4557428956,"7":0.432115823,"8":0.4242630899,"9":0.4234452546,"10":0.4028868079,"11":0.3973720074,"12":0.392426312,"13":0.3874475956,"14":0.3838904202,"15":0.3846744001,"16":0.3892019391,"17":0.3820925057,"18":0.3830863237,"19":0.3911368251,"20":0.4177199304},"val_acc":{"0":0.7655979395,"1":0.7686308622,"2":0.7803292871,"3":0.7759965062,"4":0.7863951325,"5":0.7989601493,"6":0.8128249645,"7":0.8145580292,"8":0.8245233893,"9":0.8349220157,"10":0.8314558268,"11":0.8366551399,"12":0.8349220157,"13":0.8353552818,"14":0.835788548,"15":0.8401213288,"16":0.8383882046,"17":0.8383882046,"18":0.8370884061,"19":0.8353552818,"20":0.835788548},"val_auc":{"0":0.4706432819,"1":0.7140066028,"2":0.7608869076,"3":0.7772146463,"4":0.7842035294,"5":0.7980060577,"6":0.8052371144,"7":0.816770196,"8":0.819899559,"9":0.8252963424,"10":0.8338401318,"11":0.837895751,"12":0.8404744864,"13":0.8419373631,"14":0.8437074423,"15":0.8458099365,"16":0.8462278843,"17":0.845726192,"18":0.8437879086,"19":0.8436979055,"20":0.8380606174}}