,loss,acc,auc,val_loss,val_acc,val_auc
0,1.334937572479248,0.5574089884757996,0.521503210067749,0.5100395083427429,0.7651646733283997,0.6904997229576111
1,0.9040566682815552,0.6179592609405518,0.5212004780769348,0.5254774689674377,0.7647313475608826,0.7160769104957581
2,0.7663537263870239,0.6506716012954712,0.5237221717834473,0.5259936451911926,0.7647313475608826,0.7348723411560059
3,0.7197545170783997,0.6735268831253052,0.5252057313919067,0.5169621109962463,0.7647313475608826,0.7336457967758179
