{"loss":{"0":1.4219329357,"1":0.9434580803,"2":0.7634137869,"3":0.7098306417,"4":0.6773717999,"5":0.63167274,"6":0.5970895886,"7":0.5684733987,"8":0.5374105573,"9":0.5138111711,"10":0.4915176928,"11":0.4701205492,"12":0.4670589864,"13":0.4496346116,"14":0.4366458952,"15":0.4265054464,"16":0.4115679264,"17":0.3985032737,"18":0.3921945095,"19":0.3728128374},"acc":{"0":0.5548093319,"1":0.5943457484,"2":0.6539211273,"3":0.6774263382,"4":0.6972486973,"5":0.7195624113,"6":0.7273613811,"7":0.7449089885,"8":0.7634315491,"9":0.7712305188,"10":0.7831456065,"11":0.797227025,"12":0.8011265397,"13":0.8109835386,"14":0.8097920418,"15":0.8194324374,"16":0.8306975961,"17":0.8334055543,"18":0.8395797014,"19":0.846945405},"auc":{"0":0.5125452876,"1":0.4882361889,"2":0.5173749924,"3":0.5311465263,"4":0.5406851768,"5":0.5708597898,"6":0.6005139351,"7":0.6390331984,"8":0.6765550375,"9":0.70875144,"10":0.7372794151,"11":0.7615964413,"12":0.7722270489,"13":0.7874267697,"14":0.8037755489,"15":0.8138785958,"16":0.8286927342,"17":0.8390301466,"18":0.8463571072,"19":0.8599309921},"val_loss":{"0":0.5672339797,"1":0.5495670438,"2":0.5383089185,"3":0.531557858,"4":0.5192133784,"5":0.5005828142,"6":0.4836717248,"7":0.4680251479,"8":0.4498074651,"9":0.425627321,"10":0.4150734544,"11":0.4100311697,"12":0.404699415,"13":0.409638375,"14":0.3995707631,"15":0.3986873627,"16":0.3980430663,"17":0.3992753625,"18":0.4015398324,"19":0.4054555595},"val_acc":{"0":0.7538994551,"1":0.7538994551,"2":0.7538994551,"3":0.7538994551,"4":0.7538994551,"5":0.7538994551,"6":0.7642980814,"7":0.7868283987,"8":0.8032928705,"9":0.8128249645,"10":0.8210572004,"11":0.823656857,"12":0.8318890929,"13":0.8318890929,"14":0.8323223591,"15":0.8336221576,"16":0.8353552818,"17":0.8331888914,"18":0.835788548,"19":0.8301559687},"val_auc":{"0":0.4436113834,"1":0.5998669863,"2":0.7235591412,"3":0.7638457417,"4":0.7783187628,"5":0.7891573906,"6":0.8012238145,"7":0.8128445148,"8":0.8216528893,"9":0.8275426626,"10":0.8327986002,"11":0.8348302841,"12":0.8351233006,"13":0.8373897672,"14":0.8385137916,"15":0.8399112225,"16":0.8404676914,"17":0.8395782709,"18":0.839143157,"19":0.8373593688}}