{"loss":{"0":1.6377025843,"1":0.9210564494,"2":0.7748166323,"3":0.7056722641,"4":0.6642685533,"5":0.6167504787,"6":0.5751997232,"7":0.5504996777,"8":0.5246114731,"9":0.5117039084,"10":0.4927295148,"11":0.4720915556,"12":0.4586740732,"13":0.456605047,"14":0.442897439,"15":0.4301442504,"16":0.4180511534,"17":0.4117112458,"18":0.4006653726,"19":0.3866111934,"20":0.3714314699,"21":0.3606429994,"22":0.3372643888,"23":0.3345328569},"acc":{"0":0.4825606644,"1":0.5897963643,"2":0.6465554833,"3":0.6838171482,"4":0.6964904666,"5":0.7175043225,"6":0.7391681075,"7":0.7587738037,"8":0.767547667,"9":0.7765381336,"10":0.7880199552,"11":0.8001516461,"12":0.8071923852,"13":0.8104419708,"14":0.8150996566,"15":0.8234401941,"16":0.8275563121,"17":0.8321056962,"18":0.8363301754,"19":0.841204524,"20":0.8504115939,"21":0.8565858006,"22":0.8647097349,"23":0.8650346398},"auc":{"0":0.506475091,"1":0.5061156154,"2":0.5134040117,"3":0.538115859,"4":0.553710103,"5":0.5898190737,"6":0.6228767037,"7":0.6530895233,"8":0.6876859665,"9":0.7068641186,"10":0.7322071791,"11":0.7579756379,"12":0.7720674872,"13":0.7784729004,"14":0.7904113531,"15":0.8058156967,"16":0.8173465729,"17":0.8224076629,"18":0.8334514499,"19":0.8483697176,"20":0.8596268892,"21":0.8707169294,"22":0.8861755133,"23":0.8918047547},"val_loss":{"0":0.5777794719,"1":0.5456135869,"2":0.5420929193,"3":0.5166925192,"4":0.4913241267,"5":0.4800353646,"6":0.463005513,"7":0.4511565864,"8":0.4321232438,"9":0.425722748,"10":0.4157591164,"11":0.4106257558,"12":0.4074249566,"13":0.395552367,"14":0.398658812,"15":0.3926296234,"16":0.3920066357,"17":0.3911743164,"18":0.3915240169,"19":0.3913186789,"20":0.3902017474,"21":0.393296957,"22":0.398098886,"23":0.4100467265},"val_acc":{"0":0.7625650167,"1":0.7647313476,"2":0.7647313476,"3":0.7647313476,"4":0.7725303173,"5":0.7790294886,"6":0.7911611795,"7":0.8028596044,"8":0.8175910115,"9":0.8227902651,"10":0.8266897798,"11":0.8305892348,"12":0.8318890929,"13":0.8318890929,"14":0.8305892348,"15":0.8336221576,"16":0.8318890929,"17":0.8336221576,"18":0.8336221576,"19":0.8331888914,"20":0.8336221576,"21":0.8331888914,"22":0.8340554833,"23":0.8323223591},"val_auc":{"0":0.4299724698,"1":0.5580016375,"2":0.684117198,"3":0.7657755613,"4":0.7690701485,"5":0.7900490761,"6":0.7994391918,"7":0.810316205,"8":0.8141748309,"9":0.8197339773,"10":0.8257654905,"11":0.8295947909,"12":0.8320947886,"13":0.8349360228,"14":0.8359658718,"15":0.8375940919,"16":0.8374647498,"17":0.8393642306,"18":0.839687705,"19":0.8407994509,"20":0.8410310745,"21":0.8394854069,"22":0.8375022411,"23":0.8369721174}}