{"loss":{"0":56.4032745361,"1":39.7731361389,"2":27.7324256897,"3":19.0365657806,"4":12.8360099792,"5":8.460814476,"6":5.4594068527,"7":3.4790902138,"8":2.1915433407,"9":1.4013668299,"10":0.940274477,"11":0.6655867696,"12":0.5219914913,"13":0.4483112991,"14":0.4006164968,"15":0.3858952224,"16":0.3878658414},"acc":{"0":0.5997273922,"1":0.6256247163,"2":0.6449341178,"3":0.6712858081,"4":0.6894593239,"5":0.7385279536,"6":0.7664697766,"7":0.7805542946,"8":0.8009995222,"9":0.8132666945,"10":0.8216719627,"11":0.8362107873,"12":0.8439345956,"13":0.854611516,"14":0.8655156493,"15":0.8711948991,"16":0.8634711504},"auc":{"0":0.6375743151,"1":0.6720565557,"2":0.6954759359,"3":0.7301806211,"4":0.7571716309,"5":0.8074500561,"6":0.8451417685,"7":0.8594762683,"8":0.8804694414,"9":0.891148746,"10":0.8989303112,"11":0.9146577716,"12":0.9227539897,"13":0.9294056296,"14":0.9384330511,"15":0.9399534464,"16":0.9369044304},"val_loss":{"0":47.2301216125,"1":33.2379837036,"2":23.099855423,"3":15.862200737,"4":10.5344238281,"5":6.8888607025,"6":4.5558781624,"7":3.0031652451,"8":2.1645872593,"9":1.8659980297,"10":1.4829655886,"11":1.1848208904,"12":0.8460045457,"13":0.8025026321,"14":1.2405360937,"15":1.0287158489,"16":1.2324754},"val_acc":{"0":0.5367847681,"1":0.5049954653,"2":0.5122615695,"3":0.507720232,"4":0.57493186,"5":0.6739327908,"6":0.6412352324,"7":0.6666666865,"8":0.6049046516,"9":0.5222525001,"10":0.5467756391,"11":0.5994550586,"12":0.6857402325,"13":0.7029972672,"14":0.6103542447,"15":0.6339691281,"16":0.598546803},"val_auc":{"0":0.653829813,"1":0.666503787,"2":0.7138587832,"3":0.7368011475,"4":0.7582370639,"5":0.7444080114,"6":0.766408205,"7":0.7524849176,"8":0.7497310638,"9":0.7625733614,"10":0.7620668411,"11":0.7570490837,"12":0.7715315819,"13":0.7727724314,"14":0.7299386263,"15":0.768025279,"16":0.7585622072}}