{"loss":{"0":58.1229972839,"1":41.0843391418,"2":28.699798584,"3":19.7309837341,"4":13.3130435944,"5":8.8171844482,"6":5.7183508873,"7":3.652715683,"8":2.3199036121,"9":1.4931441545,"10":1.0115004778,"11":0.7170501947,"12":0.5667033792,"13":0.4889886081,"14":0.4377563,"15":0.4128620327,"16":0.3819452226},"acc":{"0":0.5981371999,"1":0.6156292558,"2":0.6531122327,"3":0.6912766695,"4":0.7235347629,"5":0.7489777207,"6":0.773966372,"7":0.7912312746,"8":0.8082689643,"9":0.8221263289,"10":0.8180372715,"11":0.8409813643,"12":0.8457519412,"13":0.848023653,"14":0.8702862263,"15":0.8689231873,"16":0.8820990324},"auc":{"0":0.6324498057,"1":0.6608628035,"2":0.70530653,"3":0.7517277002,"4":0.7963572145,"5":0.8190674782,"6":0.8442485332,"7":0.8667472601,"8":0.8840385675,"9":0.8945823312,"10":0.8983373642,"11":0.914200902,"12":0.9213301539,"13":0.9258875847,"14":0.9348887205,"15":0.9399202466,"16":0.9481506944},"val_loss":{"0":48.7514953613,"1":34.3682823181,"2":23.9397068024,"3":16.525554657,"4":11.2161474228,"5":7.425681591,"6":4.9368505478,"7":3.2112662792,"8":2.2812812328,"9":1.8224122524,"10":1.872959733,"11":1.5898947716,"12":1.2458380461,"13":0.9648150206,"14":1.1369166374,"15":1.0291628838,"16":1.1065285206},"val_acc":{"0":0.5122615695,"1":0.5031789541,"2":0.5022706389,"3":0.5049954653,"4":0.5222525001,"5":0.5522252321,"6":0.5976384878,"7":0.665758431,"8":0.6248864532,"9":0.6185286045,"10":0.5531334877,"11":0.5613079071,"12":0.6394187212,"13":0.6920980811,"14":0.6594005227,"15":0.6893733144,"16":0.6848319769},"val_auc":{"0":0.6551144719,"1":0.6680168509,"2":0.6994083524,"3":0.7168249488,"4":0.7363584042,"5":0.7364392877,"6":0.7493747473,"7":0.7469872236,"8":0.7440552711,"9":0.7266864777,"10":0.7236638069,"11":0.7415407896,"12":0.7407769561,"13":0.7559908628,"14":0.7382872105,"15":0.7592725754,"16":0.7576012015}}