{"loss":{"0":57.4162025452,"1":40.5461654663,"2":28.3018989563,"3":19.4459877014,"4":13.1161966324,"5":8.6598329544,"6":5.60912323,"7":3.5663919449,"8":2.2600736618,"9":1.4452462196,"10":0.9625992179,"11":0.6926878095,"12":0.5496532321,"13":0.4652538896,"14":0.4315884709,"15":0.4004456401,"16":0.3850519955,"17":0.3708409071,"18":0.3496030867},"acc":{"0":0.6101772189,"1":0.6199454665,"2":0.6410722136,"3":0.6612903476,"4":0.6978645921,"5":0.7230803967,"6":0.7394366264,"7":0.7728305459,"8":0.7755565643,"9":0.7985006571,"10":0.8009995222,"11":0.8169013858,"12":0.8250795007,"13":0.837346673,"14":0.8418900371,"15":0.8550658822,"16":0.8625624776,"17":0.8643798232,"18":0.8736937642},"auc":{"0":0.6494239569,"1":0.6750288606,"2":0.697706759,"3":0.730035305,"4":0.7587404251,"5":0.7957558632,"6":0.8154572248,"7":0.8418493271,"8":0.8539426923,"9":0.8695722818,"10":0.8827856779,"11":0.8925414085,"12":0.9014075994,"13":0.9134413004,"14":0.9156250954,"15":0.9254465103,"16":0.9296739101,"17":0.9330868721,"18":0.9424396753},"val_loss":{"0":48.1246070862,"1":33.934337616,"2":23.6957130432,"3":16.2437915802,"4":11.1585350037,"5":7.5239095688,"6":5.112197876,"7":3.5700969696,"8":2.4400210381,"9":1.8534626961,"10":1.4948580265,"11":1.4728884697,"12":1.3640531301,"13":1.1799957752,"14":1.4129351377,"15":1.0551537275,"16":1.6611207724,"17":1.4255245924,"18":1.1892328262},"val_acc":{"0":0.5049954653,"1":0.490463227,"2":0.490463227,"3":0.4895549417,"4":0.490463227,"5":0.4922797382,"6":0.4913714826,"7":0.4913714826,"8":0.5068119764,"9":0.5031789541,"10":0.5386012793,"11":0.5122615695,"12":0.5031789541,"13":0.5613079071,"14":0.5122615695,"15":0.5821980238,"16":0.507720232,"17":0.5277020931,"18":0.5685740113},"val_auc":{"0":0.659165144,"1":0.666587472,"2":0.6891958714,"3":0.7088896036,"4":0.7219085693,"5":0.7302518487,"6":0.7305753231,"7":0.7306249142,"8":0.7390588522,"9":0.7303410172,"10":0.7507756948,"11":0.7393460274,"12":0.7499587536,"13":0.7471727133,"14":0.7311002016,"15":0.7588697672,"16":0.6989998221,"17":0.7296329737,"18":0.7422856092}}