{"loss":{"0":57.1576080322,"1":40.37865448,"2":28.1940193176,"3":19.3829650879,"4":13.08335495,"5":8.6609535217,"6":5.632440567,"7":3.6041762829,"8":2.3027937412,"9":1.4931265116,"10":1.0235390663,"11":0.7503452301,"12":0.6110012531,"13":0.5499582887,"14":0.5024947524,"15":0.4806192815},"acc":{"0":0.5956383348,"1":0.6069968343,"2":0.633348465,"3":0.6610631347,"4":0.6896864772,"5":0.7237619162,"6":0.7378464341,"7":0.7587460279,"8":0.7728305459,"9":0.7848705053,"10":0.7889595628,"11":0.8023625612,"12":0.8037256002,"13":0.8096320033,"14":0.8194002509,"15":0.8314402699},"auc":{"0":0.6383062601,"1":0.6568945646,"2":0.6853523254,"3":0.716419816,"4":0.7557154298,"5":0.7852868438,"6":0.8073835373,"7":0.8317621946,"8":0.8449882865,"9":0.8607807159,"10":0.8679445982,"11":0.8822820187,"12":0.8870557547,"13":0.8891230226,"14":0.8999608755,"15":0.9056396484},"val_loss":{"0":47.882938385,"1":33.7573699951,"2":23.4641342163,"3":16.0620307922,"4":10.8416109085,"5":7.137155056,"6":4.6654047966,"7":3.128777504,"8":2.1800785065,"9":1.7232736349,"10":1.3464231491,"11":1.2991251945,"12":1.1538101435,"13":1.3956891298,"14":1.4572297335,"15":1.6830397844},"val_acc":{"0":0.5068119764,"1":0.5040872097,"2":0.5040872097,"3":0.5122615695,"4":0.5040872097,"5":0.5049954653,"6":0.5049954653,"7":0.5040872097,"8":0.5040872097,"9":0.5040872097,"10":0.5049954653,"11":0.5059037209,"12":0.5122615695,"13":0.5040872097,"14":0.5068119764,"15":0.5040872097},"val_auc":{"0":0.6486437321,"1":0.6581460834,"2":0.70563972,"3":0.7163878083,"4":0.7088044286,"5":0.7420634031,"6":0.741266489,"7":0.7318532467,"8":0.7330841422,"9":0.7349932194,"10":0.7483054399,"11":0.7549169064,"12":0.7680444717,"13":0.7548856735,"14":0.7653813362,"15":0.7504504323}}