{"loss":{"0":57.483757019,"1":40.6983032227,"2":28.5321063995,"3":19.7074012756,"4":13.3778553009,"5":8.911690712,"6":5.8316001892,"7":3.7682631016,"8":2.4198665619,"9":1.5845116377,"10":1.084233284,"11":0.800509572,"12":0.6479695439,"13":0.559420526,"14":0.5121453404,"15":0.5015972257,"16":0.4663898349,"17":0.4482052624},"acc":{"0":0.5452067256,"1":0.5879145861,"2":0.6001817584,"3":0.621990025,"4":0.6522035599,"5":0.6801453829,"6":0.7051340342,"7":0.7135393023,"8":0.736710608,"9":0.7573829889,"10":0.7671512961,"11":0.7798727751,"12":0.7812358141,"13":0.8016810417,"14":0.8053157926,"15":0.8103135228,"16":0.8248523474,"17":0.837346673},"auc":{"0":0.6186065674,"1":0.6487621069,"2":0.6635382175,"3":0.6871824265,"4":0.7117999196,"5":0.7395105362,"6":0.7651382089,"7":0.781126976,"8":0.8079608679,"9":0.8253925443,"10":0.8403980732,"11":0.8526591063,"12":0.8623443842,"13":0.877889812,"14":0.888496995,"15":0.8863492608,"16":0.9020072222,"17":0.9076681137},"val_loss":{"0":48.2986068726,"1":34.1443557739,"2":23.811378479,"3":16.3700046539,"4":11.0331811905,"5":7.3672690392,"6":5.0028772354,"7":3.3103811741,"8":2.3326096535,"9":1.7017049789,"10":1.3348634243,"11":1.0664950609,"12":0.9652503133,"13":1.0113557577,"14":0.9173876047,"15":0.9563493729,"16":1.1147949696,"17":1.0510344505},"val_acc":{"0":0.5004541278,"1":0.5004541278,"2":0.5013623834,"3":0.5022706389,"4":0.5022706389,"5":0.5068119764,"6":0.5022706389,"7":0.5204359889,"8":0.4995458722,"9":0.5204359889,"10":0.5222525001,"11":0.5903723836,"12":0.5849227905,"13":0.5331516862,"14":0.5640326738,"15":0.5776566863,"16":0.5231607556,"17":0.6003633142},"val_auc":{"0":0.5969905853,"1":0.6169064641,"2":0.6299192309,"3":0.6686701775,"4":0.7100890279,"5":0.7236347198,"6":0.7311500311,"7":0.7432206273,"8":0.724373877,"9":0.7472859025,"10":0.7455518246,"11":0.7472497225,"12":0.757696867,"13":0.7510642409,"14":0.7567579746,"15":0.753113389,"16":0.7615212202,"17":0.7465567589}}