{"loss":{"0":1.8777652979,"1":1.6671040058,"2":1.4453433752,"3":1.375411272,"4":1.2632040977,"5":1.1469010115,"6":1.1092538834,"7":1.0824172497,"8":1.0541887283,"9":1.0559134483,"10":0.9313418865,"11":0.9724841714,"12":0.9191843867,"13":0.9476348162,"14":0.9319742918,"15":0.9155947566,"16":0.8757804036,"17":0.8424238563,"18":0.8517282009,"19":0.829329133,"20":0.8194862604,"21":0.8120488524,"22":0.8228806257,"23":0.7664684653,"24":0.7825044394,"25":0.7479782104,"26":0.7572652102,"27":0.726923883,"28":0.7140108943,"29":0.7302394509,"30":0.7074977756,"31":0.7007101178,"32":0.687060535,"33":0.6890465021,"34":0.689725399,"35":0.6733856201,"36":0.6562344432,"37":0.6637877226,"38":0.63212502,"39":0.657915473,"40":0.6327177286,"41":0.6506607533,"42":0.6364715099,"43":0.6292719245,"44":0.6182108521,"45":0.6083448529,"46":0.6040828228,"47":0.587887764,"48":0.5743187666,"49":0.5905304551,"50":0.5664746165,"51":0.555085659,"52":0.5631676912,"53":0.5379249454,"54":0.5380048156,"55":0.5492062569,"56":0.5302739143},"acc":{"0":0.5005682111,"1":0.5011363626,"2":0.5221590996,"3":0.4960227311,"4":0.4948863685,"5":0.5159090757,"6":0.5051136613,"7":0.4960227311,"8":0.5005682111,"9":0.4988636374,"10":0.5198863745,"11":0.5267045498,"12":0.5238636136,"13":0.5045454502,"14":0.5232954621,"15":0.5119318366,"16":0.5318182111,"17":0.5465909243,"18":0.5346590877,"19":0.5323863626,"20":0.5403409004,"21":0.5556818247,"22":0.5193181634,"23":0.5721591115,"24":0.5431818366,"25":0.5596590638,"26":0.5500000119,"27":0.5642045736,"28":0.5784090757,"29":0.5505681634,"30":0.5863636136,"31":0.5852272511,"32":0.5931817889,"33":0.5801136494,"34":0.6073863506,"35":0.6079545617,"36":0.6136363745,"37":0.6142045259,"38":0.6380681992,"39":0.6193181872,"40":0.6437500119,"41":0.6312500238,"42":0.6437500119,"43":0.6511363387,"44":0.6477272511,"45":0.6511363387,"46":0.6727272868,"47":0.6846590638,"48":0.6909090877,"49":0.6909090877,"50":0.7039772868,"51":0.7051136494,"52":0.7056818008,"53":0.7232954502,"54":0.7147727013,"55":0.7295454741,"56":0.7431818247},"auc":{"0":0.4940503836,"1":0.5103940964,"2":0.531042695,"3":0.5027229786,"4":0.5048228502,"5":0.516939044,"6":0.5128419995,"7":0.4942873716,"8":0.500616014,"9":0.4889666736,"10":0.5407991409,"11":0.5240353942,"12":0.5304369926,"13":0.5116505623,"14":0.5334325433,"15":0.5157709122,"16":0.5377678871,"17":0.5555721521,"18":0.5504930019,"19":0.5498685837,"20":0.5617729425,"21":0.5690895319,"22":0.5436057448,"23":0.5973517895,"24":0.5676205158,"25":0.5858579874,"26":0.5814775229,"27":0.6061412096,"28":0.6144735813,"29":0.5974828005,"30":0.6158308387,"31":0.619574666,"32":0.6365734339,"33":0.6326730251,"34":0.6417208314,"35":0.6545827389,"36":0.6728893518,"37":0.6651860476,"38":0.6975511909,"39":0.6731644869,"40":0.7015817165,"41":0.6904999018,"42":0.6993772984,"43":0.7109555602,"44":0.7158790827,"45":0.7285848856,"46":0.7374047041,"47":0.7533177137,"48":0.7664328218,"49":0.7528120279,"50":0.7748109698,"51":0.7841506004,"52":0.7840795517,"53":0.8028937578,"54":0.7963448763,"55":0.8030790687,"56":0.8137546182},"val_loss":{"0":0.7491588593,"1":0.737236917,"2":0.717681706,"3":0.7074767947,"4":0.6962069869,"5":0.6887182593,"6":0.686385572,"7":0.6772584319,"8":0.6747210026,"9":0.6698149443,"10":0.677893281,"11":0.6736335158,"12":0.662779212,"13":0.6637563109,"14":0.660838902,"15":0.6629942656,"16":0.6544864774,"17":0.6500320435,"18":0.6412492394,"19":0.6364595294,"20":0.6333473325,"21":0.6277728677,"22":0.6278300881,"23":0.6237556338,"24":0.6273648143,"25":0.6260297298,"26":0.6226352453,"27":0.6211844087,"28":0.6147565842,"29":0.6126885414,"30":0.611975193,"31":0.6081004143,"32":0.6043558717,"33":0.600695014,"34":0.6020745039,"35":0.5965935588,"36":0.5949453712,"37":0.5943241119,"38":0.5807228684,"39":0.5822589397,"40":0.580087781,"41":0.5760636926,"42":0.5727050304,"43":0.5710011125,"44":0.5658768415,"45":0.5628548861,"46":0.5586184859,"47":0.5557958484,"48":0.5518952012,"49":0.5534299612,"50":0.5510855317,"51":0.5493659973,"52":0.5461661816,"53":0.545509994,"54":0.5505871773,"55":0.549687326,"56":0.5493441224},"val_acc":{"0":0.4965986311,"1":0.5034013391,"2":0.5170068145,"3":0.5170068145,"4":0.537414968,"5":0.5170068145,"6":0.5238095522,"7":0.5782312751,"8":0.6009070277,"9":0.6303854585,"10":0.5873016119,"11":0.6009070277,"12":0.6213151813,"13":0.6190476418,"14":0.6009070277,"15":0.6394557953,"16":0.6439909339,"17":0.6371881962,"18":0.6394557953,"19":0.6757369637,"20":0.6530612111,"21":0.6666666865,"22":0.6643990874,"23":0.6598639488,"24":0.684807241,"25":0.6712018251,"26":0.6712018251,"27":0.6757369637,"28":0.702947855,"29":0.7006802559,"30":0.7006802559,"31":0.6984127164,"32":0.6984127164,"33":0.702947855,"34":0.7052153945,"35":0.7097505927,"36":0.7074829936,"37":0.7074829936,"38":0.7074829936,"39":0.7120181322,"40":0.7074829936,"41":0.7120181322,"42":0.7142857313,"43":0.702947855,"44":0.7097505927,"45":0.7097505927,"46":0.7097505927,"47":0.7120181322,"48":0.7074829936,"49":0.702947855,"50":0.7052153945,"51":0.702947855,"52":0.7052153945,"53":0.7165532708,"54":0.7256236076,"55":0.7142857313,"56":0.7188208699},"val_auc":{"0":0.4687486887,"1":0.5029326677,"2":0.5225458145,"3":0.5192426443,"4":0.5499074459,"5":0.5505350828,"6":0.5614323616,"7":0.6453951597,"8":0.6454517245,"9":0.6737291217,"10":0.6349865794,"11":0.6539514065,"12":0.6980963349,"13":0.6965733767,"14":0.714910388,"15":0.7044762373,"16":0.7270117402,"17":0.7383823991,"18":0.7484564185,"19":0.7556698322,"20":0.7605062723,"21":0.7614837885,"22":0.7592508793,"23":0.7632536888,"24":0.7545688748,"25":0.7625540495,"26":0.7678431273,"27":0.767287612,"28":0.7675446868,"29":0.7696645856,"30":0.7708787918,"31":0.7740277052,"32":0.7791932225,"33":0.7777937651,"34":0.7794710994,"35":0.7817451954,"36":0.7806339264,"37":0.7836283445,"38":0.7845029831,"39":0.7884029746,"40":0.7905638814,"41":0.7887527943,"42":0.7878472805,"43":0.7904815674,"44":0.7898126841,"45":0.7915209532,"46":0.7925602198,"47":0.7947108746,"48":0.7935582995,"49":0.7941037416,"50":0.7929821014,"51":0.7941346169,"52":0.7959045172,"53":0.7946286201,"54":0.7907696962,"55":0.7912430763,"56":0.7915312052}}