,loss,acc,auc,val_loss,val_acc,val_auc
0,1.7810102701187134,0.5153409242630005,0.5300019979476929,0.6803770661354065,0.557823121547699,0.5872706174850464
1,1.6954385042190552,0.512499988079071,0.5155220031738281,0.7204093933105469,0.5600907206535339,0.5341682434082031
2,1.5062099695205688,0.5204545259475708,0.5275739431381226,0.7019424438476562,0.5487528443336487,0.568831205368042
3,1.4393351078033447,0.512499988079071,0.5207514762878418,0.695051908493042,0.5442177057266235,0.5873428583145142
