{"loss":{"0":1.7810102701,"1":1.6954385042,"2":1.5062099695,"3":1.4393351078},"acc":{"0":0.5153409243,"1":0.5124999881,"2":0.5204545259,"3":0.5124999881},"auc":{"0":0.5300019979,"1":0.5155220032,"2":0.5275739431,"3":0.5207514763},"val_loss":{"0":0.6803770661,"1":0.7204093933,"2":0.7019424438,"3":0.6950519085},"val_acc":{"0":0.5578231215,"1":0.5600907207,"2":0.5487528443,"3":0.5442177057},"val_auc":{"0":0.5872706175,"1":0.5341682434,"2":0.5688312054,"3":0.5873428583}}