,loss,acc,auc,val_loss,val_acc,val_auc
0,1.7964454889297485,0.5153409242630005,0.5194156169891357,0.6741055250167847,0.5714285969734192,0.6235909461975098
1,1.6126539707183838,0.5011363625526428,0.5155118703842163,0.6790763735771179,0.5510203838348389,0.5999008417129517
2,1.4285707473754883,0.5096591114997864,0.5251270532608032,0.6577975153923035,0.6190476417541504,0.6788368821144104
3,1.3351106643676758,0.5028409361839294,0.51775062084198,0.672528862953186,0.5827664136886597,0.6294335126876831
4,1.332816243171692,0.490340918302536,0.4923670291900635,0.669900119304657,0.6167800426483154,0.657438337802887
5,1.184024691581726,0.4829545319080353,0.49039193987846375,0.6709117889404297,0.6190476417541504,0.6630227565765381
