{"loss":{"0":1.7639312744,"1":1.6408976316,"2":1.4593889713,"3":1.3425078392,"4":1.2068488598,"5":1.145488143,"6":1.1182916164,"7":1.0283421278,"8":0.9796336293,"9":0.9309794307,"10":0.9331834912,"11":0.9360659719,"12":0.8879090548,"13":0.902900517,"14":0.9092244506,"15":0.8758443594,"16":0.8528599143,"17":0.8461506367,"18":0.8648627996,"19":0.8462707996,"20":0.7945609093,"21":0.8318453431,"22":0.8161196113,"23":0.7957679629,"24":0.7551393509,"25":0.7433789372,"26":0.7644513249,"27":0.7378569245,"28":0.7533234954,"29":0.7360454798,"30":0.7284473777,"31":0.7417941093,"32":0.7121957541,"33":0.7134031653,"34":0.7108479738,"35":0.6765801311,"36":0.6720140576,"37":0.6746708155,"38":0.6672329903,"39":0.656661272,"40":0.6767273545,"41":0.6475203037,"42":0.6293722391,"43":0.6216359138,"44":0.6228786707,"45":0.6316837072,"46":0.6141019464,"47":0.6141704321,"48":0.6000674367,"49":0.5835471153,"50":0.5750487447,"51":0.5770660639,"52":0.5512598157,"53":0.5522919893,"54":0.5342301726,"55":0.5489975214,"56":0.5428081751,"57":0.5205203891,"58":0.5220413804,"59":0.5083995461,"60":0.4958402514,"61":0.4907406867,"62":0.4834189117,"63":0.4352456927,"64":0.4434337914,"65":0.4343416989,"66":0.4188661277},"acc":{"0":0.5079545379,"1":0.4875000119,"2":0.5039772987,"3":0.4971590936,"4":0.5017045736,"5":0.5085227489,"6":0.5056818128,"7":0.5028409362,"8":0.5306817889,"9":0.5289772749,"10":0.5170454383,"11":0.5249999762,"12":0.5164772868,"13":0.5147727132,"14":0.5017045736,"15":0.5227272511,"16":0.5159090757,"17":0.5284090638,"18":0.5204545259,"19":0.5397727489,"20":0.5488636494,"21":0.5238636136,"22":0.5329545736,"23":0.5369318128,"24":0.5619317889,"25":0.5664772987,"26":0.5528408885,"27":0.572727263,"28":0.5693181753,"29":0.5744318366,"30":0.5749999881,"31":0.5613636374,"32":0.5977272987,"33":0.5795454383,"34":0.5772727132,"35":0.6096590757,"36":0.6164772511,"37":0.6096590757,"38":0.6022727489,"39":0.6306818128,"40":0.6187499762,"41":0.6318181753,"42":0.6499999762,"43":0.65625,"44":0.6528409123,"45":0.6477272511,"46":0.6806818247,"47":0.6704545617,"48":0.6801136136,"49":0.6954545379,"50":0.7028409243,"51":0.7022727132,"52":0.7181817889,"53":0.7096590996,"54":0.7352272868,"55":0.7244318128,"56":0.728977263,"57":0.7414772511,"58":0.7340909243,"59":0.7624999881,"60":0.7511363626,"61":0.7681818008,"62":0.7761363387,"63":0.8005681634,"64":0.8045454621,"65":0.8051136136,"66":0.8164772987},"auc":{"0":0.5073523521,"1":0.4894986153,"2":0.4941895604,"3":0.499729991,"4":0.5023254156,"5":0.5060216784,"6":0.5053492188,"7":0.5031535625,"8":0.5329951048,"9":0.5286774635,"10":0.5223561525,"11":0.5141323805,"12":0.5335971117,"13":0.5235072374,"14":0.5038344264,"15":0.5311411619,"16":0.531904757,"17":0.5451450348,"18":0.5222927928,"19":0.5456540585,"20":0.5666335821,"21":0.5498430729,"22":0.5562213063,"23":0.5537828207,"24":0.5914334059,"25":0.5990951061,"26":0.5819803476,"27":0.5967755318,"28":0.59546417,"29":0.6044682264,"30":0.6092631817,"31":0.592238903,"32":0.6294914484,"33":0.6184604168,"34":0.6218181849,"35":0.653447628,"36":0.6621229649,"37":0.6620764732,"38":0.6627062559,"39":0.6797506809,"40":0.6657454967,"41":0.6871107817,"42":0.7084798217,"43":0.7186039686,"44":0.719699502,"45":0.7123116851,"46":0.7360255718,"47":0.7324081659,"48":0.74615556,"49":0.7653896809,"50":0.7700684071,"51":0.7702202201,"52":0.7901301384,"53":0.7902890444,"54":0.8076595068,"55":0.7968629003,"56":0.8034381866,"57":0.8190989494,"58":0.8180453181,"59":0.8311545849,"60":0.8375715017,"61":0.8454043865,"62":0.8532238007,"63":0.879645586,"64":0.8769829869,"65":0.8816208839,"66":0.8927160501},"val_loss":{"0":0.7317590714,"1":0.7166830301,"2":0.6775402427,"3":0.6970748901,"4":0.6858484745,"5":0.6702039838,"6":0.6716855764,"7":0.6682684422,"8":0.6706005335,"9":0.6663867235,"10":0.6685510278,"11":0.6638376713,"12":0.6607406735,"13":0.6595522761,"14":0.6548561454,"15":0.6524698734,"16":0.6448305249,"17":0.6487210393,"18":0.6430957913,"19":0.6441769004,"20":0.636115253,"21":0.6377746463,"22":0.6377345324,"23":0.6330608726,"24":0.6327720284,"25":0.6291271448,"26":0.6277031302,"27":0.6157153249,"28":0.61495471,"29":0.614040494,"30":0.6111778021,"31":0.6067557335,"32":0.6069412827,"33":0.6030038595,"34":0.5953773856,"35":0.5961028337,"36":0.5875660777,"37":0.5809479952,"38":0.578851521,"39":0.5692494512,"40":0.5647110343,"41":0.5708591342,"42":0.5602065325,"43":0.5527601242,"44":0.5551332831,"45":0.5543554425,"46":0.5474541783,"47":0.5373555422,"48":0.5309708118,"49":0.5340090394,"50":0.524938941,"51":0.5358232856,"52":0.5186107159,"53":0.5202709436,"54":0.5129780769,"55":0.5281562209,"56":0.5136098266,"57":0.5092810392,"58":0.5224466324,"59":0.5051541328,"60":0.5003359914,"61":0.500249505,"62":0.5055868626,"63":0.4963214993,"64":0.5035853386,"65":0.5044450164,"66":0.510050118},"val_acc":{"0":0.453514725,"1":0.4739229083,"2":0.5623582602,"3":0.5691609979,"4":0.5532879829,"5":0.5782312751,"6":0.5691609979,"7":0.5759637356,"8":0.5306122303,"9":0.5283446908,"10":0.5306122303,"11":0.5328798294,"12":0.5442177057,"13":0.5487528443,"14":0.5578231215,"15":0.5419501066,"16":0.5736961365,"17":0.5532879829,"18":0.5850340128,"19":0.5804988742,"20":0.6190476418,"21":0.6031746268,"22":0.6213151813,"23":0.646258533,"24":0.6371881962,"25":0.6190476418,"26":0.6530612111,"27":0.7097505927,"28":0.7052153945,"29":0.6802721024,"30":0.6938775778,"31":0.7074829936,"32":0.7256236076,"33":0.7165532708,"34":0.7188208699,"35":0.7210884094,"36":0.7142857313,"37":0.7278911471,"38":0.7301587462,"39":0.7324262857,"40":0.7346938848,"41":0.7120181322,"42":0.7324262857,"43":0.7460317612,"44":0.7301587462,"45":0.7142857313,"46":0.7505668998,"47":0.7505668998,"48":0.7551020384,"49":0.7414966226,"50":0.7505668998,"51":0.7346938848,"52":0.7619047761,"53":0.7414966226,"54":0.7551020384,"55":0.7346938848,"56":0.7369614244,"57":0.7482993007,"58":0.7278911471,"59":0.7460317612,"60":0.7460317612,"61":0.7573696375,"62":0.7346938848,"63":0.7573696375,"64":0.7414966226,"65":0.7392290235,"66":0.7437641621},"val_auc":{"0":0.4290512502,"1":0.4688507617,"2":0.5988528728,"3":0.5171662569,"4":0.5643963814,"5":0.6582678556,"6":0.6744935513,"7":0.6840016842,"8":0.680870235,"9":0.6940988302,"10":0.6999793053,"11":0.7083815932,"12":0.7018499374,"13":0.7248139381,"14":0.725341022,"15":0.7213518023,"16":0.7266845703,"17":0.733753562,"18":0.7368023992,"19":0.7443571687,"20":0.7412050962,"21":0.747747004,"22":0.7495555878,"23":0.7529557943,"24":0.7572549582,"25":0.7612960339,"26":0.769367516,"27":0.7714964747,"28":0.7757440805,"29":0.7775319815,"30":0.7807565331,"31":0.7841773033,"32":0.7955663204,"33":0.7939851284,"34":0.7991524935,"35":0.8041856289,"36":0.7997106314,"37":0.8063559532,"38":0.8071517348,"39":0.8096837401,"40":0.8097251058,"41":0.8093633652,"42":0.8126911521,"43":0.8162980676,"44":0.8155125976,"45":0.8153162003,"46":0.8174865842,"47":0.8211554289,"48":0.8216412067,"49":0.8214035034,"50":0.8219615221,"51":0.8239458799,"52":0.8288342953,"53":0.8237392306,"54":0.8276456594,"55":0.8251446486,"56":0.8260128498,"57":0.8276354074,"58":0.8258164525,"59":0.829826355,"60":0.8318830132,"61":0.8335882425,"62":0.8327407837,"63":0.8347457647,"64":0.8344873786,"65":0.8343323469,"66":0.8341876864}}