,loss,acc,auc,val_loss,val_acc,val_auc
0,1.8231327533721924,0.4943181872367859,0.4903777539730072,0.686776340007782,0.5623582601547241,0.5207671523094177
1,1.5177414417266846,0.5181818008422852,0.521273136138916,0.6822212338447571,0.5351473689079285,0.554111659526825
2,1.4615901708602905,0.5034090876579285,0.49592578411102295,0.6658878922462463,0.5895691514015198,0.6364700198173523
3,1.2982940673828125,0.5062500238418579,0.5150895118713379,0.6919605731964111,0.5192743539810181,0.5546756982803345
4,1.2302407026290894,0.5051136612892151,0.4925207793712616,0.6676295399665833,0.600907027721405,0.6408469676971436
5,1.084070086479187,0.5022727251052856,0.5188647508621216,0.6915755867958069,0.5079365372657776,0.6022062301635742
