{"loss":{"0":1.7964454889,"1":1.6126539707,"2":1.4285707474,"3":1.3351106644,"4":1.3328162432,"5":1.1840246916},"acc":{"0":0.5153409243,"1":0.5011363626,"2":0.5096591115,"3":0.5028409362,"4":0.4903409183,"5":0.4829545319},"auc":{"0":0.519415617,"1":0.5155118704,"2":0.5251270533,"3":0.5177506208,"4":0.4923670292,"5":0.4903919399},"val_loss":{"0":0.674105525,"1":0.6790763736,"2":0.6577975154,"3":0.672528863,"4":0.6699001193,"5":0.6709117889},"val_acc":{"0":0.571428597,"1":0.5510203838,"2":0.6190476418,"3":0.5827664137,"4":0.6167800426,"5":0.6190476418},"val_auc":{"0":0.6235909462,"1":0.5999008417,"2":0.6788368821,"3":0.6294335127,"4":0.6574383378,"5":0.6630227566}}