{"loss":{"0":1.8231327534,"1":1.5177414417,"2":1.4615901709,"3":1.2982940674,"4":1.2302407026,"5":1.0840700865},"acc":{"0":0.4943181872,"1":0.5181818008,"2":0.5034090877,"3":0.5062500238,"4":0.5051136613,"5":0.5022727251},"auc":{"0":0.490377754,"1":0.5212731361,"2":0.4959257841,"3":0.5150895119,"4":0.4925207794,"5":0.5188647509},"val_loss":{"0":0.68677634,"1":0.6822212338,"2":0.6658878922,"3":0.6919605732,"4":0.66762954,"5":0.6915755868},"val_acc":{"0":0.5623582602,"1":0.5351473689,"2":0.5895691514,"3":0.519274354,"4":0.6009070277,"5":0.5079365373},"val_auc":{"0":0.5207671523,"1":0.5541116595,"2":0.6364700198,"3":0.5546756983,"4":0.6408469677,"5":0.6022062302}}