,precision_mean,precision_std,precision_sem,recall_mean,recall_std,recall_sem,f1-score_mean,f1-score_std,f1-score_sem,occurences_mean,occurences_std,occurences_sem
argument,0.6225205451508556,0.11177451372769857,0.049987082169423484,0.6907974695197261,0.16570961045231106,0.07410759069927543,0.6480038173677032,0.12773003714590525,0.05712260916536347,276.8,10.425929215182693,4.662617290749907
other,0.6480359898290379,0.11671629797999222,0.0521971152730768,0.5704630872989318,0.18380278571229414,0.08219910466130335,0.5980767351766699,0.1466925749045636,0.06560291385621679,274.2,10.425929215182693,4.662617290749907
accuracy,0.631578947368421,0.11556965862020303,0.0516843225622437,0.631578947368421,0.11556965862020303,0.0516843225622437,0.631578947368421,0.11556965862020303,0.0516843225622437,0.631578947368421,0.11556965862020303,0.0516843225622437
macro avg,0.6352782674899469,0.11322788917843656,0.05063705143035939,0.630630278409329,0.11513682712301386,0.0514907544321401,0.6230402762721865,0.12199242402794405,0.05455667057329232,551.0,0.0,0.0
weighted avg,0.6353989397345408,0.11340225960897835,0.050715032257550856,0.631578947368421,0.11556965862020303,0.0516843225622437,0.6235803980347319,0.12231122840997337,0.05469924422724079,551.0,0.0,0.0
