{"loss":{"0":52.4948348999,"1":50.7720108032,"2":49.1313056946,"3":47.5399971008,"4":45.991481781,"5":44.4900741577,"6":43.0321960449,"7":41.6112327576,"8":40.2300415039,"9":38.8955154419,"10":37.5977592468,"11":36.3449058533,"12":35.111579895,"13":33.9130821228,"14":32.7674674988,"15":31.6407566071,"16":30.5380821228,"17":29.4614562988,"18":28.4302501678,"19":27.4253883362,"20":26.4346694946,"21":25.4917125702,"22":24.5501346588,"23":23.6641941071,"24":22.7818489075,"25":21.9247913361,"26":21.0991287231,"27":20.2942485809,"28":19.501581192,"29":18.7485904694,"30":18.0045375824,"31":17.2960529327,"32":16.5939350128,"33":15.9307060242,"34":15.2728290558,"35":14.6365032196,"36":14.0219144821,"37":13.424279213,"38":12.8517351151,"39":12.2958612442,"40":11.7577810287,"41":11.2320394516,"42":10.7310628891,"43":10.2454309464,"44":9.7774477005,"45":9.3222970963,"46":8.8844680786,"47":8.4683265686,"48":8.0602369308,"49":7.6691250801,"50":7.2944564819,"51":6.929807663,"52":6.581182003,"53":6.2530565262,"54":5.9308128357,"55":5.6217384338,"56":5.3314709663,"57":5.0513825417,"58":4.7796878815,"59":4.5252981186,"60":4.2767095566,"61":4.0464787483,"62":3.8214128017,"63":3.6069242954,"64":3.4141917229,"65":3.21560812,"66":3.041349411,"67":2.8679106236,"68":2.6992182732,"69":2.5502769947,"70":2.4045393467,"71":2.2719454765,"72":2.1400976181,"73":2.0215437412,"74":1.9103332758},"acc":{"0":0.5422534943,"1":0.5720127225,"2":0.568718791,"3":0.5712176561,"4":0.5740572214,"5":0.567923665,"6":0.5814402699,"7":0.5795093179,"8":0.5845070481,"9":0.5908677578,"10":0.5874602199,"11":0.5797364712,"12":0.5856428742,"13":0.5838255286,"14":0.5875738263,"15":0.5786006451,"16":0.5828032494,"17":0.5940481424,"18":0.5891640186,"19":0.5879145861,"20":0.5902998447,"21":0.5854157209,"22":0.5951840281,"23":0.5786006451,"24":0.5822353363,"25":0.5924579501,"26":0.5863243937,"27":0.5874602199,"28":0.5970013738,"29":0.5908677578,"30":0.5910949707,"31":0.5965470076,"32":0.5964334607,"33":0.5831440091,"34":0.5956383348,"35":0.5920036435,"36":0.5955247879,"37":0.6023398638,"38":0.5957519412,"39":0.5965470076,"40":0.5970013738,"41":0.6031349301,"42":0.6002953053,"43":0.5984779596,"44":0.5977964401,"45":0.5999545455,"46":0.6091549397,"47":0.6040436029,"48":0.6032485366,"49":0.6031349301,"50":0.5988187194,"51":0.6009768248,"52":0.6009768248,"53":0.6013175845,"54":0.6012039781,"55":0.6135847569,"56":0.5985915661,"57":0.6004089117,"58":0.600068152,"59":0.6042707562,"60":0.6055201888,"61":0.6085870266,"62":0.6069968343,"63":0.6097228527,"64":0.5999545455,"65":0.6136983037,"66":0.605974555,"67":0.611313045,"68":0.614720583,"69":0.6102907658,"70":0.6105179191,"71":0.6081326604,"72":0.6138119102,"73":0.609382093,"74":0.6051794887},"auc":{"0":0.5607113242,"1":0.6014834642,"2":0.5983716249,"3":0.6001147032,"4":0.6027077436,"5":0.6012880802,"6":0.6074310541,"7":0.6112869978,"8":0.6188172698,"9":0.6213883162,"10":0.6219910383,"11":0.613942802,"12":0.6224892139,"13":0.6277005672,"14":0.6195398569,"15":0.6148935556,"16":0.6198729277,"17":0.634477973,"18":0.6286830902,"19":0.623156786,"20":0.632147789,"21":0.621800065,"22":0.6364277601,"23":0.6184680462,"24":0.6231815219,"25":0.6290221214,"26":0.6254906654,"27":0.6284147501,"28":0.638858676,"29":0.6317746043,"30":0.6380929351,"31":0.6340404749,"32":0.640732646,"33":0.6251776218,"34":0.6357148886,"35":0.6404564381,"36":0.6393018961,"37":0.6483324766,"38":0.6425298452,"39":0.6394766569,"40":0.6420499682,"41":0.6468307972,"42":0.6449699402,"43":0.6436510086,"44":0.6433866024,"45":0.6449670196,"46":0.6473299265,"47":0.6423977613,"48":0.6429017782,"49":0.645345211,"50":0.6435644627,"51":0.6484703422,"52":0.6484003663,"53":0.642770052,"54":0.6463704109,"55":0.6505659819,"56":0.6455325484,"57":0.6449584961,"58":0.6470522285,"59":0.647236228,"60":0.6523674726,"61":0.6502239108,"62":0.6535540819,"63":0.6562303305,"64":0.6451522112,"65":0.6572191715,"66":0.6488873959,"67":0.651727438,"68":0.6599570513,"69":0.6558285952,"70":0.6551039815,"71":0.6527735591,"72":0.6582677364,"73":0.6561920643,"74":0.6539236903},"val_loss":{"0":51.534828186,"1":49.885974884,"2":48.2937049866,"3":46.7446250916,"4":45.2239875793,"5":43.7396583557,"6":42.320941925,"7":40.9351768494,"8":39.59349823,"9":38.2836914062,"10":37.0048408508,"11":35.7482948303,"12":34.5340690613,"13":33.3458633423,"14":32.2008209229,"15":31.0775356293,"16":29.9879550934,"17":28.9390487671,"18":27.9030723572,"19":26.9034442902,"20":25.9349498749,"21":24.9977245331,"22":24.0815868378,"23":23.1935405731,"24":22.3248329163,"25":21.4873886108,"26":20.6690006256,"27":19.8771839142,"28":19.1012916565,"29":18.3508338928,"30":17.6194210052,"31":16.920293808,"32":16.2373580933,"33":15.5735378265,"34":14.9286270142,"35":14.3023338318,"36":13.6989383698,"37":13.1143007278,"38":12.5488367081,"39":12.00228405,"40":11.4711275101,"41":10.9556684494,"42":10.4612407684,"43":9.9846096039,"44":9.5227432251,"45":9.0783319473,"46":8.6485652924,"47":8.2354459763,"48":7.8382816315,"49":7.455227375,"50":7.0870542526,"51":6.733689785,"52":6.3939156532,"53":6.068195343,"54":5.7552804947,"55":5.4558663368,"56":5.1695480347,"57":4.8960204124,"58":4.6347503662,"59":4.3851804733,"60":4.1462755203,"61":3.918027401,"62":3.7025902271,"63":3.4974677563,"64":3.3017308712,"65":3.1146674156,"66":2.9395465851,"67":2.775124073,"68":2.6129906178,"69":2.4649698734,"70":2.325315237,"71":2.1941640377,"72":2.0691411495,"73":1.9530620575,"74":1.8454149961},"val_acc":{"0":0.6044505239,"1":0.5772025585,"2":0.5549500585,"3":0.5208901167,"4":0.5158946514,"5":0.5249772668,"6":0.5204359889,"7":0.5072661042,"8":0.5059037209,"9":0.5063578486,"10":0.5045413375,"11":0.5095368028,"12":0.5136239529,"13":0.5286103487,"14":0.5286103487,"15":0.5367847681,"16":0.5485922098,"17":0.5454132557,"18":0.5599455237,"19":0.5676657557,"20":0.5690281391,"21":0.5617620349,"22":0.5663033724,"23":0.5622161627,"24":0.5685740113,"25":0.5663033724,"26":0.572661221,"27":0.5717529655,"28":0.5858310461,"29":0.5867393017,"30":0.5949137211,"31":0.5853769183,"32":0.5858310461,"33":0.5876476169,"34":0.5903723836,"35":0.5958219767,"36":0.5953678489,"37":0.598546803,"38":0.5958219767,"39":0.5940054655,"40":0.6003633142,"41":0.6135331392,"42":0.6117166281,"43":0.613987267,"44":0.6126248837,"45":0.6103542447,"46":0.6144413948,"47":0.6148955226,"48":0.6180744767,"49":0.6189827323,"50":0.6158038378,"51":0.6194368601,"52":0.6176203489,"53":0.61534971,"54":0.6144413948,"55":0.6198909879,"56":0.6158038378,"57":0.6171662211,"58":0.61534971,"59":0.6112625003,"60":0.613987267,"61":0.6144413948,"62":0.6121707559,"63":0.6135331392,"64":0.6112625003,"65":0.6144413948,"66":0.6126248837,"67":0.6067211628,"68":0.6171662211,"69":0.61534971,"70":0.6171662211,"71":0.6144413948,"72":0.6180744767,"73":0.6221616864,"74":0.61534971},"val_auc":{"0":0.64876616,"1":0.6494983435,"2":0.6503401995,"3":0.6505554914,"4":0.6513288021,"5":0.6515635848,"6":0.6517804861,"7":0.6523944139,"8":0.6524273157,"9":0.6527584791,"10":0.653255105,"11":0.6533281803,"12":0.6536527872,"13":0.6535983086,"14":0.6540116072,"15":0.6546599865,"16":0.6545416117,"17":0.6549062133,"18":0.6549540758,"19":0.6546971202,"20":0.6548620462,"21":0.6552168131,"22":0.6551316977,"23":0.6558128595,"24":0.6559687853,"25":0.6567239761,"26":0.6563160419,"27":0.6565264463,"28":0.6568585038,"29":0.6572614312,"30":0.6568114758,"31":0.6571830511,"32":0.6571451426,"33":0.6571640968,"34":0.6573768854,"35":0.6574495435,"36":0.6577242613,"37":0.6575344801,"38":0.6576761007,"39":0.657745719,"40":0.6580805779,"41":0.6584720612,"42":0.6582266092,"43":0.6581969261,"44":0.6584580541,"45":0.6581181288,"46":0.658418417,"47":0.6577989459,"48":0.6580430865,"49":0.658134222,"50":0.6577465534,"51":0.6576776505,"52":0.6578859091,"53":0.6577044725,"54":0.6574813128,"55":0.6572341919,"56":0.657445848,"57":0.6577432156,"58":0.6578302383,"59":0.6576429605,"60":0.6574479342,"61":0.6575349569,"62":0.6576446891,"63":0.6579688787,"64":0.6579284668,"65":0.6579515338,"66":0.6581677198,