,precision_mean,precision_std,precision_sem,recall_mean,recall_std,recall_sem,f1-score_mean,f1-score_std,f1-score_sem,occurences_mean,occurences_std,occurences_sem
argument,0.6283216249727314,0.032160631449362376,0.014382671624018371,0.5166305363848149,0.27870642422464886,0.12464130206644179,0.5207495242052176,0.20379825108229893,0.0911413486231181,1380.2,15.912259424732843,7.116178749862867
other,0.602549242306172,0.06297263881963179,0.02816222022464776,0.6701926260935518,0.21121047519901764,0.09445619602100737,0.6121714017581291,0.06448351164394611,0.028837903092752543,1371.8,15.912259424732843,7.116178749862867
accuracy,0.5952761627906977,0.036112495578470995,0.016149998990124346,0.5952761627906977,0.036112495578470995,0.016149998990124346,0.5952761627906977,0.036112495578470995,0.016149998990124346,0.5952761627906977,0.036112495578470995,0.016149998990124346
macro avg,0.6154354336394517,0.01646811877929451,0.007364766610408676,0.5934115812391834,0.03845019728404907,0.0171954509750823,0.5664604629816733,0.07965915012282779,0.03562465494090073,2752.0,0.0,0.0
weighted avg,0.6151016806786401,0.016679881396830815,0.0074594697319895695,0.5952761627906977,0.036112495578470995,0.016149998990124346,0.5674582955530448,0.07813415019686547,0.03494265424087395,2752.0,0.0,0.0
