{"loss":{"0":53.3660125732,"1":51.6337814331,"2":49.9797744751,"3":48.3413276672,"4":46.7868080139,"5":45.2621192932,"6":43.7638626099,"7":42.3258018494,"8":40.9423141479,"9":39.5898933411,"10":38.2689170837,"11":36.9890060425,"12":35.7380104065,"13":34.521484375,"14":33.3543891907,"15":32.2084617615,"16":31.0855045319,"17":30.0011672974,"18":28.9569988251,"19":27.9376659393,"20":26.9356536865,"21":25.9620761871,"22":25.0214614868,"23":24.1044406891,"24":23.2051696777,"25":22.3473091125,"26":21.499584198,"27":20.6941261292,"28":19.8951320648,"29":19.1187763214,"30":18.3694458008,"31":17.6618747711,"32":16.9453620911,"33":16.259765625,"34":15.6000003815,"35":14.9621658325,"36":14.329167366,"37":13.7225227356,"38":13.1375579834,"39":12.5765800476,"40":12.0268096924,"41":11.5017557144,"42":10.9887008667,"43":10.4945173264,"44":10.0210170746,"45":9.5533857346,"46":9.1122283936,"47":8.6853237152,"48":8.2782373428,"49":7.8793172836,"50":7.4960460663,"51":7.1284508705,"52":6.7869257927,"53":6.4496908188,"54":6.1197009087,"55":5.8023648262,"56":5.5106992722,"57":5.2201862335,"58":4.9551706314,"59":4.6906843185,"60":4.445622921,"61":4.2087345123,"62":3.9867048264,"63":3.7616565228,"64":3.5609939098,"65":3.3666706085,"66":3.1838846207,"67":3.0098927021,"68":2.8425428867,"69":2.6894142628,"70":2.5379974842,"71":2.4081919193,"72":2.2777206898,"73":2.1576948166,"74":2.033762455},"acc":{"0":0.5430486202,"1":0.5561108589,"2":0.5509995222,"3":0.5582689643,"4":0.5528169274,"5":0.5555429459,"6":0.5658791661,"7":0.5683780313,"8":0.5649704933,"9":0.5646297336,"10":0.5675829053,"11":0.5623580217,"12":0.5720127225,"13":0.572694242,"14":0.5743979812,"15":0.5717855692,"16":0.5755338669,"17":0.5798500776,"18":0.5739436746,"19":0.5757610202,"20":0.5775783658,"21":0.5818945765,"22":0.5792821646,"23":0.5789414048,"24":0.5831440091,"25":0.5750795007,"26":0.5850749612,"27":0.5792821646,"28":0.5854157209,"29":0.5856428742,"30":0.5860972404,"31":0.5671285987,"32":0.5824624896,"33":0.580645144,"34":0.5824624896,"35":0.5823489428,"36":0.5914357305,"37":0.5922307968,"38":0.5868923068,"39":0.5815538168,"40":0.5816674232,"41":0.5783734918,"42":0.5888232589,"43":0.5826897025,"44":0.5799636245,"45":0.5868923068,"46":0.5910949707,"47":0.5906406045,"48":0.5854157209,"49":0.5863243937,"50":0.5927987099,"51":0.5870059133,"52":0.575306654,"53":0.5870059133,"54":0.5857564807,"55":0.5967742205,"56":0.5828032494,"57":0.5891640186,"58":0.5830304623,"59":0.5924579501,"60":0.5850749612,"61":0.5901862979,"62":0.5862107873,"63":0.5893911719,"64":0.5945025086,"65":0.5946160555,"66":0.5933666229,"67":0.5865515471,"68":0.5938209891,"69":0.5918900371,"70":0.5963198543,"71":0.5837119222,"72":0.5937073827,"73":0.5940481424,"74":0.5975692868},"auc":{"0":0.5681339502,"1":0.584803462,"2":0.5722470284,"3":0.5929280519,"4":0.5811092257,"5":0.5847322941,"6":0.6014739871,"7":0.6020904779,"8":0.5947633982,"9":0.5942695141,"10":0.5991101265,"11":0.59834975,"12":0.6060792208,"13":0.6111762524,"14":0.6069211364,"15":0.608024478,"16":0.6130093336,"17":0.6164306998,"18":0.6090231538,"19":0.6042404175,"20":0.6114089489,"21":0.6176939011,"22":0.6152578592,"23":0.6142687201,"24":0.623083353,"25":0.6170985699,"26":0.6216817498,"27":0.6110544205,"28":0.6188035011,"29":0.6246515512,"30":0.6238077283,"31":0.6067996025,"32":0.6190783978,"33":0.6177120209,"34":0.6168545485,"35":0.6130176783,"36":0.6252295971,"37":0.629462719,"38":0.6249985695,"39":0.6207854748,"40":0.6235932112,"41":0.6192386746,"42":0.6255508661,"43":0.6261396408,"44":0.6203694344,"45":0.6285611391,"46":0.6318107843,"47":0.6294561625,"48":0.6224762201,"49":0.6257326603,"50":0.6311582923,"51":0.6290647984,"52":0.6173958778,"53":0.6198215485,"54":0.6266487241,"55":0.6346849203,"56":0.625993669,"57":0.6340426207,"58":0.6246446967,"59":0.6306805611,"60":0.6267479062,"61":0.629629612,"62":0.6234265566,"63":0.6336464882,"64":0.6353619695,"65":0.6348099709,"66":0.6344810724,"67":0.6319277287,"68":0.6371473074,"69":0.6342741251,"70":0.6382957101,"71":0.6274679303,"72":0.6324810982,"73":0.630125761,"74":0.6381623745},"val_loss":{"0":52.3292007446,"1":50.6340560913,"2":48.9990119934,"3":47.4064292908,"4":45.8689346313,"5":44.3680915833,"6":42.9137840271,"7":41.5035514832,"8":40.1322288513,"9":38.795249939,"10":37.496421814,"11":36.237739563,"12":35.0099716187,"13":33.81823349,"14":32.6609039307,"15":31.5353946686,"16":30.4383010864,"17":29.3713512421,"18":28.3382015228,"19":27.3295822144,"20":26.3474845886,"21":25.3934707642,"22":24.467962265,"23":23.5669765472,"24":22.6902484894,"25":21.8391876221,"26":21.0146751404,"27":20.2160568237,"28":19.435710907,"29":18.6790161133,"30":17.9423484802,"31":17.2309360504,"32":16.5471477509,"33":15.8704500198,"34":15.21824646,"35":14.5865831375,"36":13.9736404419,"37":13.3851776123,"38":12.8076238632,"39":12.260518074,"40":11.724032402,"41":11.2035474777,"42":10.7042531967,"43":10.2137832642,"44":9.7442455292,"45":9.2919988632,"46":8.8517589569,"47":8.4362125397,"48":8.0289201736,"49":7.6429657936,"50":7.2690248489,"51":6.9098300934,"52":6.5668087006,"53":6.2344546318,"54":5.9121108055,"55":5.6095113754,"56":5.3197450638,"57":5.0397381783,"58":4.7741641998,"59":4.5206451416,"60":4.2763905525,"61":4.0446052551,"62":3.8254778385,"63":3.6175942421,"64":3.4185767174,"65":3.2317519188,"66":3.0596616268,"67":2.8904852867,"68":2.7276153564,"69":2.5778570175,"70":2.433797121,"71":2.3006358147,"72":2.1761598587,"73":2.0584475994,"74":1.9465759993},"val_acc":{"0":0.613987267,"1":0.6176203489,"2":0.6130790114,"3":0.6176203489,"4":0.6135331392,"5":0.6185286045,"6":0.6189827323,"7":0.6148955226,"8":0.6167120934,"9":0.6217075586,"10":0.6289736629,"11":0.6248864532,"12":0.6330608726,"13":0.6262488365,"14":0.6303360462,"15":0.6303360462,"16":0.6312443018,"17":0.6326067448,"18":0.6257947087,"19":0.6267030239,"20":0.630790174,"21":0.6289736629,"22":0.6271571517,"23":0.6276112795,"24":0.6276112795,"25":0.6235240698,"26":0.6167120934,"27":0.6135331392,"28":0.6103542447,"29":0.606267035,"30":0.6053587794,"31":0.6030880809,"32":0.5867393017,"33":0.5935513377,"34":0.5962761045,"35":0.5903723836,"36":0.5962761045,"37":0.5885558724,"38":0.5890100002,"39":0.5794731975,"40":0.5821980238,"41":0.5826521516,"42":0.581743896,"43":0.5844686627,"44":0.5890100002,"45":0.5921888947,"46":0.6026339531,"47":0.5958219767,"48":0.6017256975,"49":0.5990009308,"50":0.6026339531,"51":0.6039963961,"52":0.5980926156,"53":0.6071752906,"54":0.6162579656,"55":0.6148955226,"56":0.6135331392,"57":0.6207993031,"58":0.6226158142,"59":0.6217075586,"60":0.6271571517,"61":0.6294277906,"62":0.6276112795,"63":0.6267030239,"64":0.6289736629,"65":0.6280654073,"66":0.6112625003,"67":0.6080835462,"68":0.6217075586,"69":0.6189827323,"70":0.6262488365,"71":0.6267030239,"72":0.6207993031,"73":0.6194368601,"74":0.6185286045},"val_auc":{"0":0.6681444645,"1":0.6687467098,"2":0.669926405,"3":0.6718648076,"4":0.6726695895,"5":0.6736616492,"6":0.6735416651,"7":0.6745510101,"8":0.6749474406,"9":0.6752192974,"10":0.675139308,"11":0.6752461195,"12":0.6756932735,"13":0.6759395003,"14":0.6757502556,"15":0.6754561663,"16":0.6762192249,"17":0.6759762764,"18":0.6757770777,"19":0.6762002707,"20":0.6762567759,"21":0.6770129204,"22":0.6773730516,"23":0.6778336763,"24":0.6782569885,"25":0.6783572435,"26":0.6790345907,"27":0.6781423092,"28":0.6782388687,"29":0.6782335639,"30":0.6785594225,"31":0.6780540943,"32":0.678643465,"33":0.6783023477,"34":0.6783564091,"35":0.6788848639,"36":0.6789054871,"37":0.6786468029,"38":0.6785119772,"39":0.6782653332,"40":0.6785927415,"41":0.6784232855,"42":0.6784764528,"43":0.6778928041,"44":0.6785671711,"45":0.6785019636,"46":0.6794193983,"47":0.6792297363,"48":0.679340601,"49":0.6794239283,"50":0.6789347529,"51":0.6789298058,"52":0.6792424917,"53":0.6791727543,"54":0.6793831587,"55":0.6789599657,"56":0.6787260771,"57":0.6790976524,"58":0.6799161434,"59":0.6802192926,"60":0.6803046465,"61":0.6803302765,"62":0.6804242134,"63":0.6807740927,"64":0.6802741885,"65":0.6803703308,