,loss,acc,auc,val_loss,val_acc,val_auc
0,0.5318563580513,0.7600216865539551,0.6501901745796204,0.4630662202835083,0.790043294429779,0.7568336725234985
1,0.47070205211639404,0.7911701202392578,0.7560091018676758,0.4637087881565094,0.7889610528945923,0.7608716487884521
2,0.4558563530445099,0.8030877709388733,0.7737383246421814,0.48431915044784546,0.8051947951316833,0.7654958367347717
3,0.43936070799827576,0.806067168712616,0.7930668592453003,0.4473024606704712,0.7965368032455444,0.7738995552062988
4,0.4185660183429718,0.8196099400520325,0.8185901641845703,0.4546400010585785,0.8030303120613098,0.7731642723083496
5,0.41060200333595276,0.824214518070221,0.8275859355926514,0.447431743144989,0.7997835278511047,0.7774174213409424
6,0.38853639364242554,0.8347778916358948,0.8483493328094482,0.45008185505867004,0.8030303120613098,0.7725149989128113
