{"loss":{"0":0.5236600041,"1":0.4710707366,"2":0.4469113052,"3":0.4393467903,"4":0.4219740033,"5":0.4224399328,"6":0.4049419165,"7":0.3861543834,"8":0.3782201409,"9":0.3519737422},"acc":{"0":0.7689599395,"1":0.794691205,"2":0.8060671687,"3":0.8144637346,"4":0.8182556629,"5":0.8179848194,"6":0.833694458,"7":0.8315276504,"8":0.8426327109,"9":0.8553629518},"auc":{"0":0.6776574254,"1":0.756962657,"2":0.7857102156,"3":0.7947225571,"4":0.8158462048,"5":0.8149745464,"6":0.8311392069,"7":0.8507050276,"8":0.8561796546,"9":0.8776731491},"val_loss":{"0":0.4426096678,"1":0.425098449,"2":0.4214909077,"3":0.4226540327,"4":0.4240971208,"5":0.4204204679,"6":0.417273283,"7":0.4428294003,"8":0.4393555522,"9":0.4558845162},"val_acc":{"0":0.8116883039,"1":0.8149350882,"2":0.82359308,"3":0.8246753216,"4":0.8246753216,"5":0.8170995712,"6":0.8127705455,"7":0.8149350882,"8":0.813852787,"9":0.8084415793},"val_auc":{"0":0.7738491893,"1":0.7863631248,"2":0.787971139,"3":0.7968757749,"4":0.7978696227,"5":0.7952983379,"6":0.7988635302,"7":0.7880491018,"8":0.7935038805,"9":0.7957325578}}