{"loss":{"0":0.5318563581,"1":0.4707020521,"2":0.455856353,"3":0.439360708,"4":0.4185660183,"5":0.4106020033,"6":0.3885363936},"acc":{"0":0.7600216866,"1":0.7911701202,"2":0.8030877709,"3":0.8060671687,"4":0.8196099401,"5":0.8242145181,"6":0.8347778916},"auc":{"0":0.6501901746,"1":0.7560091019,"2":0.7737383246,"3":0.7930668592,"4":0.8185901642,"5":0.8275859356,"6":0.8483493328},"val_loss":{"0":0.4630662203,"1":0.4637087882,"2":0.4843191504,"3":0.4473024607,"4":0.4546400011,"5":0.4474317431,"6":0.4500818551},"val_acc":{"0":0.7900432944,"1":0.7889610529,"2":0.8051947951,"3":0.7965368032,"4":0.8030303121,"5":0.7997835279,"6":0.8030303121},"val_auc":{"0":0.7568336725,"1":0.7608716488,"2":0.7654958367,"3":0.7738995552,"4":0.7731642723,"5":0.7774174213,"6":0.7725149989}}