,loss,acc,auc,val_loss,val_acc,val_auc
0,0.5245093107223511,0.7627302408218384,0.6638194918632507,0.5188651084899902,0.7456709742546082,0.7619151473045349
1,0.47628334164619446,0.7892740964889526,0.7512449026107788,0.4873221516609192,0.773809552192688,0.7814040184020996
2,0.45258763432502747,0.7952329516410828,0.7834641933441162,0.5026355981826782,0.7781385183334351,0.7816337943077087
3,0.44505950808525085,0.80037921667099,0.7919925451278687,0.482856810092926,0.7727272510528564,0.7767151594161987
4,0.4284323453903198,0.8133803009986877,0.8098102807998657,0.5123995542526245,0.7489177584648132,0.7647131681442261
5,0.41861170530319214,0.8150054216384888,0.8218648433685303,0.5255399346351624,0.7835497856140137,0.7815778255462646
6,0.3974761366844177,0.8252979516983032,0.8429214954376221,0.5083875060081482,0.790043294429779,0.7781376838684082
