{"loss":{"0":0.5166293979,"1":0.4765760005,"2":0.4607902467,"3":0.4511235356,"4":0.4411585629,"5":0.4255839884,"6":0.4201253057},"acc":{"0":0.7787107229,"1":0.794149518,"2":0.8030877709,"3":0.8109425902,"4":0.8090465665,"5":0.8171722889,"6":0.8290899396},"auc":{"0":0.6427623034,"1":0.7284554839,"2":0.7509551048,"3":0.7643341422,"4":0.7783036828,"5":0.7958174944,"6":0.7963491678},"val_loss":{"0":0.4568848312,"1":0.4631762803,"2":0.4791276157,"3":0.446500212,"4":0.456713289,"5":0.4549601078,"6":0.4542096257},"val_acc":{"0":0.7954545617,"1":0.7997835279,"2":0.7987012863,"3":0.8062770367,"4":0.7857142687,"5":0.8030303121,"6":0.7965368032},"val_auc":{"0":0.7751179338,"1":0.7903156281,"2":0.7796683908,"3":0.7900096178,"4":0.7883322835,"5":0.7977901697,"6":0.7863583565}}