,loss,acc,auc,val_loss,val_acc,val_auc
0,0.5166293978691101,0.7787107229232788,0.642762303352356,0.45688483119010925,0.7954545617103577,0.7751179337501526
1,0.4765760004520416,0.7941495180130005,0.7284554839134216,0.46317628026008606,0.7997835278511047,0.7903156280517578
2,0.4607902467250824,0.8030877709388733,0.7509551048278809,0.4791276156902313,0.798701286315918,0.779668390750885
3,0.45112353563308716,0.8109425902366638,0.7643341422080994,0.4465002119541168,0.8062770366668701,0.790009617805481
4,0.44115856289863586,0.8090465664863586,0.7783036828041077,0.4567132890224457,0.7857142686843872,0.7883322834968567
5,0.42558398842811584,0.8171722888946533,0.795817494392395,0.4549601078033447,0.8030303120613098,0.7977901697158813
6,0.4201253056526184,0.8290899395942688,0.7963491678237915,0.4542096257209778,0.7965368032455444,0.7863583564758301
