{"loss":{"0":0.5245093107,"1":0.4762833416,"2":0.4525876343,"3":0.4450595081,"4":0.4284323454,"5":0.4186117053,"6":0.3974761367},"acc":{"0":0.7627302408,"1":0.7892740965,"2":0.7952329516,"3":0.8003792167,"4":0.813380301,"5":0.8150054216,"6":0.8252979517},"auc":{"0":0.6638194919,"1":0.7512449026,"2":0.7834641933,"3":0.7919925451,"4":0.8098102808,"5":0.8218648434,"6":0.8429214954},"val_loss":{"0":0.5188651085,"1":0.4873221517,"2":0.5026355982,"3":0.4828568101,"4":0.5123995543,"5":0.5255399346,"6":0.508387506},"val_acc":{"0":0.7456709743,"1":0.7738095522,"2":0.7781385183,"3":0.7727272511,"4":0.7489177585,"5":0.7835497856,"6":0.7900432944},"val_auc":{"0":0.7619151473,"1":0.7814040184,"2":0.7816337943,"3":0.7767151594,"4":0.7647131681,"5":0.7815778255,"6":0.7781376839}}