{"loss":{"0":0.5159755349,"1":0.4724359512,"2":0.4516745508,"3":0.4426760972,"4":0.4294023514,"5":0.4169690907,"6":0.3977642059,"7":0.3851282299,"8":0.3719912469,"9":0.3589555323},"acc":{"0":0.7689599395,"1":0.7990249395,"2":0.8095883131,"3":0.8098591566,"4":0.8169013858,"5":0.8277356625,"6":0.8296316266,"7":0.8410075903,"8":0.8437161446,"9":0.8510292768},"auc":{"0":0.6778014302,"1":0.748054862,"2":0.7736334801,"3":0.7877393961,"4":0.8036437035,"5":0.8137258291,"6":0.8367465734,"7":0.8469927907,"8":0.8595604897,"9":0.8693978786},"val_loss":{"0":0.4496055245,"1":0.4349822104,"2":0.4438783526,"3":0.4391047359,"4":0.4337900579,"5":0.4252535999,"6":0.4232380092,"7":0.4258733094,"8":0.4481759071,"9":0.443405956},"val_acc":{"0":0.8095238209,"1":0.8257575631,"2":0.8084415793,"3":0.813852787,"4":0.821428597,"5":0.821428597,"6":0.8268398046,"7":0.8311688304,"8":0.8192640543,"9":0.82359308},"val_auc":{"0":0.7676089406,"1":0.7846450806,"2":0.7895842195,"3":0.7867580652,"4":0.7905944586,"5":0.7960321903,"6":0.7952728271,"7":0.7974981666,"8":0.7863288522,"9":0.800495863}}