{"loss":{"0":1.5076415539,"1":1.0397299528,"2":0.9331964254,"3":0.869998455,"4":0.8013957143,"5":0.7596831322,"6":0.7159619927,"7":0.6864298582,"8":0.6608974338,"9":0.6351670623,"10":0.6085381508,"11":0.6029510498,"12":0.572958231,"13":0.5600160956,"14":0.5432702899,"15":0.5376781821,"16":0.5198602676,"17":0.5017246008,"18":0.4951089323,"19":0.4762354493},"acc":{"0":0.5148795843,"1":0.5387324095,"2":0.527941823,"3":0.5377101302,"4":0.5623580217,"5":0.5770104527,"6":0.5995002389,"7":0.6194911599,"8":0.6323261857,"9":0.653339386,"10":0.6644706726,"11":0.6737846136,"12":0.6988868713,"13":0.7141072154,"14":0.7267151475,"15":0.7327350974,"16":0.7419354916,"17":0.7585188746,"18":0.7627214789,"19":0.7731713057},"auc":{"0":0.5199848413,"1":0.5474621654,"2":0.5436071157,"3":0.5599181056,"4":0.5907306671,"5":0.6148352623,"6":0.645524323,"7":0.6673824787,"8":0.6893324852,"9":0.7136033773,"10":0.7365413308,"11":0.7479979992,"12":0.7740404606,"13":0.7880675793,"14":0.8022169471,"15":0.8080891371,"16":0.8214788437,"17":0.8353610039,"18":0.8411730528,"19":0.8544710875},"val_loss":{"0":0.641672194,"1":0.6197285652,"2":0.6044659019,"3":0.5843574405,"4":0.5727701783,"5":0.5470393896,"6":0.5375943184,"7":0.5365486145,"8":0.5249056816,"9":0.5206551552,"10":0.5046098232,"11":0.5063031912,"12":0.5067328215,"13":0.4937698543,"14":0.4895519018,"15":0.4912329316,"16":0.4890022576,"17":0.4893459082,"18":0.4965761602,"19":0.5009038448},"val_acc":{"0":0.6171662211,"1":0.6766575575,"2":0.698001802,"3":0.7193460464,"4":0.7279745936,"5":0.737057209,"6":0.7375113368,"7":0.7356948256,"8":0.7465940118,"9":0.7366030812,"10":0.7574931979,"11":0.7511353493,"12":0.7338783145,"13":0.753860116,"14":0.7497729063,"15":0.7447775006,"16":0.7502270937,"17":0.7497729063,"18":0.7434150577,"19":0.7425068021},"val_auc":{"0":0.7235124707,"1":0.753614068,"2":0.7825366259,"3":0.7945857644,"4":0.8087464571,"5":0.8180086613,"6":0.8207538724,"7":0.8201770782,"8":0.8275526762,"9":0.8331545591,"10":0.8351930976,"11":0.8379325867,"12":0.8398889303,"13":0.8410379887,"14":0.8427047729,"15":0.844415307,"16":0.8442205787,"17":0.8430356383,"18":0.8444878459,"19":0.8454136848}}