{"loss":{"0":1.5124843121,"1":1.0362186432,"2":0.8907548785,"3":0.8454892635,"4":0.7760519385,"5":0.7339560986,"6":0.7027203441,"7":0.677431047,"8":0.6411927342,"9":0.6315788627,"10":0.6029260755,"11":0.5867176056,"12":0.5700081587,"13":0.5482317209,"14":0.5413184166,"15":0.5276532769,"16":0.5159677267,"17":0.5023043156,"18":0.4818733633},"acc":{"0":0.4984098077,"1":0.5153339505,"2":0.5298727751,"3":0.534643352,"4":0.5506587625,"5":0.5715583563,"6":0.5857564807,"7":0.6114266515,"8":0.6374375224,"9":0.6483416557,"10":0.6804861426,"11":0.6884370446,"12":0.7057019472,"13":0.7202407718,"14":0.7262607813,"15":0.746024549,"16":0.7495456338,"17":0.7595410943,"18":0.7701045275},"auc":{"0":0.4997637272,"1":0.516304791,"2":0.5453828573,"3":0.5459738374,"4":0.5741226673,"5":0.6032102704,"6":0.6236300468,"7":0.6501535177,"8":0.6913105249,"9":0.7100684047,"10":0.741009891,"11":0.7570809126,"12":0.7738794088,"13":0.7932265997,"14":0.8000508547,"15":0.8149003983,"16":0.8223156929,"17":0.8308975697,"18":0.8456827402},"val_loss":{"0":0.6716458201,"1":0.6629339457,"2":0.6486362219,"3":0.6330065727,"4":0.6176054478,"5":0.6111592054,"6":0.5974506736,"7":0.5806905627,"8":0.5527566671,"9":0.5454053283,"10":0.5307938457,"11":0.5211232901,"12":0.5138064623,"13":0.5147666335,"14":0.5095089078,"15":0.5054967403,"16":0.5064891577,"17":0.5067905188,"18":0.5085255504},"val_acc":{"0":0.5731153488,"1":0.6348773837,"2":0.623069942,"3":0.6639418602,"4":0.7093551159,"5":0.686648488,"6":0.7334241867,"7":0.7329699993,"8":0.7420526743,"9":0.7520436049,"10":0.7534059882,"11":0.7452316284,"12":0.753860116,"13":0.7556766868,"14":0.7547683716,"15":0.7515894771,"16":0.7524977326,"17":0.7506812215,"18":0.7529518604},"val_auc":{"0":0.6668450236,"1":0.6932286024,"2":0.7440869808,"3":0.7648439407,"4":0.7736325264,"5":0.7936902046,"6":0.8016624451,"7":0.8096128106,"8":0.814953208,"9":0.82199651,"10":0.8239022493,"11":0.8276388645,"12":0.8289717436,"13":0.8305779696,"14":0.8334581852,"15":0.8329825401,"16":0.8310022354,"17":0.831985116,"18":0.8304290771}}