{"loss":{"0":1.3748464584,"1":1.0034614801,"2":0.8880220056,"3":0.8178826571,"4":0.7627354264,"5":0.7295295596,"6":0.686244905,"7":0.6710290909,"8":0.637472868,"9":0.6081603169,"10":0.5890490413,"11":0.5648281574,"12":0.5513421297,"13":0.5350096226,"14":0.5226762891,"15":0.5111263394,"16":0.4956019819,"17":0.4874534905,"18":0.4716572762,"19":0.4567786753},"acc":{"0":0.5005679131,"1":0.5090867877,"2":0.5118128061,"3":0.5321444869,"4":0.5547478199,"5":0.567923665,"6":0.5905270576,"7":0.6082462668,"8":0.6385733485,"9":0.6676510572,"10":0.687414825,"11":0.7080872059,"12":0.7187641859,"13":0.735915482,"14":0.7443207502,"15":0.7551113367,"16":0.7690822482,"17":0.7761244774,"18":0.7827124,"19":0.7912312746},"auc":{"0":0.5026528239,"1":0.5130414963,"2":0.5188171864,"3":0.5454802513,"4":0.5790532827,"5":0.5957945585,"6":0.6353230476,"7":0.6551086903,"8":0.6972265244,"9":0.731340766,"10":0.75555408,"11":0.7776004076,"12":0.7903282642,"13":0.8044202924,"14":0.8167471886,"15":0.8269386292,"16":0.8401709199,"17":0.8449817896,"18":0.8547913432,"19":0.8645867109},"val_loss":{"0":0.6771913767,"1":0.6958321929,"2":0.6777662635,"3":0.6500962973,"4":0.6425895095,"5":0.6265782118,"6":0.6071892381,"7":0.5839961171,"8":0.5681464672,"9":0.5501657724,"10":0.5333049297,"11":0.5234852433,"12":0.5185003877,"13":0.513489902,"14":0.5176767111,"15":0.5119556785,"16":0.5062252879,"17":0.5098510385,"18":0.5121471882,"19":0.51670295},"val_acc":{"0":0.5554041862,"1":0.4918256104,"2":0.5454132557,"3":0.6280654073,"4":0.6439600587,"5":0.6693914533,"6":0.6839237213,"7":0.6998183727,"8":0.7075386047,"9":0.7175295353,"10":0.7325158715,"11":0.7375113368,"12":0.7420526743,"13":0.7456857562,"14":0.7375113368,"15":0.7425068021,"16":0.7447775006,"17":0.7465940118,"18":0.7493187785,"19":0.7475022674},"val_auc":{"0":0.7100926638,"1":0.7102571726,"2":0.7105611563,"3":0.7130442858,"4":0.7212527394,"5":0.7437314987,"6":0.7589641809,"7":0.7747952938,"8":0.7885087729,"9":0.8001822233,"10":0.8071835041,"11":0.8119978905,"12":0.8180793524,"13":0.8208122253,"14":0.8235998154,"15":0.8251553774,"16":0.8261818886,"17":0.825922668,"18":0.8276474476,"19":0.8284352422}}