{"loss":{"0":1.5456104279,"1":1.0760028362,"2":0.9484182,"3":0.8880985975,"4":0.8343940973,"5":0.7793245912,"6":0.7344424129,"7":0.7120500207,"8":0.6685815454,"9":0.6399354935,"10":0.6086958647,"11":0.5962381363,"12":0.5690056086,"13":0.5563019514,"14":0.5448979735,"15":0.5246860385,"16":0.5293499827,"17":0.5108824372,"18":0.4959740639,"19":0.4823427796,"20":0.4689926505,"21":0.4527722895},"acc":{"0":0.4959109426,"1":0.5024988651,"2":0.5059064031,"3":0.5126079321,"4":0.5215811133,"5":0.5356656313,"6":0.5584961176,"7":0.5681508183,"8":0.6065424681,"9":0.6342571378,"10":0.6653793454,"11":0.6778736711,"12":0.7030894756,"13":0.7143343687,"14":0.7309177518,"15":0.740686059,"16":0.7390958667,"17":0.7614720464,"18":0.764652431,"19":0.7727169394,"20":0.780667901,"21":0.7975919843},"auc":{"0":0.4956459701,"1":0.5020984411,"2":0.5075663924,"3":0.5169438124,"4":0.5273160338,"5":0.5451058745,"6":0.5786417723,"7":0.5992292166,"8":0.6541564465,"9":0.6902171969,"10":0.7282279134,"11":0.746438086,"12":0.774102807,"13":0.7906607985,"14":0.802423358,"15":0.8175925016,"16":0.813244462,"17":0.8326746225,"18":0.8409831524,"19":0.8499912024,"20":0.8587853312,"21":0.8693486452},"val_loss":{"0":0.6913689375,"1":0.6872451305,"2":0.6831177473,"3":0.6795495152,"4":0.6668453813,"5":0.6568652391,"6":0.6393661499,"7":0.6193497777,"8":0.5946125388,"9":0.5646585226,"10":0.5409243107,"11":0.5271973014,"12":0.5173200369,"13":0.5080530643,"14":0.5096262693,"15":0.5019465685,"16":0.4999565482,"17":0.49626261,"18":0.4941242635,"19":0.4952031672,"20":0.4960965216,"21":0.4991594851},"val_acc":{"0":0.5267938375,"1":0.5190735459,"2":0.5254314542,"3":0.5454132557,"4":0.5753859878,"5":0.6762034297,"6":0.6952770352,"7":0.7020890117,"8":0.7111716866,"9":0.7193460464,"10":0.7302452326,"11":0.7452316284,"12":0.7547683716,"13":0.7529518604,"14":0.7556766868,"15":0.7615804076,"16":0.7588555813,"17":0.7615804076,"18":0.7661216855,"19":0.7647593021,"20":0.7643051744,"21":0.7620345354},"val_auc":{"0":0.5390096307,"1":0.6058349609,"2":0.6469305754,"3":0.6713601947,"4":0.719204545,"5":0.750036478,"6":0.7589521408,"7":0.7729583383,"8":0.7917219996,"9":0.8020830154,"10":0.8137530088,"11":0.8207318783,"12":0.824349463,"13":0.8289971352,"14":0.8298356533,"15":0.8325421214,"16":0.8326980472,"17":0.8338025808,"18":0.8343611956,"19":0.8342773318,"20":0.8344815373,"21":0.833443284}}