{"loss":{"0":1.5336420536,"1":1.0929726362,"2":0.9237620831,"3":0.8667132258,"4":0.8000189066,"5":0.7416796088,"6":0.6983163953,"7":0.6814404726,"8":0.6442606449,"9":0.6273269057,"10":0.5996854305,"11":0.5896859765,"12":0.5694072247,"13":0.5606281161,"14":0.5452040434,"15":0.5262629986,"16":0.5158170462,"17":0.5075759292,"18":0.4913739264,"19":0.4777790308,"20":0.4717700779,"21":0.4512845278},"acc":{"0":0.5134029984,"1":0.5170376897,"2":0.5330531597,"3":0.5381644964,"4":0.5496365428,"5":0.5684915781,"6":0.5916628838,"7":0.5991594791,"8":0.6274420619,"9":0.6494774818,"10":0.6763970852,"11":0.6824170947,"12":0.7043389082,"13":0.7078600526,"14":0.7241026759,"15":0.7422762513,"16":0.75,"17":0.753975451,"18":0.7697637677,"19":0.7774875164,"20":0.7827124,"21":0.789413929},"auc":{"0":0.5187411308,"1":0.5281168222,"2":0.5495675802,"3":0.5506920815,"4":0.5750994682,"5":0.6044476628,"6":0.6358987093,"7":0.6472703218,"8":0.6873457432,"9":0.7108392715,"10":0.742262125,"11":0.7549958229,"12":0.774876833,"13":0.7841421366,"14":0.7986346483,"15":0.817081511,"16":0.8262132406,"17":0.8314791322,"18":0.8433715105,"19":0.8543038368,"20":0.8596442938,"21":0.8705339432},"val_loss":{"0":0.6318935156,"1":0.6367259622,"2":0.6301894784,"3":0.6195873618,"4":0.6010679603,"5":0.5961177945,"6":0.5823739171,"7":0.5571500063,"8":0.5551717877,"9":0.5342062712,"10":0.520826757,"11":0.5227107406,"12":0.5098682642,"13":0.5090382695,"14":0.5044829845,"15":0.5011972785,"16":0.497913152,"17":0.494664669,"18":0.4932948947,"19":0.498652637,"20":0.4953801632,"21":0.4974034727},"val_acc":{"0":0.6371480227,"1":0.662125349,"2":0.6948229074,"3":0.7066303492,"4":0.7211625576,"5":0.7134423256,"6":0.7247956395,"7":0.7352406979,"8":0.7361489534,"9":0.7465940118,"10":0.7465940118,"11":0.7402361631,"12":0.7465940118,"13":0.7443233132,"14":0.7447775006,"15":0.7434150577,"16":0.7484105229,"17":0.7488646507,"18":0.7452316284,"19":0.7465940118,"20":0.7475022674,"21":0.7475022674},"val_auc":{"0":0.7140440941,"1":0.7552551031,"2":0.7758800387,"3":0.7947132587,"4":0.7963729501,"5":0.8017902374,"6":0.8130185008,"7":0.8188815117,"8":0.8221803904,"9":0.8265122175,"10":0.8303843737,"11":0.830000639,"12":0.8326211572,"13":0.8336045742,"14":0.8346178532,"15":0.8352398872,"16":0.8355897665,"17":0.8364845514,"18":0.837536931,"19":0.8383864164,"20":0.8362109661,"21":0.8368586898}}